liwc_posemo,liwc_negemo,liwc_anxiety,liwc_anger,liwc_sadness,liwc_cogproc,liwc_tentativeness,liwc_self_focus,liwc_social,liwc_work,liwc_time_pressure,liwc_somatic,liwc_coping
0.0,0.85,0.85,0.0,0.0,16.24,4.27,9.4,0.85,6.84,6.84,0.0,2.1375
0.0,2.67,0.53,0.0,0.0,13.9,3.74,10.7,3.74,1.6,12.3,0.0,0.5349999999999999
1.36,3.4,0.68,0.0,0.0,13.61,2.72,12.24,2.04,3.4,9.52,2.38,1.02
2.11,3.52,2.82,0.0,0.0,13.38,1.41,13.38,2.82,1.41,7.75,0.0,0.5300000000000001
0.0,2.22,1.11,0.0,0.0,7.78,1.67,12.22,2.22,2.22,8.89,3.055,1.1099999999999999
0.0,0.61,0.61,0.0,0.0,7.27,0.61,11.52,3.03,4.24,12.73,0.605,1.06
0.0,2.74,0.91,0.0,0.0,14.16,2.74,16.44,2.28,5.02,7.76,0.915,1.7125
1.84,0.92,0.46,0.0,0.0,16.59,2.76,10.14,2.3,3.69,7.37,0.46,0.9225000000000001
0.83,1.67,0.83,0.0,0.0,17.92,5.0,12.08,2.5,3.33,8.75,0.0,1.3525
0.0,3.77,1.89,0.0,0.0,7.55,1.89,9.43,1.89,3.77,11.32,0.0,1.415
0.38,0.75,0.38,0.0,0.0,12.78,3.01,10.15,2.63,2.63,7.89,0.565,1.3175
1.39,1.85,0.0,0.0,0.0,11.57,1.39,11.11,0.46,1.85,8.33,2.315,0.8099999999999999
0.0,2.17,0.43,0.0,0.0,10.43,0.87,13.48,0.0,0.0,13.04,1.085,0.6525
0.65,1.94,0.65,0.0,0.32,15.21,2.27,11.97,1.62,2.59,10.36,0.485,1.05
0.0,6.06,3.03,0.0,0.0,19.7,4.55,12.12,3.03,0.0,6.06,0.0,0.0
0.36,0.36,0.0,0.0,0.0,17.03,0.72,13.77,2.9,0.72,4.35,0.36,0.4525
1.48,1.97,0.49,0.99,0.0,11.33,1.97,10.34,6.4,2.46,8.37,0.0,0.985
0.57,2.3,0.0,0.57,0.0,16.67,4.6,13.79,1.72,2.87,6.32,1.72,0.4325
5.08,0.56,0.0,0.56,0.0,3.95,0.0,12.99,8.47,0.0,8.47,0.0,1.27
0.0,0.0,0.0,0.0,0.0,15.38,0.0,19.23,3.85,0.0,3.85,5.77,0.0
1.65,0.55,0.0,0.0,0.55,11.54,0.0,14.84,2.75,2.2,9.89,0.275,0.55
0.0,0.0,0.0,0.0,0.0,2.5,2.5,7.5,10.0,5.0,5.0,0.0,1.875
0.93,9.35,0.0,0.0,0.0,11.21,1.4,21.03,0.47,0.93,7.94,9.115,0.4675
0.0,0.0,0.0,0.0,0.0,25.0,0.0,4.55,0.0,0.0,20.45,0.0,0.0
2.47,0.0,0.0,0.0,0.0,13.58,0.0,16.05,1.23,0.0,9.88,0.0,0.3075
0.0,2.06,1.03,0.0,0.0,14.43,2.06,10.31,6.19,0.0,9.28,0.0,0.2575
1.21,0.0,0.0,0.0,0.0,12.12,2.42,12.12,0.61,4.24,11.52,0.305,1.2125
1.22,1.83,1.22,0.0,0.0,10.98,0.61,9.76,0.61,3.66,13.41,0.61,1.3725
3.72,2.79,1.4,0.93,0.0,14.42,3.26,14.42,3.26,3.26,10.23,0.465,1.28
2.66,2.13,1.6,0.53,0.0,21.28,2.13,11.17,0.53,5.32,10.64,1.065,1.3299999999999998
0.73,2.92,2.92,0.0,0.0,13.14,4.38,7.3,2.92,5.84,10.22,0.0,1.8250000000000002
5.44,3.4,2.72,0.0,0.0,6.12,0.0,8.84,0.0,0.0,9.52,1.36,0.17
3.2,3.2,2.74,0.0,0.46,13.24,2.74,9.13,5.48,1.83,15.07,0.0,0.685
1.31,3.93,2.62,0.87,0.0,9.61,3.06,10.92,3.49,3.06,10.92,0.875,0.9825
0.89,6.22,2.22,3.56,0.0,9.33,2.22,8.44,4.0,4.44,9.78,0.44,0.3325
0.0,3.33,2.38,0.0,0.0,11.43,2.38,6.19,5.24,3.81,10.48,0.0,0.7125
0.33,2.98,2.32,0.66,0.0,8.61,2.32,2.98,3.31,1.66,12.91,0.0,0.49749999999999994
0.38,2.26,2.26,0.0,0.0,10.94,2.64,4.15,0.0,1.89,13.21,0.0,0.3775
7.51,2.82,2.82,0.0,0.0,9.39,1.88,8.92,0.0,0.0,4.69,0.0,0.235
5.7,2.19,2.19,0.0,0.0,10.96,2.63,8.77,1.32,0.44,8.33,0.0,0.22
0.9,2.26,1.81,0.0,0.0,8.6,0.45,6.33,0.45,3.62,8.14,0.45,0.905
1.83,4.59,3.67,0.92,0.0,17.43,1.83,9.17,0.92,2.75,9.17,0.915,0.9175
0.0,2.94,1.18,0.59,0.0,21.76,3.53,9.41,0.59,1.76,7.65,0.59,0.5875
2.99,2.24,1.49,0.75,0.0,19.4,3.73,8.96,0.75,2.24,16.42,0.0,1.1175
3.75,3.13,1.88,0.0,0.0,17.5,3.75,10.63,0.0,1.88,16.88,0.63,0.3125
1.41,1.41,0.7,0.7,0.0,20.42,2.82,11.97,0.0,4.93,4.93,0.705,1.2325
0.0,3.8,1.9,1.27,0.63,8.86,0.0,10.13,1.9,6.33,16.46,0.0,0.9474999999999999
0.0,2.48,0.5,0.0,0.0,13.37,1.98,9.9,2.97,4.95,11.39,0.99,0.865
1.2,2.41,1.81,0.0,0.0,13.25,1.81,10.24,0.0,3.61,10.84,0.6,1.8075
0.52,2.62,0.52,0.0,0.0,16.23,2.09,7.33,0.0,3.66,15.18,2.09,0.915
0.0,0.0,0.0,0.0,0.0,10.43,1.74,10.43,0.0,1.74,14.78,0.87,1.0875
0.0,2.08,0.0,0.0,0.0,16.67,5.21,13.54,0.0,4.17,7.29,0.0,2.6050000000000004
1.46,2.19,1.46,0.73,0.0,17.52,0.73,9.49,0.73,3.65,6.57,1.095,1.46
0.0,4.17,0.69,2.08,0.0,13.19,0.69,11.11,3.47,1.39,11.11,0.0,0.17249999999999988
0.0,1.59,0.53,0.0,0.0,16.4,1.06,13.76,0.53,4.76,6.35,0.795,1.9849999999999999
0.0,4.04,4.04,0.0,0.0,13.13,3.03,5.05,6.06,9.09,7.07,0.0,0.7575
3.36,0.0,0.0,0.0,0.0,8.4,3.36,7.56,6.3,6.72,7.56,0.0,1.575
1.64,3.28,2.19,0.0,0.0,7.1,1.64,7.65,10.38,8.2,6.01,0.0,2.46
0.88,0.88,0.0,0.0,0.44,14.1,4.41,3.96,5.73,4.85,10.13,0.0,1.54
1.3,0.43,0.0,0.0,0.0,8.23,0.87,8.23,7.36,3.03,12.12,0.65,1.9475000000000002
1.14,2.84,2.84,0.0,0.0,9.09,3.41,7.95,1.14,1.7,9.09,0.855,0.7100000000000001
0.0,0.0,0.0,0.0,0.0,12.56,0.0,8.04,5.03,2.51,13.07,0.0,0.8800000000000001
0.0,0.0,0.0,0.0,0.0,15.79,2.11,4.21,9.47,7.37,7.89,0.0,2.3674999999999997
0.0,0.94,0.0,0.47,0.0,16.51,2.83,6.6,6.13,4.72,5.19,0.0,1.18
0.0,1.16,0.58,0.0,0.0,9.88,1.74,8.72,7.56,5.23,6.4,0.58,1.8925
2.42,0.0,0.0,0.0,0.0,10.14,3.86,5.8,3.38,6.28,7.73,0.0,1.9324999999999999
1.04,0.0,0.0,0.0,0.0,18.75,3.65,9.38,4.69,3.13,8.33,0.0,2.2125
1.13,1.69,1.69,0.0,0.0,10.17,2.82,11.86,3.95,2.82,9.04,1.13,1.27
1.11,0.0,0.0,0.0,0.0,12.78,2.78,5.56,7.22,6.67,5.56,0.28,1.5275
0.0,1.52,0.0,0.0,0.0,24.24,12.12,6.06,3.03,7.58,6.06,0.0,0.7575
0.93,6.54,4.67,0.0,0.0,13.08,3.74,2.8,0.0,5.61,10.28,0.0,0.935
0.0,1.54,0.0,0.77,0.0,9.23,0.0,8.46,0.77,3.85,14.62,0.0,0.5775
0.0,0.77,0.77,0.0,0.0,15.38,2.31,10.0,9.23,3.08,7.69,0.0,0.385
0.0,2.68,0.0,1.34,0.0,10.07,0.0,8.05,1.34,0.67,8.05,0.0,-0.1675
0.57,2.29,0.57,0.0,1.14,13.71,0.57,9.14,0.57,1.14,10.86,0.285,0.715
0.52,3.13,2.08,0.52,0.52,10.94,2.08,5.73,0.0,2.6,17.19,0.0,0.65
0.68,3.42,3.42,0.0,0.0,13.7,2.05,7.53,0.0,2.74,8.22,0.0,0.685
0.0,3.23,0.81,0.81,0.0,15.32,4.03,4.03,4.03,0.81,7.26,1.21,-0.2025
0.65,1.96,1.31,0.0,0.0,11.11,2.61,4.58,1.31,3.27,7.84,0.655,0.98
1.01,2.53,2.02,0.0,0.0,16.16,3.03,7.58,4.55,3.54,9.6,0.0,1.2650000000000001
0.0,2.65,0.0,0.0,0.0,14.16,0.88,11.5,0.0,0.0,5.31,0.44,0.0
0.53,2.14,0.0,0.0,0.0,9.09,1.6,14.44,0.53,1.6,9.09,0.535,0.535
1.06,2.12,0.53,0.0,1.06,18.52,5.29,10.05,0.0,2.12,8.99,1.325,0.7925
0.0,5.0,5.0,0.0,0.0,20.0,1.67,6.11,3.89,7.78,8.89,0.0,0.555
0.57,4.0,2.86,0.0,0.0,20.0,4.0,10.86,0.57,7.43,10.29,0.0,1.1425
1.05,3.15,2.1,0.0,1.05,18.53,2.1,12.94,1.75,5.94,6.64,0.175,1.3125
0.47,2.79,1.4,0.0,0.0,16.28,1.86,9.3,0.0,4.65,8.37,0.47,0.465
0.72,3.99,3.62,0.0,0.0,11.59,2.17,6.16,1.81,3.26,9.78,0.36,0.995
0.65,2.58,2.58,0.0,0.0,12.9,1.94,9.68,1.29,3.23,15.48,0.0,0.645
0.96,3.35,2.87,0.0,0.0,17.7,1.44,11.48,3.83,8.13,10.05,0.0,1.6775
1.94,1.94,0.65,0.0,0.0,12.26,1.29,11.61,0.0,7.1,12.9,0.645,1.29
1.09,3.28,2.92,0.0,0.0,19.71,2.92,8.76,2.19,2.92,13.14,0.0,0.5475
1.28,3.42,2.56,0.0,0.85,18.38,2.14,11.97,0.43,3.42,14.1,0.425,0.7475
0.52,3.13,2.08,0.0,0.0,18.75,3.65,9.38,0.52,4.69,10.42,1.04,0.9125
1.67,5.0,5.0,0.0,0.0,15.0,1.67,10.83,0.83,0.83,12.5,0.415,0.2075
0.7,1.76,1.76,0.0,0.0,13.73,1.76,9.15,1.76,4.93,17.96,0.0,1.145
1.55,1.55,1.16,0.0,0.0,13.57,2.33,11.63,0.0,3.49,12.79,0.0,1.26
0.0,3.33,3.33,0.0,0.0,6.67,6.67,10.0,0.0,10.0,6.67,0.0,3.3325
0.0,5.88,3.92,0.0,0.0,9.8,0.0,5.88,0.0,11.76,5.88,1.96,1.47
0.0,4.21,4.21,0.0,0.0,1.05,0.0,5.26,0.0,4.21,13.68,0.525,1.0525
1.2,3.01,0.6,0.0,0.0,13.86,2.41,9.04,0.0,3.61,16.27,2.41,1.355
0.0,3.74,2.14,0.53,0.0,12.3,1.6,7.49,4.81,6.42,10.16,1.335,1.74
0.0,5.5,4.59,0.0,0.0,11.93,1.83,12.84,4.59,6.42,8.26,1.375,2.2925
0.0,9.92,6.61,0.0,0.0,6.61,0.83,11.57,1.65,2.48,11.57,3.31,0.62
0.8,5.6,2.4,0.0,0.0,7.2,1.6,8.0,0.0,4.0,10.4,2.8,0.8
0.0,6.54,3.27,0.0,0.0,8.5,1.31,9.15,0.65,3.92,12.42,3.27,0.8175
0.86,5.17,3.45,0.0,0.0,12.07,3.45,9.48,2.59,3.45,12.93,1.72,1.0775000000000001
0.0,4.38,1.46,1.46,0.0,10.95,2.92,7.3,2.92,1.46,13.14,1.46,0.73
0.81,0.81,0.81,0.0,0.0,10.57,0.0,11.38,0.81,0.0,15.45,0.0,0.2025
0.0,3.7,3.09,0.0,0.0,9.88,1.85,8.64,2.47,1.23,11.73,0.62,1.0775000000000001
0.0,6.37,4.46,0.64,0.0,8.92,3.18,7.01,0.64,2.55,15.29,1.27,0.635
0.0,1.82,0.0,0.0,0.0,20.0,0.0,5.45,9.09,9.09,7.27,1.82,1.8175
0.67,2.0,0.67,0.67,0.0,12.0,5.33,5.33,4.0,4.67,17.33,0.0,0.8325
1.45,0.0,0.0,0.0,0.0,10.14,3.62,5.07,8.7,5.8,13.77,0.0,0.725
2.53,0.63,0.0,0.0,0.0,8.86,0.63,9.49,6.96,2.53,12.03,0.0,1.425
0.99,0.99,0.99,0.0,0.0,11.88,3.96,9.9,0.0,0.0,11.88,0.0,0.2475
0.0,1.33,1.33,0.0,0.0,10.67,4.0,8.0,2.67,2.67,18.67,0.665,1.0
2.44,0.0,0.0,0.0,0.0,11.38,4.07,4.07,1.63,1.63,15.45,0.0,0.8125
0.0,0.55,0.55,0.0,0.0,10.99,1.1,9.34,4.95,4.95,14.84,0.0,1.6500000000000001
0.0,2.78,2.78,0.0,0.0,12.04,0.0,9.26,1.85,4.63,12.04,0.0,1.39
2.42,1.21,0.61,0.0,0.0,18.79,4.85,13.94,1.82,2.42,12.73,0.61,1.5174999999999998
1.13,1.13,1.13,0.0,0.0,17.51,5.08,11.86,2.82,1.13,7.91,0.0,0.845
0.0,0.0,0.0,0.0,0.0,7.69,1.1,13.19,5.49,2.2,16.48,0.0,0.8250000000000001
0.69,0.0,0.0,0.0,0.0,11.03,2.07,5.52,0.69,4.83,15.86,0.0,1.2075
2.82,4.23,4.23,0.0,0.0,11.27,1.41,8.45,0.0,1.41,15.49,0.0,0.705
0.7,3.5,3.5,0.0,0.0,6.29,0.7,5.59,0.7,3.5,11.89,0.0,0.875
2.67,4.0,3.33,0.0,0.0,8.0,2.0,6.0,1.33,4.67,11.33,1.0,0.8325
1.37,2.05,2.05,0.0,0.0,13.01,0.68,4.79,0.68,3.42,15.07,0.0,1.7125
7.41,1.85,1.85,0.0,0.0,9.26,0.0,7.41,0.0,0.0,16.67,0.0,0.4625
0.0,3.68,3.07,0.0,0.0,8.59,0.61,5.52,0.0,2.45,13.5,0.61,1.0725
0.79,3.94,2.36,0.0,0.0,10.24,0.0,5.51,0.0,3.15,11.81,1.57,0.985
1.23,3.09,1.85,0.62,0.62,11.11,2.47,5.56,1.85,3.7,14.2,0.31,0.925
1.3,3.9,1.95,0.65,0.0,8.44,0.0,6.49,0.65,1.95,14.94,0.0,0.8125
0.61,2.44,2.44,0.0,0.0,12.2,1.83,6.71,0.0,2.44,17.07,0.0,1.22
1.2,1.8,1.8,0.0,0.0,10.78,2.4,5.99,0.0,4.19,12.57,0.0,1.6475
2.15,3.23,2.15,0.0,0.0,11.83,2.15,6.45,2.15,0.0,18.28,1.08,1.345
0.98,3.92,1.96,0.0,0.0,6.86,1.96,6.86,0.0,2.94,13.73,1.47,1.47
1.2,1.2,1.2,0.0,0.0,12.57,1.8,6.59,0.0,2.4,17.37,0.0,0.8975
0.0,3.85,3.85,0.0,0.0,6.41,2.56,2.56,7.69,8.97,11.54,0.0,1.2825
1.28,2.13,1.7,0.0,0.0,11.49,1.7,7.23,6.38,7.23,8.94,0.0,1.065
0.46,3.69,2.3,0.0,0.0,12.9,4.15,8.29,3.69,3.23,6.45,0.0,0.11499999999999996
1.59,2.65,0.53,1.06,0.0,14.81,1.59,10.58,6.35,4.76,8.99,1.5899999999999999,1.3225
0.88,2.2,1.32,0.0,0.88,15.86,2.64,7.49,2.2,3.08,8.81,0.0,0.55
5.59,1.24,1.24,0.0,0.0,8.07,0.62,11.18,2.48,0.0,9.32,0.93,0.775
5.56,0.0,0.0,0.0,0.0,6.35,0.79,9.52,1.59,4.76,16.67,0.0,1.19
1.5,3.5,3.0,0.0,0.0,12.0,3.5,6.5,1.5,5.5,10.0,0.0,0.5
0.63,2.51,0.94,0.63,0.31,12.23,1.57,8.78,4.7,3.13,6.27,0.0,0.23499999999999993
0.57,2.86,1.14,0.0,0.57,13.71,0.57,8.57,1.14,3.43,6.86,1.43,1.285
1.32,2.2,1.76,0.0,0.0,12.33,3.08,4.41,3.08,3.08,17.18,0.44,0.55
6.2,2.33,1.55,0.78,0.0,9.3,0.0,13.18,2.33,0.0,10.08,0.39,0.3875
5.38,2.15,1.61,0.0,0.0,11.29,2.15,6.99,0.54,1.61,11.29,0.54,0.5375
1.3,2.61,2.17,0.0,0.0,17.39,1.74,6.52,7.39,2.61,6.09,0.0,0.9774999999999998
0.6,2.4,2.4,0.0,0.0,17.37,2.99,7.19,0.6,3.59,12.57,0.3,1.0475
1.77,2.83,1.77,0.0,0.35,13.78,3.18,9.19,3.89,3.18,6.36,0.885,0.4425
2.53,2.53,0.63,0.0,0.0,12.03,3.16,7.59,2.22,2.22,15.51,1.27,0.87
2.06,1.03,0.34,0.0,0.0,15.81,6.19,7.9,3.44,4.81,12.71,0.345,0.9425
1.64,1.64,1.64,0.0,0.0,14.75,3.28,6.56,0.0,1.64,13.11,0.0,0.41
2.35,0.88,0.29,0.29,0.29,14.71,4.12,7.94,2.94,0.88,17.94,0.0,0.735
2.0,3.6,0.8,1.6,0.0,12.4,3.6,7.2,2.8,2.0,16.0,0.4,0.09999999999999998
3.03,1.82,1.21,0.0,0.0,9.7,3.64,9.09,1.21,1.82,12.73,0.61,0.91
0.0,1.43,0.0,0.0,0.0,12.86,3.33,4.76,4.29,4.29,11.43,1.43,1.19
2.22,1.58,0.63,0.32,0.0,13.61,4.11,7.91,5.06,2.22,11.71,0.315,0.315
1.51,1.89,0.38,0.38,0.0,13.96,1.89,6.04,3.02,3.77,13.21,0.565,0.9425000000000001
0.9,0.3,0.0,0.3,0.0,16.77,1.5,4.49,8.98,5.39,6.59,0.15,0.675
0.75,1.0,0.5,0.25,0.0,14.04,2.01,7.77,2.76,2.51,13.03,0.375,0.5025
2.46,0.55,0.55,0.0,0.0,13.39,3.01,5.19,7.1,3.55,8.2,0.0,1.5724999999999998
0.0,2.96,2.96,0.0,0.0,9.63,1.48,7.41,1.48,6.67,11.85,0.0,1.6675
1.0,0.5,0.5,0.0,0.0,15.5,1.5,7.5,1.0,5.0,8.0,0.0,0.5
0.0,1.6,1.6,0.0,0.0,14.89,2.13,10.11,0.0,5.32,11.7,0.0,1.065
1.18,1.78,0.59,0.0,0.0,13.02,1.18,9.47,1.78,7.69,8.28,0.59,1.9224999999999999
1.07,1.07,1.07,0.0,0.0,11.76,2.67,11.76,0.53,5.35,8.02,0.0,1.47
0.93,2.33,2.33,0.0,0.0,12.56,1.86,7.91,2.33,5.58,9.3,0.235,1.0474999999999999
0.34,2.02,1.35,0.0,0.0,14.14,2.36,5.05,2.69,5.05,10.77,0.34,0.925
0.0,1.45,1.45,0.0,0.0,12.32,1.45,4.35,2.17,4.35,7.97,0.0,1.2675
0.93,0.46,0.46,0.0,0.0,14.81,2.78,4.63,0.0,3.7,14.81,0.0,0.81
0.74,1.12,1.12,0.0,0.0,14.5,1.49,5.2,0.74,4.09,14.5,0.0,1.0225
0.36,1.81,1.81,0.0,0.0,13.77,1.81,9.06,3.62,1.09,10.51,0.0,0.6325000000000001
2.0,2.0,2.0,0.0,0.0,12.67,2.67,10.0,1.33,5.33,11.33,0.0,1.6675
1.45,2.42,1.93,0.0,0.0,11.59,2.9,8.7,0.0,1.93,10.63,0.24,0.4825
0.0,1.55,1.04,0.0,0.0,11.92,1.55,4.66,0.52,2.59,16.06,0.0,0.7775
0.0,1.77,0.88,0.88,0.0,16.81,2.65,11.5,1.77,3.54,11.5,0.0,1.55
1.0,3.48,1.99,0.0,0.0,12.94,1.99,8.96,0.0,2.49,10.45,0.995,0.6225
1.51,2.51,1.51,0.0,0.0,15.08,3.02,12.56,0.0,3.52,8.54,1.255,0.88
2.17,3.8,2.72,0.0,0.0,13.04,2.72,11.41,0.0,2.72,11.41,0.8150000000000001,0.815
2.09,4.19,2.09,0.0,0.0,15.18,1.05,8.9,0.0,1.57,12.04,1.305,0.5225
0.78,2.34,1.56,0.0,0.0,17.97,0.78,12.5,0.0,3.91,10.94,0.78,1.1725
0.0,4.03,4.03,0.0,0.0,12.75,0.67,9.4,0.0,6.04,10.74,0.67,1.6775
0.79,2.38,2.38,0.0,0.0,11.9,1.59,10.32,1.59,4.76,9.52,0.395,0.9925
2.45,2.45,1.47,0.0,0.0,10.78,1.96,9.31,1.47,3.92,7.35,0.735,0.8575
2.92,1.17,0.58,0.58,0.0,16.37,2.92,8.19,1.75,4.09,15.2,0.29,0.1475
4.95,3.47,2.48,0.0,0.0,17.33,3.47,6.44,0.5,3.47,14.36,0.5,0.62
2.03,2.54,1.02,0.51,0.0,15.23,2.03,13.2,0.51,1.02,14.72,1.27,0.37999999999999995
6.22,0.52,0.0,0.52,0.0,11.92,2.59,11.4,3.11,1.55,13.99,0.26,0.6475
3.85,2.31,2.31,0.0,0.0,20.77,3.08,8.46,0.0,5.38,12.31,0.0,1.5375
0.0,4.44,4.44,0.0,0.0,15.56,1.11,5.56,3.33,3.33,7.78,0.0,0.2775
0.84,2.11,1.69,0.0,0.0,18.99,2.53,9.28,4.22,0.84,10.97,0.63,0.845
1.69,3.8,2.95,0.0,0.0,13.5,2.95,6.33,1.69,2.11,9.7,1.055,0.8424999999999999
2.81,2.81,2.41,0.0,0.0,17.27,0.8,10.44,0.8,1.2,9.24,0.4,0.8025
6.1,2.35,1.41,0.0,0.0,9.39,0.47,12.68,2.35,1.41,9.86,0.94,0.94
0.79,4.74,3.16,0.0,0.0,10.67,1.98,9.88,1.19,3.16,11.07,1.585,0.79
0.43,5.11,2.98,0.0,0.0,14.04,2.98,8.51,0.85,1.7,11.06,2.34,0.64
0.0,4.87,3.54,0.0,0.0,20.35,0.88,7.08,0.0,1.33,7.96,0.88,0.3325
0.99,5.94,2.97,0.0,0.0,15.84,2.48,7.43,0.5,1.49,9.41,0.5,0.8675
0.79,3.16,2.37,0.0,0.0,18.18,3.16,9.88,0.0,2.37,16.6,0.0,0.6925
2.55,3.65,2.92,0.0,0.0,13.14,2.92,7.3,0.0,1.46,12.04,0.0,0.9125
1.55,4.66,4.15,0.0,0.0,16.06,5.7,7.25,1.55,1.55,4.66,0.52,0.6475
1.35,4.95,3.6,0.0,0.0,15.77,1.8,10.81,1.35,4.05,12.61,0.0,1.35
0.41,4.51,2.87,0.0,0.0,14.34,0.0,8.2,0.0,4.92,11.07,1.025,0.9225
0.41,3.73,2.49,0.0,0.0,15.77,1.66,9.96,1.66,3.73,12.86,1.45,1.5550000000000002
0.72,3.6,2.88,0.0,0.0,12.95,2.16,8.63,3.6,5.04,12.23,0.0,1.26
3.68,2.94,2.94,0.0,0.0,9.56,1.47,12.5,0.74,1.47,13.24,0.0,0.5525
2.84,2.13,1.42,0.0,0.0,12.77,2.13,9.93,0.71,2.84,12.77,0.71,1.4175
1.27,3.18,1.91,0.0,0.0,10.19,0.0,5.73,1.91,8.28,10.19,0.64,0.955
1.24,2.48,1.24,0.0,0.0,11.18,1.24,4.97,0.62,6.21,15.53,1.55,1.0875
2.02,4.05,1.21,0.0,0.0,15.79,0.4,12.15,0.4,5.26,7.29,0.81,1.2149999999999999
0.0,2.76,1.18,0.0,0.0,11.42,1.18,8.66,0.0,5.12,9.84,0.59,0.985
1.46,1.82,1.09,0.0,0.0,13.14,0.73,8.03,2.55,6.2,16.42,0.18,1.46
1.84,1.84,1.38,0.0,0.0,11.52,2.76,8.76,0.46,0.0,14.29,0.46,0.345
0.39,2.7,1.16,0.0,0.0,10.42,1.54,8.88,0.77,1.16,14.29,0.77,0.385
0.48,1.43,1.43,0.0,0.0,10.48,1.9,5.71,2.86,5.71,10.0,0.0,1.0725
4.08,3.06,3.06,0.0,0.0,11.22,3.06,11.22,2.04,3.06,12.24,2.55,0.765
0.6,6.59,4.19,0.0,0.6,20.96,1.8,13.17,1.2,3.59,6.59,1.8,0.45
0.0,4.83,2.41,0.34,0.0,16.55,2.76,11.72,2.41,5.52,12.76,2.07,0.86
1.33,1.33,0.67,0.0,0.0,19.0,2.0,12.67,1.33,2.0,11.67,0.33,0.75
2.8,2.49,1.87,0.0,0.0,20.25,2.8,10.28,0.62,0.93,9.97,0.775,0.2325
3.38,2.7,2.03,0.0,0.34,17.57,3.38,11.49,2.03,1.01,11.15,0.17,0.5925
1.79,3.58,1.79,0.0,0.6,16.42,1.49,11.34,0.6,4.78,7.16,1.3399999999999999,0.97
1.16,5.51,0.58,1.74,0.29,16.81,2.03,12.46,3.19,2.9,8.41,1.16,0.2175
1.29,5.5,3.24,0.65,0.0,19.09,3.88,10.68,3.88,3.88,6.15,0.32,0.645
0.3,3.88,1.49,0.3,0.0,22.69,3.88,10.75,3.28,2.39,6.87,0.9,0.0
1.49,4.18,2.69,0.0,0.3,25.37,5.07,12.54,1.49,2.39,8.96,0.3,0.3725
2.76,3.07,2.15,0.0,0.0,23.62,5.83,10.74,0.92,1.53,6.75,0.61,0.46
1.98,5.53,3.16,0.0,0.0,23.32,5.93,9.49,1.19,1.98,5.53,1.19,0.395
0.0,6.29,2.32,0.99,0.0,18.87,4.3,12.25,2.98,1.66,6.29,1.155,0.16499999999999998
2.22,5.06,1.27,0.32,0.63,18.04,3.16,13.29,1.9,2.85,7.28,1.74,0.47500000000000003
0.0,0.0,0.0,0.0,0.0,13.21,0.0,7.55,3.77,5.66,9.43,0.0,0.4725
0.0,1.23,0.0,0.0,0.0,8.64,1.23,4.94,4.94,2.47,9.88,1.23,0.0
1.49,2.99,1.49,0.0,1.49,16.42,0.0,5.97,5.97,7.46,2.99,1.495,0.7475
3.85,1.92,1.92,0.0,0.0,7.69,0.0,9.62,0.0,3.85,9.62,0.0,1.4425
3.92,5.88,5.88,0.0,0.0,9.8,0.0,13.73,0.0,3.92,11.76,0.0,0.98
1.61,4.03,2.42,0.81,0.0,12.9,4.03,8.06,12.1,2.42,12.1,0.0,1.615
2.04,3.06,2.04,0.0,0.0,14.29,1.02,7.14,1.02,0.0,5.1,0.0,0.51
1.22,3.66,3.66,0.0,0.0,15.85,1.22,10.98,4.88,3.66,1.22,0.0,-0.305
1.23,2.47,1.23,0.0,1.23,7.41,0.0,8.64,2.47,3.7,2.47,0.0,0.0
0.0,4.76,4.76,0.0,0.0,15.48,1.19,8.33,8.33,5.95,4.76,0.0,1.4874999999999998
3.85,3.85,3.85,0.0,0.0,23.08,3.85,11.54,0.0,0.0,0.0,0.0,0.0
1.28,5.13,3.85,0.0,0.0,10.26,2.56,8.97,7.69,5.13,7.69,1.28,0.64
0.0,4.11,4.11,0.0,0.0,21.92,5.48,9.59,4.11,1.37,5.48,0.0,0.685
0.0,5.0,3.33,0.0,1.67,18.33,3.33,10.0,1.67,0.0,3.33,0.835,0.4175
0.65,4.58,1.31,1.96,0.0,14.38,1.96,9.15,3.92,3.92,5.88,0.0,1.1425
0.0,3.76,2.26,0.0,0.0,12.03,2.26,8.27,0.75,4.51,12.78,1.505,1.1275
0.81,1.61,0.81,0.0,0.0,14.52,1.61,9.68,3.23,1.61,6.45,0.0,1.0075
0.0,7.78,2.22,0.0,0.0,15.56,1.11,11.11,2.22,3.33,6.67,1.11,1.11
0.0,3.68,3.68,0.0,0.0,23.68,6.32,4.21,6.84,5.79,10.53,0.0,1.4475
0.53,1.58,1.05,0.0,0.0,10.53,2.63,5.79,14.74,2.11,10.0,0.53,0.9225
0.56,0.56,0.56,0.0,0.0,11.24,1.69,7.87,0.0,3.37,9.55,0.0,0.5625
0.0,1.63,0.0,0.0,0.0,9.76,0.81,3.25,0.0,0.81,9.76,0.0,0.4075
1.6,0.8,0.8,0.0,0.0,13.6,0.8,6.4,0.0,0.8,18.4,0.0,0.6
1.83,7.34,3.67,0.0,0.0,8.26,0.92,6.42,0.92,0.0,21.1,1.83,0.23
1.01,1.01,1.01,0.0,0.0,12.12,3.03,12.12,3.03,1.01,5.05,0.0,0.2525
0.0,1.23,1.23,0.0,0.0,19.75,1.23,11.11,0.0,0.0,13.58,0.0,0.3075
0.87,1.74,0.0,0.87,0.0,11.3,2.61,9.57,7.83,3.48,13.04,1.305,0.2175
1.96,1.96,0.98,0.49,0.49,15.2,4.41,6.86,6.37,1.96,7.84,0.49,0.4900000000000001
0.53,0.86,0.32,0.32,0.0,16.47,2.57,8.45,16.47,1.93,4.49,0.11,0.39999999999999997
1.74,0.58,0.29,0.0,0.29,22.03,4.64,9.28,8.41,2.32,6.96,0.0,0.21749999999999997
0.66,1.97,0.22,0.44,0.22,20.13,3.5,7.0,15.1,1.31,5.91,0.44,0.4375
1.4,2.33,0.93,0.0,0.47,19.53,2.79,12.09,10.23,3.26,6.05,1.165,0.23249999999999998
1.49,2.24,0.75,0.0,0.0,15.67,1.49,10.45,1.49,0.75,14.93,1.12,0.1875
0.34,1.37,0.0,0.34,0.34,15.75,2.4,9.59,12.67,2.05,5.48,1.025,-0.085
0.0,1.96,0.0,1.47,0.0,14.71,2.45,9.8,10.78,2.45,4.9,0.0,0.1225
1.12,3.91,1.12,2.23,0.0,14.53,1.12,8.38,4.47,4.47,3.91,0.28,-0.13749999999999996
0.0,2.4,0.0,0.0,0.0,19.2,4.0,9.6,6.4,3.2,6.4,0.8,0.8
0.0,1.17,0.88,0.0,0.0,13.49,1.76,9.97,10.26,2.64,8.21,0.43999999999999995,0.88
7.61,3.26,0.0,0.0,2.17,27.17,3.26,11.96,5.43,1.09,4.35,1.085,1.63
0.0,3.7,1.85,0.0,0.0,21.3,2.78,9.26,6.48,0.93,1.85,2.315,0.465
0.63,1.88,0.0,1.25,0.63,16.25,3.75,10.63,6.25,1.25,6.88,0.0,0.47
0.0,2.56,2.56,0.0,0.0,16.67,0.0,7.69,2.56,1.28,6.41,0.64,0.0
0.0,3.9,1.3,0.0,0.0,12.99,1.3,10.39,0.0,2.6,7.79,1.3,0.975
0.0,10.71,0.0,0.0,7.14,21.43,3.57,10.71,0.0,0.0,7.14,5.3549999999999995,0.0
0.0,3.39,1.69,0.0,0.0,6.78,1.69,6.78,1.69,1.69,10.17,1.69,0.0
0.0,2.44,2.44,0.0,0.0,26.83,2.44,7.32,0.0,2.44,17.07,0.0,0.0
0.0,3.7,3.7,0.0,0.0,10.19,0.0,12.96,0.0,3.7,12.04,0.0,0.925
0.0,3.61,2.41,0.0,0.0,15.66,1.2,10.84,1.2,3.61,12.05,1.2,0.6025
0.0,0.0,0.0,0.0,0.0,13.21,0.0,5.66,0.0,0.0,15.09,0.0,0.4725
2.04,4.08,2.04,0.0,0.0,16.33,2.04,14.29,0.0,6.12,12.24,0.0,1.53
0.0,4.94,4.94,0.0,0.0,8.64,1.23,7.41,1.23,3.7,8.64,0.0,0.615
0.0,5.0,5.0,0.0,0.0,12.5,5.0,7.5,2.5,7.5,7.5,0.0,1.25
0.0,2.61,2.61,0.0,0.0,11.11,1.96,3.92,5.23,5.23,6.54,0.0,1.6324999999999998
1.8,1.8,1.8,0.0,0.0,10.18,0.6,7.19,5.39,3.59,7.19,0.0,0.3
2.31,4.05,2.89,0.0,0.58,16.18,1.16,9.25,9.25,2.89,5.2,0.58,2.31
2.21,2.65,0.88,0.0,1.33,5.75,0.88,9.29,6.19,1.77,8.85,1.325,1.3275000000000001
4.17,1.25,0.83,0.0,0.0,5.0,1.25,11.25,3.75,1.25,14.17,0.415,1.355
1.23,2.45,1.23,0.0,0.0,12.27,3.07,8.59,2.45,3.68,8.59,0.0,0.9199999999999999
2.36,0.47,0.47,0.0,0.0,10.85,0.47,8.02,7.55,4.25,8.96,0.0,0.825
0.68,2.71,1.69,0.0,0.0,14.58,1.36,8.81,8.14,3.39,6.44,0.34,1.6075
0.0,1.69,1.69,0.0,0.0,11.39,1.69,8.86,6.75,3.38,10.55,0.0,1.3725
3.5,1.0,1.0,0.0,0.0,12.5,0.5,6.5,5.5,2.5,10.5,0.0,1.0
1.68,3.36,1.68,1.26,0.0,11.34,0.84,7.56,12.61,0.42,8.82,0.42,1.365
2.8,1.87,0.93,0.0,0.93,5.14,0.47,8.41,4.67,0.47,10.75,0.235,0.935
1.08,1.08,1.08,0.0,0.0,17.56,1.79,6.09,7.89,4.3,8.6,0.0,0.4475
0.95,1.9,0.95,0.95,0.0,20.0,1.9,7.62,7.62,5.71,6.67,0.0,0.475
0.0,5.1,4.08,0.0,0.0,12.24,0.0,6.12,6.12,5.1,7.14,0.0,0.51
1.44,2.88,1.92,0.0,0.0,9.62,0.96,7.21,5.77,3.37,8.17,0.48,0.84
0.0,2.96,1.48,0.0,0.0,12.59,1.48,6.67,0.74,4.44,9.63,1.48,0.925
6.52,2.17,2.17,0.0,0.0,8.7,2.17,8.7,0.0,2.17,13.04,0.0,0.5425
0.44,1.75,0.0,0.0,0.87,13.54,1.75,6.55,3.06,3.06,6.55,0.22,0.655
3.47,0.0,0.0,0.0,0.0,11.81,2.08,6.94,3.47,1.39,8.33,0.0,0.0
3.11,1.04,0.0,0.52,0.0,8.81,1.04,11.4,2.59,3.63,10.88,0.0,0.9075000000000001
1.45,2.17,0.0,0.0,0.0,10.87,0.0,5.07,5.07,1.45,10.87,0.72,1.0875000000000001
0.52,0.52,0.0,0.0,0.0,8.29,0.52,5.18,2.59,3.11,15.03,0.0,0.5175
1.22,1.22,0.61,0.0,0.61,10.98,1.22,9.15,0.0,1.22,14.02,0.0,0.1525
1.02,1.02,0.0,0.0,1.02,13.71,0.51,8.63,0.51,2.03,15.74,0.255,0.7625
1.87,0.93,0.0,0.47,0.0,10.28,0.0,5.61,4.67,4.21,7.94,0.47,0.585
0.0,1.43,0.71,0.0,0.0,6.43,0.71,4.29,9.29,2.14,7.86,0.71,0.355
0.0,6.8,1.94,1.94,0.97,26.21,0.97,12.62,14.56,1.94,0.97,0.0,-0.485
1.12,5.06,1.69,0.56,0.56,25.28,2.81,12.36,2.25,1.12,1.69,1.405,0.7025
0.0,4.65,2.33,1.16,1.16,19.77,0.0,16.28,6.98,1.16,1.16,0.58,0.0
0.0,6.85,4.79,0.0,0.0,12.33,1.37,8.9,0.0,4.11,5.48,0.34,0.855
0.0,3.64,1.82,0.0,0.0,10.91,3.64,10.91,1.82,5.45,5.45,1.82,1.8175000000000001
0.0,6.14,0.0,0.88,0.0,25.44,5.26,13.16,12.28,0.88,5.26,3.07,0.4375
0.0,3.53,2.35,0.0,0.0,17.65,0.0,15.29,0.0,10.59,0.0,0.59,2.6475
0.0,8.54,1.22,4.88,0.0,17.07,1.22,13.41,0.0,7.32,0.0,1.22,1.525
0.0,0.76,0.0,0.76,0.0,19.85,0.76,12.98,5.34,6.11,1.53,0.0,0.9550000000000001
2.15,7.53,6.45,0.0,0.0,17.2,4.3,10.75,2.15,2.15,9.68,0.54,0.8075
0.0,4.85,1.82,1.82,0.0,10.91,1.21,12.12,2.42,1.82,5.45,1.5150000000000001,-0.3025
0.0,3.31,0.0,0.0,0.83,11.57,0.0,12.4,0.0,1.65,7.44,7.025,0.2075
4.03,2.01,0.67,0.0,0.0,15.44,2.68,12.75,0.67,2.01,4.03,1.34,0.84
0.0,11.67,0.0,0.0,0.0,16.67,0.0,16.67,1.67,1.67,0.0,5.835,0.0
0.98,6.86,3.92,0.0,0.0,17.65,2.94,13.73,0.0,0.98,2.94,0.0,0.245
0.0,4.95,4.4,0.0,0.0,11.54,0.55,4.95,1.1,4.4,8.24,0.0,0.8250000000000001
3.23,2.58,2.58,0.0,0.0,7.1,0.65,12.9,0.0,0.0,8.39,0.0,0.3225
1.55,3.1,1.55,0.0,0.0,10.08,1.55,5.43,0.0,1.55,19.38,0.775,0.3875
0.0,3.77,2.83,0.0,0.0,9.91,2.83,5.66,1.42,3.3,16.04,0.0,0.7075
2.68,4.46,3.57,0.0,0.0,10.71,3.57,13.39,0.0,0.89,11.61,0.0,0.0
0.87,3.49,3.06,0.0,0.0,8.3,0.87,10.48,1.31,1.75,10.92,0.0,0.4375
0.95,3.33,2.86,0.0,0.0,9.52,1.43,10.95,0.48,2.38,10.48,0.0,0.595
1.69,5.65,5.08,0.0,0.0,10.73,3.39,12.43,0.0,3.39,10.73,0.28,0.9875
3.05,4.88,3.05,0.0,0.0,18.29,7.93,4.88,4.88,1.83,6.1,0.0,-0.15250000000000002
1.3,5.84,3.9,0.0,0.0,9.09,0.0,11.04,0.65,0.65,10.39,1.95,0.0
0.65,4.52,3.23,0.0,0.0,13.55,6.45,6.45,3.87,1.94,1.94,0.65,0.1625
0.0,6.96,4.35,1.74,0.0,6.96,0.87,6.96,1.74,2.61,10.43,0.0,-0.2175
1.09,3.83,1.09,0.55,0.55,15.85,1.09,10.38,0.55,4.92,10.93,0.8200000000000001,0.6825
3.42,3.42,1.71,0.0,0.0,17.09,4.27,9.4,4.27,4.27,17.09,0.0,1.0675
4.17,2.08,1.67,0.0,0.0,14.58,0.42,6.25,2.5,4.17,14.17,0.625,1.355
2.03,3.38,2.03,0.68,0.0,13.51,1.35,10.14,2.03,3.38,18.24,0.68,0.6749999999999999
0.47,3.27,2.34,0.0,0.0,12.62,1.4,8.88,0.47,3.74,12.15,0.0,0.935
0.82,5.33,0.82,1.64,0.0,15.57,3.28,11.48,1.64,4.1,11.48,1.025,0.615
1.59,5.58,1.2,0.8,0.0,18.73,1.59,8.37,8.76,3.19,5.98,0.4,0.10000000000000003
3.78,4.62,2.52,0.0,0.0,14.29,3.36,7.56,2.52,3.78,12.61,0.42,-0.105
2.37,2.37,1.9,0.0,0.0,15.17,3.32,6.16,0.47,3.32,14.69,0.0,0.355
6.03,1.72,1.72,0.0,0.0,13.79,3.45,8.62,0.0,5.17,12.07,0.0,1.2925
3.93,3.06,2.18,0.44,0.0,16.16,1.31,10.92,0.44,3.49,9.17,0.0,0.8725
4.78,3.48,2.17,0.43,0.0,10.87,0.0,10.87,0.0,2.61,10.43,0.43,0.76
3.46,4.62,3.46,0.0,0.0,14.23,1.92,11.54,0.77,4.23,6.15,0.38,1.155
0.0,4.55,0.65,1.95,0.0,18.83,1.95,10.39,11.04,3.25,7.14,3.25,0.325
3.03,2.53,0.51,1.01,0.0,9.6,2.02,11.62,2.02,1.52,5.56,0.51,0.6325
4.55,1.65,0.41,0.41,0.0,13.64,2.89,10.33,2.48,2.07,9.92,0.62,0.7225
1.25,1.88,1.25,0.0,0.0,13.13,0.63,12.5,5.0,1.25,9.38,0.0,0.7825
2.13,1.42,0.71,0.0,0.0,9.22,2.13,12.06,0.71,1.42,13.48,1.065,0.355
3.42,1.28,0.85,0.0,0.0,11.11,2.56,7.69,5.13,3.42,10.26,0.43,0.425
4.71,1.05,0.0,0.0,0.0,13.09,3.14,10.99,2.62,2.09,15.71,1.05,0.785
2.5,1.5,1.0,0.0,0.5,15.5,1.5,10.0,1.5,2.5,12.0,0.0,0.625
1.44,2.16,0.36,0.72,0.0,11.51,2.16,9.71,5.04,0.72,11.87,0.72,0.0
3.72,1.65,0.0,0.83,0.0,10.74,2.48,8.26,3.31,2.89,12.81,0.41,0.62
5.22,0.0,0.0,0.0,0.0,5.22,0.0,13.91,1.74,0.87,13.04,0.435,0.2175
1.2,2.41,1.81,0.0,0.0,9.64,1.2,7.83,0.0,1.2,15.06,0.8999999999999999,0.3
1.46,1.46,0.0,0.49,0.0,12.2,0.98,7.8,6.34,2.93,8.78,0.49,0.49
0.85,3.39,0.42,0.42,1.27,13.14,2.12,10.59,5.51,8.47,10.17,1.27,0.8475
1.85,3.7,0.0,1.85,0.0,12.96,1.85,9.26,11.11,1.85,11.11,1.85,-0.9274999999999999
0.85,1.69,0.42,0.42,0.42,16.1,1.69,11.02,4.66,3.81,10.17,0.42,0.3175
1.43,3.33,0.48,0.0,0.48,13.81,3.33,13.81,3.81,2.38,8.57,1.19,0.7149999999999999
3.7,1.23,0.0,0.0,0.0,5.56,0.0,9.88,4.32,0.62,12.96,2.16,1.08
4.07,0.81,0.0,0.0,0.0,9.76,1.63,7.32,5.69,0.0,8.94,0.81,1.2200000000000002
3.16,1.58,0.0,0.0,0.0,14.74,2.63,13.16,3.16,2.11,9.47,1.58,0.1325
1.21,1.21,0.0,0.61,0.0,11.52,2.42,6.06,8.48,2.42,12.12,0.61,-0.7575000000000001
0.0,4.55,0.0,2.27,0.0,4.55,0.0,9.09,2.27,4.55,9.09,2.27,1.1375000000000002
1.87,4.21,1.4,0.47,0.47,14.95,3.27,14.49,7.01,0.93,8.41,0.7,0.585
0.6,4.17,0.6,0.0,1.79,17.26,2.98,13.1,2.98,2.38,14.88,0.6,0.5975
1.32,0.66,0.0,0.0,0.0,10.6,1.99,13.25,2.65,1.32,9.93,0.66,0.32999999999999996
0.0,10.37,3.7,0.0,0.0,7.41,0.74,18.52,4.44,0.74,5.19,6.67,1.1099999999999999
1.56,3.13,1.56,0.0,0.0,13.54,1.04,9.9,1.56,0.52,13.54,1.56,1.17
0.0,2.22,0.74,0.74,0.74,17.04,2.22,12.59,0.74,2.96,6.67,0.0,0.37000000000000005
0.0,3.75,0.0,1.25,0.0,10.0,1.25,2.5,1.25,5.0,15.0,1.25,0.625
0.92,1.83,0.0,0.46,0.46,12.39,2.29,7.34,8.26,4.13,6.88,0.23,0.11749999999999994
2.12,2.12,1.06,0.0,1.06,12.7,2.12,7.41,7.41,2.12,14.29,0.53,0.6625
2.62,2.09,2.09,0.0,0.0,17.28,7.33,8.38,3.14,4.71,13.09,0.0,1.045
0.83,3.31,3.31,0.0,0.0,12.4,0.83,9.09,0.83,4.13,14.05,0.0,1.035
3.3,2.83,0.47,0.94,0.47,13.68,2.36,7.08,7.08,3.3,9.91,0.47,0.11750000000000005
0.46,3.65,0.46,0.91,0.0,9.13,1.83,10.5,9.13,7.31,15.53,0.91,0.685
0.54,2.7,1.08,0.0,0.0,15.14,1.62,10.27,3.24,3.24,13.51,1.08,0.0
1.86,1.86,1.24,0.62,0.0,13.66,1.86,9.32,4.35,2.48,9.94,0.0,-0.15500000000000003
1.89,2.83,0.47,0.47,0.0,9.91,0.47,6.6,6.6,1.89,7.55,1.42,0.235
2.86,0.95,0.95,0.0,0.0,10.0,1.43,8.1,5.71,1.43,17.62,0.24,0.595
6.13,3.07,0.61,1.23,0.0,10.43,1.23,6.75,0.61,1.23,13.5,0.61,0.3075
1.09,2.17,1.09,0.0,0.0,15.76,1.63,6.52,1.63,3.26,12.5,0.54,0.27
1.12,3.0,0.37,0.75,0.0,12.73,2.25,13.48,5.24,2.25,8.24,0.935,0.375
0.0,2.5,0.0,0.0,0.0,0.0,0.0,2.5,2.5,2.5,15.0,0.0,0.0
1.33,1.78,0.89,0.89,0.0,14.67,0.89,6.67,4.89,3.11,9.78,0.0,0.89
0.51,2.55,1.53,0.51,0.51,12.76,0.51,6.63,14.8,6.63,6.12,0.0,0.6375000000000001
2.55,3.57,2.55,0.0,0.0,12.24,1.53,8.67,2.55,2.55,11.22,0.51,0.6375
0.68,1.37,0.68,0.0,0.0,8.22,1.37,7.53,6.16,0.68,15.07,0.0,0.0
1.87,0.47,0.0,0.47,0.0,12.62,1.87,6.07,14.49,2.8,7.48,0.0,0.7000000000000001
1.9,1.9,0.95,0.0,0.0,9.52,1.43,8.1,2.86,1.9,10.0,0.48,0.7125
1.19,2.38,1.79,0.0,0.6,10.12,2.38,8.93,4.76,3.57,6.55,0.3,-0.2975
1.42,1.89,1.42,0.0,0.0,19.34,1.42,7.08,11.32,4.25,7.55,0.47,0.47250000000000003
0.0,1.45,1.45,0.0,0.0,13.04,0.0,7.25,14.49,5.8,4.35,0.0,1.0875
0.89,1.78,0.89,0.0,0.0,8.0,0.89,9.33,4.44,0.44,15.56,1.335,0.8875
1.08,1.08,0.54,0.0,0.0,6.49,0.54,7.57,12.97,0.0,9.19,0.54,1.08
1.56,1.56,1.04,0.52,0.0,13.54,3.13,7.81,5.21,2.6,8.85,0.0,1.1724999999999999
1.19,1.58,0.4,1.19,0.0,12.65,3.56,8.3,5.14,2.37,11.07,0.0,0.0
0.74,5.19,2.22,0.0,0.0,9.63,1.48,8.89,2.22,2.22,9.63,2.22,1.1099999999999999
2.44,1.22,1.22,0.0,0.0,9.35,3.66,6.5,6.5,1.63,19.51,0.205,0.7125
0.47,2.84,2.37,0.0,0.47,7.11,0.0,9.0,7.11,0.95,18.01,0.95,0.8300000000000001
0.5,4.0,3.5,0.0,0.0,10.0,1.0,7.5,0.5,3.0,18.0,0.5,0.5
1.03,3.09,1.03,0.0,0.0,11.86,2.58,7.22,0.52,3.09,14.95,0.52,1.0299999999999998
0.65,3.59,2.61,0.0,0.0,14.05,1.96,8.17,2.29,3.59,14.38,0.33,0.8975
1.21,3.03,2.42,0.0,0.0,15.76,3.64,11.52,1.21,3.03,15.76,0.61,0.7575
1.05,3.83,2.79,0.0,0.0,13.24,4.53,8.71,2.79,4.88,13.59,0.8699999999999999,0.6099999999999999
2.24,3.14,3.14,0.0,0.0,17.04,1.79,8.97,0.9,1.35,15.25,0.225,0.8975000000000001
1.84,3.23,2.76,0.0,0.46,10.14,0.46,11.06,2.3,1.38,15.67,0.46,0.8049999999999999
0.0,5.19,5.19,0.0,0.0,14.29,2.6,9.09,0.0,1.3,15.58,0.0,0.975
1.49,6.97,4.48,0.0,1.0,14.43,1.49,5.97,0.5,3.98,11.94,0.5,0.8725
3.27,2.8,2.8,0.0,0.0,12.15,1.87,9.81,3.74,2.8,10.75,0.0,1.0525
1.61,2.15,1.08,0.0,0.0,12.37,2.69,11.29,0.54,3.76,13.44,1.3450000000000002,1.21
0.0,5.19,3.9,0.0,0.0,12.99,0.0,10.39,0.0,2.6,6.49,0.65,0.975
3.41,1.46,1.46,0.0,0.0,12.68,0.98,7.32,1.46,2.44,18.05,0.0,0.855
3.48,3.48,3.48,0.0,0.0,9.57,1.74,9.57,0.87,2.61,13.04,0.0,0.87
2.4,3.2,3.2,0.0,0.0,10.4,0.0,4.0,0.8,4.0,16.8,0.0,1.2
0.0,1.53,1.53,0.0,0.0,13.74,0.76,6.11,0.76,7.63,9.16,0.0,1.9075
1.52,1.52,0.76,0.0,0.0,10.61,0.76,7.58,1.52,5.3,13.64,0.76,1.8925
3.23,1.61,1.61,0.0,0.0,6.45,0.0,7.26,0.81,3.23,12.9,0.0,1.0075
0.63,1.88,0.63,0.0,0.0,9.38,0.63,4.38,2.5,3.13,19.38,0.0,0.625
1.83,1.22,0.0,0.61,0.0,8.54,0.0,6.1,4.27,1.83,13.41,0.61,0.45749999999999996
5.36,1.79,1.79,0.0,0.0,2.38,0.6,8.93,3.57,0.0,12.5,0.0,0.1475
3.68,0.61,0.61,0.0,0.0,6.75,0.0,6.13,4.29,0.61,17.79,0.0,0.0
2.68,0.0,0.0,0.0,0.0,5.37,0.0,8.05,4.03,5.37,16.11,0.0,1.51
2.78,1.11,0.0,0.0,0.0,11.67,2.22,9.44,2.78,5.56,15.0,0.0,1.3900000000000001
0.0,0.68,0.0,0.0,0.68,8.78,0.68,4.73,2.7,3.38,16.89,0.0,0.6749999999999999
0.0,3.73,3.73,0.0,0.0,14.93,2.24,8.96,1.49,4.48,11.94,0.0,1.68
3.55,4.14,2.96,0.0,0.0,12.43,4.14,9.47,2.96,5.92,17.16,0.59,1.6275
4.76,1.59,1.59,0.0,0.0,9.52,1.59,8.73,0.79,1.59,17.46,0.0,0.3975
1.56,2.34,2.34,0.0,0.0,10.16,1.56,9.38,0.0,1.56,15.63,0.39,0.7825
0.58,1.73,1.16,0.0,0.0,10.4,0.58,9.25,1.16,6.94,12.72,0.58,2.1675
1.92,1.92,1.92,0.0,0.0,10.26,1.92,8.97,0.0,6.41,19.23,0.0,1.6025
1.47,3.43,0.49,0.0,0.0,7.35,0.49,7.35,5.39,5.88,11.27,1.47,0.49000000000000005
1.82,3.03,0.61,0.0,0.0,10.91,1.82,8.48,1.82,3.64,15.76,0.61,0.7575000000000001
4.5,3.6,1.8,0.0,0.0,9.91,2.7,7.21,1.8,1.8,16.22,0.9,0.0
2.29,3.05,2.29,0.0,0.76,11.45,0.0,7.63,4.58,0.0,13.74,0.0,0.955
2.0,1.0,1.0,0.0,0.0,9.0,0.0,9.0,3.0,1.0,17.0,0.0,0.25
0.68,2.74,1.37,0.0,0.0,10.27,0.68,6.85,2.05,8.22,10.96,1.37,1.1975
1.14,1.7,1.14,0.0,0.0,15.91,2.27,7.39,0.0,4.55,13.07,0.57,1.2775
1.18,1.76,1.18,0.0,0.0,6.47,1.76,7.65,0.0,5.88,15.29,0.885,1.765
0.0,1.33,1.33,0.0,0.0,16.0,1.33,6.0,0.67,2.0,8.67,0.0,0.0
0.92,1.38,1.38,0.0,0.0,12.39,0.0,6.42,7.34,2.29,13.76,0.0,2.1799999999999997
2.53,0.42,0.42,0.0,0.0,8.02,1.27,5.06,10.97,0.0,10.13,0.0,1.055
0.86,0.86,0.43,0.0,0.0,15.09,2.16,12.5,1.29,1.29,11.64,0.0,0.7525
0.51,0.0,0.0,0.0,0.0,10.1,0.0,8.08,5.56,3.03,17.68,0.0,1.01
0.38,0.75,0.0,0.0,0.0,13.91,1.5,6.39,5.64,3.38,15.04,0.0,1.1275
0.0,0.41,0.0,0.0,0.41,16.53,1.24,7.85,4.13,2.89,16.12,0.0,1.4449999999999998
0.5,0.0,0.0,0.0,0.0,7.04,0.0,6.53,3.02,1.51,15.08,0.25,1.3824999999999998
0.0,0.0,0.0,0.0,0.0,8.05,0.0,5.17,10.34,4.6,12.64,0.0,0.5725
0.3,0.0,0.0,0.0,0.0,11.9,2.08,12.2,1.49,0.6,17.26,0.595,0.52
0.94,0.0,0.0,0.0,0.0,11.79,1.42,5.19,8.96,0.0,12.26,0.47,0.7075
0.0,0.39,0.0,0.0,0.39,14.06,2.73,5.86,6.25,4.3,15.23,0.0,1.1725
0.0,0.0,0.0,0.0,0.0,14.89,1.94,7.12,0.65,1.29,8.74,0.16,0.9700000000000001
0.0,0.5,0.5,0.0,0.0,14.43,2.49,8.96,2.99,0.5,11.44,0.0,1.12
2.27,2.27,0.76,0.0,0.0,9.09,2.27,9.09,3.79,5.3,10.61,0.76,1.705
0.98,1.95,0.98,0.49,0.0,14.63,3.41,8.29,7.8,5.37,12.2,0.49,1.2225
3.64,0.0,0.0,0.0,0.0,9.7,0.61,13.33,3.03,2.42,13.33,0.305,0.7575
1.59,0.79,0.0,0.0,0.0,14.29,3.57,11.9,0.0,0.79,11.11,0.4,0.495
2.09,1.57,0.0,0.0,0.0,15.71,1.05,7.85,13.09,8.38,6.28,0.0,0.0025000000000000577
0.48,2.38,0.95,0.0,0.0,18.1,1.9,6.67,10.48,2.86,7.62,1.19,1.4274999999999998
1.57,2.35,1.18,0.0,0.39,15.69,1.18,6.67,9.41,4.71,7.84,0.78,2.255
0.0,2.2,0.0,0.0,0.0,9.89,0.55,7.69,11.54,2.75,12.64,0.55,3.2975000000000003
2.19,3.65,1.46,0.0,0.0,13.87,0.0,13.14,5.11,2.19,6.57,1.825,1.8249999999999997
0.53,2.66,2.13,0.0,0.0,12.77,0.53,12.23,3.19,1.06,12.23,0.53,0.3975
0.86,2.15,0.86,0.43,0.86,9.44,3.0,9.01,6.44,0.86,6.87,1.075,0.10750000000000001
0.92,0.92,0.92,0.0,0.0,10.6,1.84,9.22,6.45,5.07,13.36,0.0,1.9549999999999998
1.75,3.06,0.44,1.31,0.0,16.16,1.31,10.04,8.73,3.06,5.24,1.31,0.6549999999999999
1.45,2.17,0.0,2.17,0.0,12.32,0.0,13.04,9.42,1.45,3.62,0.0,-0.7249999999999999
0.0,4.05,1.35,0.0,0.0,9.46,0.0,12.16,2.7,4.05,12.16,0.0,0.675
4.19,1.2,0.0,0.0,0.0,11.38,1.8,8.98,1.8,1.8,17.96,0.0,0.6
1.35,1.35,0.68,0.68,0.0,10.14,2.03,8.78,2.03,0.0,12.16,0.34,0.17
0.77,1.54,0.77,0.0,0.77,4.62,0.0,10.77,0.0,1.54,12.31,0.385,0.9625
0.96,1.44,0.0,0.48,0.0,12.92,3.35,8.61,1.44,1.44,11.96,0.24,0.3575
0.0,3.17,2.12,0.0,0.53,15.34,2.12,5.82,3.7,6.88,10.05,0.0,0.6625000000000001
0.67,0.0,0.0,0.0,0.0,14.67,1.33,6.67,2.67,3.33,13.33,0.0,0.8325
1.84,0.61,0.61,0.0,0.0,6.75,1.23,7.36,1.84,3.07,19.02,0.0,0.9199999999999999
4.55,1.14,0.57,0.0,0.0,12.5,3.98,6.25,5.68,2.27,11.93,0.285,1.8475
1.1,0.0,0.0,0.0,0.0,7.69,2.2,10.99,2.2,0.0,19.78,0.0,0.55
0.65,0.0,0.0,0.0,0.0,5.81,0.0,13.55,1.29,0.0,9.68,0.0,0.8075
5.56,0.0,0.0,0.0,0.0,8.33,2.08,11.81,1.39,2.78,12.5,0.0,0.3475
1.2,2.41,0.0,0.0,0.0,7.23,1.2,9.64,2.41,1.2,18.07,1.205,0.0
2.68,1.79,0.0,0.0,0.0,10.71,0.89,9.82,1.79,2.68,9.82,0.0,0.67
0.0,22.22,16.67,0.0,0.0,22.22,5.56,16.67,0.0,0.0,0.0,0.0,0.0
3.95,2.82,1.13,0.56,0.56,17.51,2.26,11.86,1.13,1.69,9.6,0.845,0.42499999999999993
9.46,2.7,2.03,0.0,0.68,9.46,0.68,9.46,2.03,0.68,14.19,0.0,0.17
1.53,1.53,1.53,0.0,0.0,29.77,2.29,9.92,4.58,0.0,9.92,0.0,0.19
1.04,2.08,0.52,0.0,0.52,10.94,2.6,7.81,8.85,1.04,8.33,1.04,0.13
2.24,2.99,2.24,0.0,0.75,18.66,1.49,11.19,0.75,0.75,13.43,0.375,0.375
4.2,3.36,0.84,0.0,0.0,9.24,3.36,14.29,8.4,0.84,15.13,2.52,1.8900000000000001
1.97,1.48,0.49,0.0,0.0,14.29,1.97,9.85,10.34,1.48,13.79,0.74,1.6025
2.94,1.76,1.18,0.0,0.0,8.24,2.35,14.12,15.29,0.0,4.12,3.235,2.3525
3.98,0.88,0.44,0.0,0.0,6.64,1.77,10.18,11.5,1.77,14.6,1.325,1.8775
0.0,3.13,0.63,1.88,0.0,11.88,2.5,4.38,15.0,6.25,8.13,0.0,1.095
0.53,5.32,1.6,0.0,0.53,15.43,3.72,10.11,0.53,2.13,6.91,1.065,0.4
0.0,2.18,0.0,0.44,0.0,12.23,1.31,9.61,4.37,1.75,8.73,0.87,0.545
0.0,3.08,1.03,0.0,0.0,14.36,2.05,9.23,2.05,1.03,8.21,1.54,0.2575
0.0,3.93,0.44,1.75,0.0,13.97,0.0,5.68,10.48,7.86,5.24,0.0,0.8725
0.38,5.75,1.15,1.53,0.0,13.79,1.15,9.2,12.26,2.68,6.9,0.7649999999999999,0.2875
0.7,2.09,2.09,0.0,0.0,12.2,1.05,5.57,3.48,3.83,8.01,0.0,0.7849999999999999
0.3,3.31,0.3,0.6,0.6,12.95,2.41,6.02,11.14,4.82,11.14,0.6,0.6799999999999999
0.87,3.91,1.74,0.43,0.0,10.0,0.87,9.13,3.04,4.35,13.91,0.43,1.4124999999999999
0.44,3.1,1.33,0.0,0.0,10.18,2.21,7.96,0.88,0.44,12.83,1.55,0.11
1.08,5.95,0.0,1.08,0.54,16.76,4.86,7.03,1.62,1.08,7.57,0.81,0.0
0.9,2.7,0.9,0.9,0.0,14.86,1.35,9.01,5.41,4.5,9.91,1.575,1.5750000000000002
1.48,2.96,0.74,0.74,0.0,11.85,3.7,8.89,3.7,5.19,7.41,0.0,0.185
0.63,3.75,1.25,0.63,0.0,22.5,5.0,7.5,8.13,3.13,5.0,1.255,0.9375
0.0,3.33,3.33,0.0,0.0,15.0,0.0,8.33,8.33,8.33,6.67,0.0,3.3325
2.08,4.86,2.08,0.0,0.0,13.89,1.39,11.11,4.17,4.86,9.72,1.385,1.04
1.59,1.59,1.59,0.0,0.0,11.11,0.0,11.11,3.17,3.17,9.52,0.0,0.7925
0.0,3.06,2.04,0.0,0.0,9.18,0.0,11.22,0.0,7.14,15.31,1.02,1.53
0.0,2.78,0.93,0.0,0.0,18.52,2.78,12.96,4.63,3.7,3.7,1.3900000000000001,1.62
1.35,1.35,0.0,0.0,0.0,14.86,4.05,6.76,9.46,5.41,8.11,1.35,1.0125000000000002
1.79,3.57,2.68,0.0,0.0,9.82,0.0,7.14,6.25,8.04,11.61,0.0,0.8925000000000001
0.0,6.03,0.86,0.0,0.0,12.07,1.72,10.34,9.48,6.03,11.21,1.72,1.51
0.0,3.7,0.93,0.0,0.0,10.19,0.93,9.26,3.7,4.63,11.11,2.78,0.9275
0.0,4.0,4.0,0.0,0.0,12.0,0.0,12.0,2.0,8.0,8.0,0.0,2.0
0.0,7.89,2.63,5.26,0.0,23.68,3.95,6.58,13.16,5.26,2.63,0.0,0.0
3.33,7.78,3.33,1.11,0.0,15.56,4.44,4.44,1.11,0.0,12.22,0.0,-0.2775
3.24,1.62,1.62,0.0,0.0,10.27,1.08,10.81,4.32,3.78,12.97,0.0,0.675
0.98,4.9,3.92,0.0,0.0,10.78,1.96,8.82,0.0,1.96,11.76,0.98,0.98
1.94,2.91,0.97,0.0,0.0,10.68,0.97,10.68,0.97,0.97,11.65,1.94,0.2425
3.23,1.94,1.29,0.0,0.0,10.97,1.94,10.97,0.65,0.65,10.32,0.0,0.485
1.99,2.65,1.99,0.0,0.0,8.61,1.99,7.95,0.66,1.99,11.92,1.325,0.6625
1.21,2.43,1.62,0.0,0.0,11.34,2.02,10.12,3.24,4.05,10.12,0.2,1.1125000000000003
1.17,2.34,1.17,0.0,0.0,13.45,2.34,8.77,4.09,4.09,12.28,0.58,1.6099999999999999
1.77,1.33,0.88,0.0,0.0,15.04,3.54,7.52,3.1,4.42,13.27,0.22,0.995
1.63,3.26,1.09,0.0,0.0,12.5,1.63,7.61,5.43,1.63,14.67,1.09,0.26999999999999996
2.8,2.1,2.1,0.0,0.0,9.79,0.0,11.89,0.7,0.7,10.49,0.0,0.35
4.31,3.45,2.59,0.0,0.0,6.03,1.72,7.76,4.31,0.86,15.52,0.86,0.0
1.82,9.09,3.64,0.0,0.0,13.64,2.73,11.82,1.82,3.64,9.09,0.91,0.6825
0.0,4.55,1.52,0.0,0.0,10.61,0.0,6.06,12.12,9.09,7.58,0.0,-0.7575
0.0,3.25,0.81,0.0,0.0,18.7,0.0,5.69,14.63,8.13,1.63,1.63,3.05
1.65,4.13,2.89,0.0,0.0,16.53,2.48,7.02,6.61,4.55,6.61,0.0,1.4474999999999998
1.18,1.57,1.57,0.0,0.0,13.73,0.78,5.1,10.59,2.75,5.49,0.0,1.5675000000000001
2.55,3.06,2.55,0.0,0.0,17.35,4.08,11.73,1.02,0.0,11.22,0.0,0.1275
2.04,2.55,1.53,0.51,0.0,13.78,2.04,10.71,8.67,0.0,9.18,0.0,0.1275
0.75,2.63,2.26,0.0,0.0,13.91,1.5,11.28,0.75,4.89,10.53,0.38,0.565
1.01,2.51,1.01,0.0,0.0,11.06,3.02,4.02,5.53,2.01,9.05,0.0,0.7575000000000001
0.0,2.19,2.19,0.0,0.0,12.41,2.92,7.3,8.03,2.19,12.41,0.0,1.095
1.37,2.74,1.83,0.0,0.0,14.16,2.28,9.13,5.94,2.74,8.68,0.46,1.37
0.0,4.13,0.0,0.0,0.83,17.36,1.24,5.37,7.02,3.72,7.02,0.83,0.20750000000000002
1.88,1.88,0.0,0.0,0.0,9.86,4.23,7.04,1.88,0.0,13.62,0.47,0.5874999999999999
1.7,2.84,0.57,0.0,0.0,11.93,1.7,10.23,3.98,1.14,7.95,1.705,0.57
0.88,0.0,0.0,0.0,0.0,21.24,5.31,8.85,0.0,1.77,12.39,0.0,0.885
1.2,2.4,0.0,0.6,0.6,13.17,0.6,4.19,17.37,4.19,1.8,0.3,0.3
0.37,1.85,0.74,0.0,0.74,15.19,0.37,10.37,12.96,3.7,5.56,0.37,1.295
2.07,2.59,0.52,0.0,0.0,18.13,1.55,6.74,3.63,3.63,10.88,2.33,0.13
0.45,0.9,0.0,0.0,0.45,13.12,1.36,4.98,6.33,4.07,11.31,0.0,0.68
0.0,2.43,0.35,1.04,0.0,11.11,2.78,4.86,11.11,6.25,9.38,0.35,0.605
3.33,1.43,0.48,0.0,0.48,9.05,0.48,8.1,5.24,1.43,9.52,0.24,0.5974999999999999
0.61,1.84,0.0,0.0,0.61,18.4,0.0,10.43,7.36,4.91,9.82,0.0,0.46249999999999997
0.84,2.11,1.69,0.0,0.42,18.57,5.06,7.59,1.27,2.53,11.39,0.0,0.3175
0.0,1.89,0.0,0.38,0.38,16.29,1.89,4.92,6.82,4.92,9.09,0.95,0.9475000000000002
1.16,1.73,0.58,0.0,0.0,10.98,0.58,10.4,5.2,4.05,8.09,1.445,1.0125
0.78,1.81,0.52,0.0,0.52,17.88,1.3,9.07,2.85,5.7,8.55,0.52,1.1675
1.21,2.42,2.42,0.0,0.0,15.73,1.61,6.45,1.21,1.61,13.71,0.405,0.505
1.2,2.4,1.2,0.0,0.6,14.97,1.2,9.58,4.19,1.2,12.57,0.6,0.44999999999999996
0.0,2.8,0.93,0.0,0.0,15.89,2.8,9.35,13.08,0.93,4.67,0.465,0.4675
1.69,0.85,0.0,0.0,0.85,13.56,1.69,11.02,0.0,2.54,11.86,0.0,0.8475
1.75,1.75,0.58,0.58,0.0,13.45,1.75,10.53,1.17,3.51,9.94,0.58,0.4375
1.91,1.27,0.64,0.0,0.0,20.38,1.91,8.92,4.46,0.0,5.73,0.32,0.9550000000000001
1.06,2.65,2.12,0.0,0.0,17.99,3.7,12.7,1.06,1.06,5.29,0.795,0.795
0.0,4.1,3.28,0.0,0.82,19.67,3.28,9.84,0.82,4.1,7.38,0.0,1.025
0.7,0.7,0.0,0.0,0.7,17.61,2.82,8.45,10.56,2.11,5.63,0.0,0.3525
0.0,2.11,1.06,0.0,0.0,18.31,3.17,7.39,4.23,4.93,5.99,1.4100000000000001,1.6724999999999999
1.64,1.64,0.82,0.0,0.0,15.57,0.82,9.02,5.74,4.92,11.48,0.41,0.615
0.0,5.54,0.69,0.35,1.04,18.34,2.77,7.27,16.26,2.42,4.5,0.35,0.34750000000000003
1.84,3.69,0.92,0.0,0.0,18.89,2.3,8.76,3.23,4.15,11.52,2.53,1.2675
0.8,3.49,0.8,0.8,0.0,16.35,3.49,8.58,7.24,3.75,5.36,0.54,1.2025
2.06,5.15,2.06,0.0,0.0,22.68,9.28,8.25,0.0,4.12,11.34,0.0,1.03
0.6,4.79,2.4,0.0,0.0,16.17,4.19,7.78,9.58,3.59,3.59,2.1,0.44999999999999996
0.0,4.44,0.74,1.48,0.0,19.26,0.74,8.89,10.37,6.67,2.96,0.74,0.74
0.85,2.54,0.0,1.69,0.0,16.1,0.0,11.86,9.32,6.78,4.24,0.85,0.42499999999999993
4.11,1.37,0.0,0.0,0.0,15.07,4.11,6.85,2.74,0.0,12.33,0.0,0.0
2.4,1.8,1.2,0.0,0.0,26.35,9.58,5.99,4.19,1.2,11.98,0.0,0.29999999999999993
0.0,1.75,0.0,0.0,0.0,14.04,0.0,17.54,15.79,0.0,3.51,1.75,1.315
3.57,1.79,1.79,0.0,0.0,10.71,8.93,10.71,1.79,0.0,8.93,0.0,0.0
2.56,2.56,0.0,0.0,0.0,5.13,0.0,5.13,7.69,0.0,5.13,2.56,0.0
2.53,3.8,0.0,1.27,0.0,15.19,2.53,8.86,2.53,2.53,2.53,1.27,0.31499999999999995
2.5,2.5,2.5,0.0,0.0,20.0,2.5,7.5,0.0,0.0,7.5,0.0,0.0
3.13,6.25,4.69,1.56,0.0,14.06,3.13,14.06,1.56,0.0,4.69,0.0,0.0
1.56,7.81,4.69,0.0,0.0,18.75,4.69,6.25,1.56,3.13,4.69,0.0,0.39
1.04,5.21,5.21,0.0,0.0,18.75,6.25,10.42,0.0,4.17,4.17,0.0,1.0425
9.38,0.0,0.0,0.0,0.0,18.75,3.13,18.75,0.0,0.0,18.75,0.0,1.5625
0.0,1.29,1.29,0.0,0.0,14.84,1.29,5.16,5.81,5.16,6.45,0.0,0.3225
0.36,3.26,2.54,0.0,0.0,14.86,2.17,10.14,2.54,3.99,8.7,0.72,1.1775
0.0,3.61,2.58,0.0,0.0,18.56,2.58,8.76,2.06,2.06,11.86,0.26,1.2875
0.63,5.06,5.06,0.0,0.0,17.72,5.06,7.59,0.0,1.9,12.03,0.0,0.6325
4.5,3.0,3.0,0.0,0.0,16.0,4.0,9.0,0.0,0.0,12.5,0.0,0.125
0.72,4.71,3.62,0.0,0.36,11.23,2.54,5.8,0.72,0.36,10.14,0.54,0.18
0.0,3.35,2.93,0.42,0.0,15.06,2.09,7.95,2.93,0.84,10.88,0.21,0.315
0.38,4.23,3.08,0.0,0.0,18.08,2.69,10.38,4.62,3.08,6.92,1.345,0.7675
4.91,1.89,1.89,0.0,0.0,15.47,2.26,12.83,3.02,0.75,9.43,0.0,1.3199999999999998
1.96,4.71,2.75,0.39,0.0,14.12,1.57,10.98,3.14,1.57,8.24,1.7650000000000001,1.57
2.66,3.72,1.6,0.53,0.0,13.83,4.79,11.7,0.53,1.06,7.45,1.33,0.39999999999999997
1.19,2.78,2.78,0.0,0.0,13.89,4.76,8.73,0.79,0.79,11.51,0.2,0.1
0.72,2.51,2.15,0.0,0.36,15.41,2.51,11.47,0.0,0.72,11.47,0.0,0.18
0.0,3.57,1.19,0.0,0.0,15.48,2.38,7.14,5.95,1.19,4.76,0.0,1.19
0.0,4.84,1.61,3.23,0.0,22.58,4.84,11.29,8.06,3.23,3.23,0.0,-0.8075
0.44,1.32,0.0,0.88,0.0,10.96,0.44,7.46,2.63,7.89,8.33,0.22,0.7675
1.18,1.18,0.59,0.0,0.59,11.18,1.18,8.24,5.88,4.71,10.59,0.0,0.44
1.52,1.52,0.0,0.38,0.38,15.21,3.04,6.84,4.18,4.94,10.27,0.38,0.18999999999999997
1.19,1.19,0.0,0.0,0.0,16.67,4.76,10.71,0.0,0.0,9.52,1.19,0.0
0.0,1.96,0.0,0.0,0.0,13.73,1.31,10.46,1.96,3.27,11.76,1.635,0.3275
0.39,1.54,1.54,0.0,0.0,16.6,3.09,8.49,3.47,5.79,8.49,0.0,0.87
0.67,2.0,0.33,0.0,0.33,15.33,3.67,9.67,2.67,4.0,8.33,1.33,0.41500000000000004
0.66,1.32,0.0,0.66,0.0,11.84,1.32,10.53,4.61,3.29,12.5,0.66,0.9875
0.68,1.37,0.0,1.37,0.0,13.7,0.0,11.64,6.85,2.05,8.9,0.0,0.34250000000000014
0.87,1.74,1.74,0.0,0.0,13.91,0.87,13.04,0.0,5.22,10.43,0.0,0.87
0.99,1.97,0.99,0.0,0.0,10.84,1.48,10.84,3.94,3.45,13.79,0.74,0.37
0.78,0.78,0.0,0.0,0.0,8.53,0.78,8.53,6.2,0.0,14.73,0.78,0.39
0.0,0.0,0.0,0.0,0.0,16.49,0.0,12.37,0.0,3.09,14.43,0.0,0.7725
0.0,0.97,0.97,0.0,0.0,13.59,6.8,9.71,9.71,8.74,8.74,0.0,1.455
0.52,1.55,1.55,0.0,0.0,12.44,1.04,10.88,1.55,4.66,10.36,0.0,0.6475
0.71,3.57,1.43,0.71,0.0,10.71,0.71,10.0,3.57,4.29,8.57,1.43,1.0699999999999998
0.0,6.58,2.63,0.0,0.0,12.5,0.66,13.82,11.18,1.97,7.89,3.95,0.99
0.0,1.05,1.05,0.0,0.0,16.84,7.37,11.58,1.05,0.0,6.32,0.0,0.5275
1.53,2.55,1.02,0.0,0.0,16.33,3.57,10.71,1.02,1.02,7.65,0.51,0.8925000000000001
0.0,4.03,1.34,0.0,0.0,20.13,7.38,8.05,0.67,0.67,7.38,1.34,0.5025
0.0,4.59,2.55,0.0,0.0,14.8,1.02,9.69,3.06,3.57,6.63,2.04,1.02
0.0,3.45,2.07,0.0,0.0,15.86,7.59,12.41,2.76,1.38,5.52,2.415,0.0
2.42,3.23,3.23,0.0,0.0,16.13,3.23,10.48,1.61,1.61,7.26,1.21,0.2025
0.6,5.39,4.79,0.0,0.0,13.77,1.8,13.77,3.59,3.59,13.17,1.2,1.0474999999999999
1.22,2.86,1.22,0.0,0.0,13.47,3.27,11.84,3.67,0.0,7.76,1.635,0.9199999999999999
0.56,3.35,2.23,1.12,0.0,8.38,1.12,9.5,8.38,0.56,7.26,0.84,0.42000000000000004
0.0,5.33,1.78,1.78,0.0,11.24,1.18,11.83,5.33,2.96,8.28,1.78,0.74
0.0,1.59,1.59,0.0,0.0,19.05,6.35,11.11,4.76,7.94,6.35,0.0,1.5875
0.54,0.0,0.0,0.0,0.0,15.68,2.16,8.65,2.16,3.24,10.27,0.0,0.81
0.83,0.83,0.0,0.0,0.0,18.33,2.5,10.0,0.0,5.0,10.0,0.83,0.625
1.08,1.61,0.54,0.0,0.0,21.51,6.99,8.06,2.15,2.69,10.22,0.54,1.2125
2.34,1.87,0.93,0.0,0.0,15.89,3.74,10.75,0.0,0.0,10.28,0.93,0.585
0.68,2.05,0.0,1.37,0.0,17.12,4.11,11.64,8.22,2.05,6.16,0.68,0.5125
1.4,1.4,0.93,0.0,0.0,22.43,7.48,7.01,4.67,3.74,10.28,0.47,0.7
0.94,0.47,0.0,0.0,0.47,18.78,5.16,7.51,6.1,6.57,6.57,0.0,0.5874999999999999
0.91,0.45,0.45,0.0,0.0,18.64,4.09,6.36,3.18,6.36,8.64,0.0,0.91
0.85,1.71,0.85,0.0,0.0,17.52,3.85,8.55,2.99,3.42,11.11,0.43,0.7474999999999999
2.35,0.0,0.0,0.0,0.0,18.78,6.1,5.63,8.92,4.69,9.39,0.0,0.5874999999999999
1.56,0.78,0.0,0.0,0.39,10.94,1.95,13.28,6.64,0.39,9.77,0.0,1.465
2.7,0.0,0.0,0.0,0.0,13.51,3.78,11.35,2.7,0.54,10.81,0.0,0.675
1.24,0.62,0.62,0.0,0.0,14.91,2.48,8.7,0.62,4.97,12.42,0.0,0.7775
0.0,1.64,0.33,0.0,0.0,17.11,2.63,4.93,13.16,4.93,6.25,0.33,0.9025
0.0,2.52,0.72,0.36,0.0,13.67,1.44,7.55,6.47,5.4,5.4,1.08,0.45000000000000007
1.29,3.88,2.16,0.0,0.0,15.52,0.43,8.19,7.33,4.74,7.33,0.86,1.0775000000000001
0.0,3.8,2.28,0.76,0.0,15.21,2.28,6.46,9.13,7.6,4.56,0.76,0.37999999999999995
3.87,4.52,3.23,0.0,0.0,23.23,5.81,12.26,0.0,3.23,14.19,0.0,0.9675
0.49,3.45,1.48,0.0,0.0,20.2,4.43,10.84,0.49,2.46,12.32,0.245,0.7375
0.69,2.78,2.43,0.0,0.0,16.67,5.56,2.08,3.82,3.82,9.38,0.0,0.78
0.35,4.26,2.84,0.35,0.0,15.96,3.55,6.03,3.9,4.61,8.87,0.7050000000000001,0.355
0.81,4.86,3.24,0.0,0.0,16.19,0.4,6.48,3.64,4.86,8.5,0.81,0.30500000000000005
0.0,5.69,2.85,0.71,0.0,17.08,2.85,6.05,7.12,4.63,5.69,1.42,0.6225
2.44,5.49,1.83,0.0,0.61,17.07,0.61,12.8,0.61,3.05,9.76,2.44,0.61
3.38,5.41,1.35,0.0,0.0,14.86,5.41,12.84,2.7,0.0,7.43,2.7,0.675
0.0,4.29,2.86,0.0,0.0,14.29,1.43,12.86,2.86,1.43,5.71,1.43,1.43
0.0,5.32,5.32,0.0,0.0,15.96,3.19,8.51,2.13,3.19,8.51,0.0,0.0
0.0,3.57,3.57,0.0,0.0,14.29,1.79,8.93,0.0,0.0,5.36,0.0,1.34
1.82,3.64,1.82,0.0,0.61,15.15,1.82,10.3,0.61,1.82,11.52,2.12,1.06
0.5,4.02,0.5,2.51,0.0,12.56,1.51,12.56,6.03,3.02,13.57,0.0,1.6324999999999998
2.72,1.21,0.6,0.0,0.0,8.16,0.0,8.76,3.93,2.11,9.06,0.755,1.4324999999999999
1.8,2.7,2.7,0.0,0.0,11.71,3.6,11.71,0.0,0.0,13.51,0.45,0.225
2.74,0.68,0.68,0.0,0.0,13.01,2.74,7.53,4.79,2.05,10.27,0.0,0.855
0.37,1.87,1.12,0.0,0.37,12.73,2.25,8.61,3.0,4.12,11.99,0.185,1.5925
0.54,2.72,1.09,0.0,0.0,13.59,4.89,5.98,5.98,3.8,12.5,0.54,0.5425
1.8,2.1,2.1,0.0,0.0,11.71,1.5,10.21,3.6,6.31,9.31,0.0,1.275
0.67,3.03,2.69,0.0,0.0,10.1,2.02,8.75,4.04,5.72,11.78,0.505,1.6
1.34,1.34,1.0,0.0,0.0,18.06,2.68,9.7,2.01,1.67,11.37,0.0,0.6675
1.38,0.46,0.46,0.0,0.0,9.22,0.0,10.14,1.84,4.15,11.06,0.0,1.8425
1.16,1.16,0.39,0.0,0.0,7.34,0.39,11.2,7.34,0.39,12.74,0.39,2.1225
0.0,2.39,1.91,0.0,0.0,13.88,2.39,9.09,1.91,2.87,13.4,0.48,1.0775
0.0,7.84,7.84,0.0,0.0,17.65,1.96,7.84,1.96,11.76,1.96,0.0,1.47
2.73,1.82,0.91,0.0,0.0,10.91,2.73,10.91,2.73,1.82,7.27,0.0,0.455
0.54,0.54,0.54,0.0,0.0,7.53,1.08,5.38,2.15,2.69,10.22,0.0,0.405
4.85,1.82,1.82,0.0,0.0,13.33,1.82,9.09,5.45,2.42,15.15,0.305,0.9099999999999999
3.37,3.37,2.25,0.0,0.0,13.48,1.12,11.24,1.12,2.25,15.73,1.685,0.8425
3.7,3.7,3.7,0.0,0.0,11.11,0.0,18.52,0.0,0.0,7.41,0.0,0.0
0.0,1.69,1.69,0.0,0.0,10.17,0.0,5.08,0.0,6.78,6.78,0.0,0.8475
0.0,5.1,5.1,0.0,0.0,14.29,2.04,5.1,2.04,5.1,6.12,1.02,1.275
0.92,3.67,2.75,0.0,0.0,14.68,0.92,9.17,5.5,1.83,8.26,1.375,0.23
1.59,3.17,3.17,0.0,0.0,9.52,0.0,6.35,1.59,1.59,15.87,1.585,0.7925
0.0,1.35,0.0,0.0,0.0,10.81,1.35,13.51,0.0,2.7,13.51,1.35,0.675
1.32,1.32,1.32,0.0,0.0,10.53,3.95,11.84,1.32,0.0,3.95,0.0,0.0
1.43,2.86,2.86,0.0,0.0,10.0,0.0,10.0,4.29,1.43,11.43,0.715,1.0725
0.0,5.8,2.9,0.0,0.0,10.14,1.45,8.7,10.14,2.9,2.9,0.0,-0.3625
1.05,2.11,2.11,0.0,0.0,17.89,1.05,8.42,0.0,1.05,11.58,0.525,0.2625
0.0,5.0,5.0,0.0,0.0,5.0,0.0,10.0,0.0,0.0,20.0,0.0,1.25
0.0,3.64,3.64,0.0,0.0,14.55,1.82,3.64,10.91,1.82,5.45,0.0,0.0
0.0,5.56,5.56,0.0,0.0,5.56,0.0,5.56,0.0,0.0,11.11,0.0,0.0
2.7,0.0,0.0,0.0,0.0,8.11,0.0,8.11,5.41,0.0,10.81,0.0,1.35
0.0,3.7,3.7,0.0,0.0,12.96,1.85,3.7,11.11,5.56,3.7,0.0,0.925
0.0,4.62,3.08,0.0,1.54,15.38,0.0,6.15,1.54,3.08,10.77,0.77,1.155
1.89,3.77,1.89,0.0,0.0,5.66,1.89,9.43,0.0,1.89,5.66,1.89,0.4725
3.13,0.0,0.0,0.0,0.0,15.63,0.0,9.38,0.0,6.25,9.38,0.0,1.5625
0.0,5.66,1.89,0.0,0.0,13.21,3.77,3.77,3.77,3.77,13.21,1.89,0.47000000000000003
0.0,5.0,5.0,0.0,0.0,10.0,0.0,5.0,10.0,0.0,10.0,0.0,0.0
0.0,5.88,5.88,0.0,0.0,20.59,2.94,11.76,0.0,2.94,5.88,0.0,0.735
1.32,3.95,3.29,0.66,0.0,16.45,1.97,6.58,1.32,0.66,7.89,0.0,0.0
1.23,1.85,1.23,0.62,0.0,19.14,6.17,6.79,3.7,4.32,4.32,0.0,0.6175
1.08,4.84,0.54,2.15,0.0,12.37,1.61,8.6,3.23,3.23,3.76,0.54,0.54
0.76,6.11,3.05,2.29,0.0,18.32,2.29,9.92,9.16,0.0,9.92,0.0,-0.5725
0.78,2.33,0.0,0.78,0.0,13.18,1.55,10.08,3.88,0.78,10.08,1.55,0.3875
0.57,5.68,1.14,0.0,0.0,15.91,1.7,12.5,0.0,1.14,6.82,1.42,0.425
2.22,1.11,0.56,0.56,0.0,26.11,9.44,6.11,2.22,2.78,8.33,0.0,0.5549999999999999
1.0,4.48,1.99,0.5,0.0,18.91,4.48,8.96,2.99,0.5,7.46,1.245,0.3725
1.38,1.83,1.38,0.0,0.0,15.14,3.21,5.96,4.59,2.75,3.21,0.46,0.6875
0.55,2.73,1.09,0.0,0.0,9.29,2.19,8.2,1.09,1.09,9.29,1.915,0.685
2.63,1.58,1.05,0.0,0.0,17.37,2.63,10.0,0.0,0.53,5.79,0.265,0.395
0.61,4.27,1.83,0.61,0.0,13.41,2.44,7.93,1.22,3.05,13.41,0.61,1.0675
1.31,2.61,0.65,0.65,0.0,11.76,4.58,7.19,5.23,3.92,5.88,0.65,0.8175
0.0,6.45,3.23,0.0,3.23,32.26,12.9,9.68,0.0,3.23,3.23,1.615,0.8075
0.0,5.33,4.0,0.0,0.0,12.0,4.0,12.0,0.0,5.33,5.33,1.33,1.3325
0.0,5.88,2.94,2.94,0.0,8.82,0.0,5.88,2.94,5.88,8.82,0.0,0.735
0.0,6.38,2.13,0.0,2.13,19.15,0.0,8.51,2.13,4.26,6.38,2.13,0.5325
0.0,2.5,2.5,0.0,0.0,17.5,7.5,12.5,2.5,2.5,7.5,0.0,1.25
0.0,9.43,3.77,0.0,3.77,11.32,0.0,15.09,0.0,0.0,5.66,1.89,0.0
0.0,4.76,3.17,0.0,0.0,12.7,1.59,7.94,0.0,6.35,9.52,1.59,1.5875
1.56,7.81,6.25,0.0,0.0,9.38,0.0,9.38,1.56,0.0,6.25,1.56,0.78
0.0,5.88,2.94,2.94,0.0,11.76,2.94,5.88,2.94,5.88,2.94,0.0,0.0
1.47,2.94,2.94,0.0,0.0,14.71,2.94,7.35,1.47,0.0,10.29,0.0,0.3675
0.0,4.17,4.17,0.0,0.0,9.72,1.39,8.33,0.0,4.17,6.94,0.0,1.0425
3.95,5.26,2.63,0.0,0.0,19.74,5.26,13.16,1.32,0.0,5.26,3.29,0.33
0.0,7.69,7.69,0.0,0.0,19.23,7.69,11.54,0.0,0.0,11.54,0.0,0.0
0.0,4.44,2.22,0.0,0.0,8.89,2.22,6.67,4.44,0.0,8.89,2.22,0.0
0.0,6.67,6.67,0.0,0.0,26.67,6.67,16.67,0.0,3.33,6.67,0.0,0.8325
0.0,4.92,3.28,0.0,0.0,13.11,3.28,9.84,1.09,2.73,9.29,1.64,1.0925
0.69,4.17,2.78,0.0,0.0,12.5,2.78,12.5,2.08,4.86,6.25,0.69,0.87
0.0,3.05,2.44,0.0,0.0,19.51,4.88,8.54,0.61,1.83,12.8,0.61,0.7625
2.53,2.53,2.53,0.0,0.0,12.66,1.27,11.39,0.0,1.27,10.13,0.0,0.3175
0.56,3.35,2.79,0.0,0.0,9.5,0.56,8.94,2.23,4.47,10.06,0.0,1.2574999999999998
0.57,5.14,3.43,0.0,0.0,10.29,2.86,9.14,0.0,4.57,8.57,1.71,1.285
2.22,3.33,1.11,0.0,0.0,14.44,2.22,14.44,0.0,4.44,6.67,2.22,2.2225
0.0,2.7,2.7,0.0,0.0,18.92,2.7,10.81,0.0,2.7,10.81,2.705,0.675
0.0,3.28,1.64,0.0,0.0,13.11,1.64,10.38,0.55,4.92,8.74,2.185,1.365
0.63,3.75,2.5,0.0,0.0,12.5,1.25,11.88,2.5,3.13,13.13,0.63,1.8775
0.0,5.26,2.63,0.0,0.0,5.26,0.0,13.16,0.0,0.0,7.89,2.63,0.0
1.45,4.35,4.35,0.0,0.0,10.14,1.45,10.14,1.45,0.0,10.14,0.0,0.3625
0.0,4.42,0.88,0.88,2.65,16.81,4.42,15.04,8.85,7.08,2.65,1.325,0.885
1.16,3.86,0.39,0.0,0.0,11.97,2.32,13.13,0.39,1.93,5.79,2.315,0.29
0.9,4.07,1.81,0.0,0.45,14.48,1.81,8.14,2.71,2.26,6.79,2.035,1.13
1.39,2.78,0.0,0.69,0.0,13.19,1.39,13.89,0.69,2.78,4.86,2.08,0.5225
0.79,1.97,0.39,0.0,0.0,15.75,3.54,10.63,4.33,0.79,6.3,1.77,1.28
1.02,1.02,0.0,0.0,1.02,18.37,0.0,12.24,8.16,3.06,12.24,0.51,2.04
3.81,2.12,0.42,0.0,0.42,12.71,0.42,13.56,0.85,2.97,7.2,1.905,1.0575
0.97,2.42,0.0,0.0,0.48,14.01,0.97,13.04,0.48,5.8,4.35,1.69,0.845
1.48,3.45,1.48,0.99,0.0,10.34,3.94,10.34,8.37,2.46,5.42,0.99,1.8449999999999998
1.27,3.82,1.27,0.0,1.91,16.56,2.55,10.83,5.1,0.0,6.37,0.32,0.6349999999999999
1.79,2.98,2.38,0.0,0.0,10.71,0.0,10.71,1.79,2.38,4.17,0.6,0.2975
3.43,0.57,0.57,0.0,0.0,10.29,3.43,11.43,1.71,1.71,12.57,0.285,0.57
1.9,2.37,0.47,0.95,0.0,9.0,0.0,11.37,3.32,3.32,12.32,0.95,1.185
0.0,3.81,0.0,0.0,0.95,10.48,1.9,6.67,1.9,3.81,12.38,1.9,0.7149999999999999
0.0,6.78,3.39,0.0,0.0,11.86,1.69,8.47,1.69,5.08,1.69,3.39,1.695
3.45,4.02,0.0,0.57,0.0,21.84,5.17,13.22,1.15,3.45,8.05,1.145,0.2875
3.14,1.26,0.0,0.0,0.0,16.98,5.66,12.58,0.63,2.52,6.92,0.63,0.63
1.68,4.47,2.23,0.0,0.0,25.14,8.38,9.5,0.56,1.12,7.82,1.4,0.5575
1.61,3.23,3.23,0.0,0.0,19.35,8.06,8.06,0.0,0.0,12.9,0.0,0.2025
1.53,3.82,3.82,0.0,0.0,12.21,3.05,6.11,0.0,0.0,10.69,0.0,0.0
0.6,2.98,2.98,0.0,0.0,13.1,1.79,11.31,0.0,0.0,10.71,0.0,0.2975
0.52,4.15,2.07,0.0,0.0,16.06,5.7,5.18,0.52,3.11,3.63,1.0350000000000001,1.0375
3.87,3.87,3.23,0.0,0.0,13.55,5.81,7.1,0.0,1.94,7.74,0.65,0.485
4.1,4.1,4.1,0.0,0.0,16.39,2.46,13.11,0.0,2.46,5.74,0.41,0.615
1.91,5.1,3.18,0.0,0.0,17.2,5.1,8.92,0.0,5.1,11.46,0.64,1.4325
3.85,3.21,2.56,0.0,0.64,14.74,1.92,11.54,0.64,0.0,9.62,0.0,0.48
5.56,2.22,2.22,0.0,0.0,11.11,0.0,10.0,0.0,0.0,16.67,1.11,0.0
2.06,5.15,5.15,0.0,0.0,20.62,6.19,7.22,0.0,2.06,5.15,0.0,0.515
1.27,3.18,0.64,1.91,0.0,18.47,3.18,9.55,6.37,4.46,6.37,0.32,0.7975
0.85,2.54,1.69,0.0,0.0,19.77,5.93,7.91,1.41,2.54,13.84,0.56,0.565
1.03,2.06,1.29,0.0,0.0,18.25,3.08,7.46,5.4,5.4,6.68,0.26,1.2850000000000001
0.87,1.16,0.58,0.0,0.0,15.03,5.49,8.38,3.76,4.91,10.4,0.0,1.4475
0.83,2.08,1.67,0.0,0.0,15.42,5.0,10.42,3.75,2.5,12.08,0.415,1.145
1.55,3.11,2.59,0.0,0.0,17.1,6.22,8.29,5.18,2.07,13.99,1.0350000000000001,0.52
1.04,2.08,2.08,0.0,0.0,16.88,2.6,7.53,3.64,5.97,9.61,0.13,0.7150000000000001
0.46,0.93,0.93,0.0,0.0,14.81,2.78,10.65,1.39,5.56,12.96,0.0,1.9675
0.56,0.0,0.0,0.0,0.0,7.34,1.69,9.04,2.26,5.08,15.25,1.41,1.5525
2.15,1.85,0.62,0.0,0.0,15.69,1.54,12.62,0.62,4.92,11.08,0.62,1.5399999999999998
0.71,1.41,0.0,0.35,0.35,16.25,0.71,8.83,3.89,4.59,10.25,0.71,1.765
0.33,2.0,0.67,0.0,0.0,12.0,1.33,13.33,4.0,2.0,10.33,1.5,1.0
0.0,2.65,2.65,0.0,0.0,14.39,1.89,9.85,2.27,1.89,11.74,0.19,1.1375
0.0,0.86,0.43,0.0,0.0,13.79,3.02,8.19,0.43,5.17,11.21,0.0,1.4
0.0,2.08,1.04,0.0,0.69,13.84,2.08,7.27,13.49,8.3,5.19,0.35,1.73
5.5,0.0,0.0,0.0,0.0,12.5,2.5,8.5,7.0,7.0,8.0,0.0,1.0
1.02,1.02,0.51,0.51,0.0,12.18,1.52,7.11,11.17,3.55,5.08,0.0,2.5374999999999996
3.85,1.92,0.96,0.0,0.0,5.77,0.0,14.42,0.0,0.0,11.54,0.96,0.24
5.26,2.63,2.63,0.0,0.0,11.4,0.88,13.16,0.88,0.0,12.28,0.0,0.0
0.0,0.62,0.0,0.62,0.0,12.42,1.24,8.07,2.48,1.86,12.42,0.31,0.9325
0.0,2.94,1.47,0.0,0.0,11.03,2.21,8.82,2.94,2.94,8.82,0.0,0.185
0.46,1.84,1.38,0.0,0.46,13.36,0.46,7.37,9.22,3.69,7.83,0.0,0.69
0.79,3.15,0.79,1.57,0.79,19.69,0.0,12.6,3.94,3.94,9.45,0.0,0.9850000000000001
1.83,0.61,0.61,0.0,0.0,11.59,1.22,13.41,6.1,3.05,12.8,0.0,0.45749999999999996
1.75,1.75,1.75,0.0,0.0,11.11,1.17,9.36,0.0,0.58,7.02,0.0,0.4375
4.17,0.69,0.69,0.0,0.0,11.11,0.69,10.42,2.08,2.78,15.97,0.0,1.39
0.6,0.6,0.0,0.0,0.0,11.45,3.01,8.43,1.81,1.81,9.64,0.6,0.4525
0.0,1.98,1.98,0.0,0.0,23.76,4.95,10.89,1.98,2.97,6.93,0.0,0.99
0.0,4.26,4.26,0.0,0.0,11.7,3.19,5.32,0.0,3.19,7.45,0.0,0.7975
0.0,1.67,1.11,0.0,0.0,13.89,1.67,8.89,0.56,7.22,13.89,0.8350000000000001,0.9725
0.0,3.89,1.67,0.0,0.0,16.67,1.67,13.33,0.56,3.33,16.11,2.22,0.4175
0.0,3.95,2.63,0.0,0.0,14.47,2.63,10.53,0.0,0.0,11.84,1.32,0.0
1.18,4.71,4.71,0.0,0.0,17.65,0.0,9.41,0.0,1.18,15.29,0.59,0.5875
0.0,4.83,3.45,0.0,0.0,16.55,0.0,8.97,0.0,3.45,11.72,1.7249999999999999,1.035
0.0,2.91,1.94,0.0,0.0,15.53,2.91,8.74,2.91,4.85,12.62,0.97,2.67
1.94,1.94,1.94,0.0,0.0,16.77,3.23,9.68,0.65,3.23,12.9,0.0,1.6125
0.0,4.46,3.57,0.0,0.0,21.43,6.25,11.61,0.0,1.79,11.61,0.89,0.67
0.0,2.3,1.72,0.0,0.0,14.94,2.3,9.2,1.15,4.6,12.64,0.57,1.005
0.68,3.4,2.72,0.0,0.0,17.69,2.72,10.2,0.0,3.4,13.61,0.68,1.53
0.0,1.1,1.1,0.0,0.0,12.09,2.2,8.79,1.1,2.2,18.68,0.0,0.55
0.0,2.61,1.74,0.0,0.0,13.91,0.87,10.43,1.74,6.96,14.78,0.87,2.175
0.55,1.1,0.55,0.0,0.0,9.89,1.1,10.44,0.0,7.14,18.68,0.55,1.785
0.0,2.76,2.76,0.0,0.0,13.81,1.1,7.73,2.76,4.97,7.73,0.0,1.2425000000000002
0.89,1.49,0.6,0.0,0.3,13.69,2.98,9.52,14.58,2.98,4.76,0.3,1.04
0.57,0.57,0.0,0.0,0.0,14.29,1.71,10.29,1.14,4.0,12.57,0.285,1.4275
0.95,2.86,0.48,0.48,0.48,10.0,0.95,8.1,2.38,0.0,10.95,0.95,0.2375
2.04,1.02,1.02,0.0,0.0,17.35,3.06,9.18,3.06,0.51,10.2,0.0,0.6375
0.49,0.98,0.49,0.0,0.0,8.33,1.96,7.84,4.41,3.92,9.8,0.0,1.715
1.12,2.24,1.12,0.0,0.0,12.31,1.49,6.34,4.48,3.73,13.43,0.0,1.3075
1.97,2.96,0.0,0.0,0.0,12.83,4.28,8.55,9.54,2.63,10.86,0.165,1.15
2.07,2.48,1.24,0.0,0.0,11.57,2.89,7.44,3.72,2.48,11.98,0.83,1.7574999999999998
1.63,1.96,0.98,0.0,0.0,11.44,1.63,8.17,4.58,3.27,11.76,0.165,1.1425
1.89,2.26,0.0,0.0,0.0,8.3,0.75,10.19,3.02,1.51,9.81,0.375,0.47
1.6,2.56,0.64,0.0,0.0,9.58,1.28,7.67,5.75,0.96,9.58,0.48,0.72
1.24,1.49,0.25,0.0,0.0,6.72,0.5,8.96,10.95,1.49,10.7,0.25,1.4925000000000002
0.0,2.47,2.47,0.0,0.0,18.52,5.56,5.56,4.32,3.09,8.64,0.0,1.08
0.0,6.67,6.67,0.0,0.0,16.67,3.33,6.67,0.0,6.67,6.67,0.0,0.8325
5.26,0.0,0.0,0.0,0.0,15.79,0.0,11.84,1.32,3.95,11.84,0.0,0.33
0.89,0.89,0.89,0.0,0.0,11.61,4.46,12.5,1.79,3.57,13.39,0.0,1.115
4.07,0.81,0.0,0.0,0.0,8.94,0.81,12.2,4.07,0.0,11.38,0.81,0.4075
3.6,1.8,0.9,0.0,0.0,6.31,2.7,9.91,1.8,7.21,15.32,0.45,2.0275
3.33,1.33,1.33,0.0,0.0,12.67,1.33,13.33,0.0,2.67,8.0,0.0,1.1675
3.96,4.95,2.97,0.0,0.0,7.92,1.98,15.84,0.99,4.95,9.9,1.98,2.475
4.76,1.59,0.79,0.0,0.0,13.49,3.17,11.11,0.79,3.17,11.11,0.0,0.9924999999999999
2.29,0.76,0.76,0.0,0.0,11.45,4.58,9.16,2.29,5.34,11.45,0.0,1.145
2.38,2.38,1.59,0.0,0.0,12.7,3.17,6.35,2.38,0.79,18.25,0.0,0.2
1.64,3.28,1.64,0.0,0.0,13.11,1.64,11.48,0.0,0.0,14.75,1.64,0.41
6.73,0.0,0.0,0.0,0.0,11.54,1.92,9.62,0.0,1.92,15.38,0.0,0.48
4.76,1.9,0.95,0.0,0.0,14.29,3.81,10.48,0.0,1.9,17.14,0.95,0.475
3.45,1.72,1.72,0.0,0.0,10.34,1.72,8.62,0.0,5.17,17.24,0.0,0.8625
0.0,5.11,1.7,0.57,0.0,14.2,2.27,7.95,7.95,7.95,3.41,0.0,0.42499999999999993
1.56,4.28,1.56,0.39,0.0,16.34,2.72,7.0,10.12,4.67,5.45,1.56,0.9725000000000001
0.42,3.81,1.69,0.42,0.0,13.98,2.12,8.05,2.12,2.54,14.41,1.48,0.74
0.99,4.43,1.97,0.49,0.0,11.33,2.46,7.88,1.97,1.97,14.29,1.97,0.7375
0.36,2.52,1.08,0.0,0.0,14.75,1.08,8.63,2.16,1.44,10.79,0.72,0.72
1.71,2.86,2.29,0.0,0.0,14.86,4.57,6.29,5.71,2.86,7.43,0.0,0.57
2.03,3.05,1.02,0.51,0.51,17.26,4.06,10.66,5.58,0.51,9.14,1.27,1.65
1.01,0.51,0.0,0.0,0.0,10.61,2.02,6.57,5.05,5.56,7.58,0.51,0.7575000000000001
1.37,2.05,0.68,0.68,0.0,16.1,4.79,10.27,2.74,2.4,13.36,0.68,0.77
1.36,4.52,0.9,0.0,0.0,13.57,0.9,9.95,4.07,4.98,6.79,2.26,1.3575
0.0,6.72,2.52,2.52,0.0,18.49,5.88,11.76,3.36,0.84,6.72,1.68,-0.21000000000000002
0.74,6.67,1.48,1.48,0.0,19.26,2.96,13.33,5.19,0.0,8.15,4.07,0.37
0.78,2.73,0.39,0.0,0.0,11.33,1.95,9.38,7.81,3.13,12.89,1.95,0.78
1.0,5.0,5.0,0.0,0.0,14.0,6.0,6.0,1.0,1.0,15.0,0.0,0.25
0.0,6.9,3.45,0.0,0.0,8.62,3.45,5.17,3.45,6.9,3.45,3.45,0.43
0.55,4.95,2.2,0.55,0.0,17.03,1.65,7.14,9.34,4.4,4.95,0.55,0.275
1.54,5.38,0.77,0.77,0.0,13.85,1.54,10.0,7.69,1.54,2.31,1.54,-0.1925
0.57,4.6,4.02,0.0,0.0,11.49,0.57,8.62,1.15,1.72,5.75,1.145,0.0
0.0,3.74,2.8,0.0,0.0,9.35,0.0,10.28,0.0,2.8,13.08,0.93,0.4675
2.22,3.89,0.0,2.22,0.0,16.67,3.89,5.0,15.0,3.33,7.78,0.8350000000000001,-0.2775
0.0,7.69,1.28,3.85,0.0,15.38,1.28,10.26,10.26,2.56,6.41,0.64,-0.32
1.71,3.42,0.85,1.71,0.0,19.66,0.0,6.84,8.55,0.85,5.13,0.85,0.0
4.5,4.5,1.8,1.8,0.0,18.02,4.5,9.91,10.81,1.8,10.81,0.0,0.0
2.26,4.51,0.75,1.5,1.5,18.05,2.26,9.02,7.52,3.01,7.52,0.0,-0.18999999999999995
0.86,4.31,1.72,0.86,0.0,14.66,0.0,9.48,2.59,3.45,6.9,0.86,0.215
5.0,2.5,2.5,0.0,0.0,20.0,2.5,10.0,0.0,1.25,13.75,0.0,0.0
0.0,6.84,1.71,0.85,0.0,14.53,0.85,11.11,1.71,2.56,5.98,0.85,0.6425
0.0,6.9,1.72,1.72,0.0,17.24,1.72,10.34,6.9,3.45,5.17,0.0,0.0
1.44,2.16,2.16,0.0,0.0,13.67,2.16,9.35,0.0,2.88,9.35,0.0,0.36
2.1,1.68,1.68,0.0,0.0,16.39,5.04,8.4,3.36,2.52,13.03,0.0,0.63
4.35,2.37,2.37,0.0,0.0,14.23,2.77,10.28,2.77,1.98,11.07,0.0,0.7925
3.97,3.31,1.99,0.0,0.66,11.92,0.66,7.28,1.99,0.0,12.58,0.33,0.8275
2.99,3.42,1.28,0.0,0.85,14.1,0.85,15.38,1.28,0.43,10.68,1.495,0.4275
0.87,1.75,0.87,0.0,0.0,14.85,2.18,7.42,3.49,5.68,10.04,0.0,0.9800000000000001
2.4,1.44,1.44,0.0,0.0,16.83,3.85,10.1,2.88,1.44,12.5,0.0,0.36
0.43,3.46,3.03,0.0,0.0,16.88,3.03,9.96,3.03,2.16,6.93,0.43,0.7575000000000001
2.39,3.35,1.91,0.48,0.0,8.61,1.44,9.09,3.35,1.44,11.96,0.48,0.0
2.42,3.86,2.42,0.0,0.0,14.98,3.38,10.63,1.93,2.9,6.76,1.21,1.45
1.44,1.44,0.48,0.0,0.0,16.35,3.85,8.17,1.44,0.0,10.1,0.96,0.6
8.37,0.49,0.0,0.0,0.0,8.37,0.99,10.84,1.97,0.0,11.82,0.74,1.1075
5.84,0.65,0.0,0.0,0.0,12.34,1.3,7.14,0.0,0.65,11.04,0.65,0.325
1.32,1.97,1.97,0.0,0.0,10.53,1.32,8.55,1.32,1.32,14.47,0.0,0.4925
0.0,2.02,2.02,0.0,0.0,18.18,3.03,6.06,9.09,4.04,4.04,0.0,0.7575000000000001
0.41,2.44,2.03,0.0,0.0,12.6,4.47,9.35,4.07,4.07,10.16,0.41,0.5075
1.85,3.24,3.24,0.0,0.0,14.81,4.17,8.33,1.85,3.24,14.81,0.0,1.3875
2.94,1.47,1.47,0.0,0.0,13.97,3.68,11.03,1.47,0.74,10.29,0.0,0.5525
1.65,3.72,2.48,0.0,0.0,14.05,5.79,7.44,0.41,0.0,8.68,0.83,0.2075
0.56,4.52,3.39,0.0,0.0,22.03,6.21,9.6,6.21,5.08,7.91,0.0,0.705
1.15,4.23,3.85,0.0,0.0,15.0,4.62,7.31,2.69,1.92,6.15,0.38,0.2875
1.36,2.72,1.36,0.0,0.0,10.88,1.36,9.52,1.36,2.04,10.88,0.0,0.51
2.03,4.73,1.35,0.0,0.0,21.62,1.35,14.19,0.0,2.03,7.43,3.04,0.5075
0.61,7.27,3.64,0.0,0.0,20.0,6.06,9.7,0.61,0.61,7.27,1.8199999999999998,0.1525
1.45,5.07,0.72,0.0,0.0,18.12,0.72,12.32,0.0,0.0,5.07,3.26,0.3625
2.76,2.07,1.38,0.0,0.0,20.0,6.21,11.72,3.45,0.0,14.48,0.69,0.5175
1.44,5.29,3.85,0.48,0.0,16.35,4.33,9.13,5.77,1.92,6.73,0.48,0.24
2.0,3.33,3.33,0.0,0.0,8.67,0.67,9.33,4.67,2.67,9.33,0.0,0.5
0.0,5.79,2.48,0.0,0.83,12.4,0.83,12.4,0.0,5.79,6.61,3.7199999999999998,1.0325
3.67,4.59,3.67,0.0,0.0,9.17,0.0,11.01,1.83,0.92,5.5,0.92,0.23
2.34,4.69,3.91,0.0,0.0,14.06,0.0,8.59,2.34,3.91,7.81,0.78,0.9775
2.34,3.13,2.34,0.0,0.0,10.16,0.0,10.16,0.0,0.0,8.59,0.39,0.0
2.41,4.82,1.81,0.0,0.0,15.06,2.41,13.25,0.6,0.6,8.43,0.6,0.3
3.6,4.32,2.16,0.0,0.0,17.99,2.88,8.63,0.72,1.44,6.47,2.52,0.18
1.08,3.23,2.15,0.0,0.0,12.9,0.0,8.6,2.15,2.15,7.53,1.08,1.0775000000000001
0.67,4.67,3.33,0.0,0.0,11.33,2.0,9.33,2.67,2.0,6.67,1.67,0.5
1.55,4.15,2.07,0.52,0.0,12.44,0.52,11.4,2.07,2.59,2.59,1.81,1.2974999999999999
0.0,7.36,3.07,0.0,0.0,12.27,0.61,7.36,0.0,3.07,4.29,4.29,0.3075
2.3,3.45,2.3,0.0,0.0,14.94,4.02,9.2,0.57,0.0,5.75,1.15,0.1425
4.79,2.05,1.37,0.0,0.0,17.81,2.74,14.38,2.74,0.0,6.16,0.68,0.685
0.0,6.76,3.38,0.0,1.35,19.59,3.38,10.14,0.0,2.7,2.7,2.365,0.5075
0.0,7.69,2.31,0.77,1.54,20.77,3.08,6.92,3.85,2.31,1.54,2.31,1.155
0.0,1.15,0.0,1.15,0.0,8.05,0.0,10.34,6.9,3.45,9.2,0.0,1.7249999999999996
0.77,0.77,0.77,0.0,0.0,15.38,0.77,6.92,2.31,0.0,10.77,0.0,0.1925
0.96,1.91,0.48,0.96,0.0,13.88,3.83,6.22,6.22,4.31,5.74,0.24,0.7175
0.0,1.79,1.35,0.45,0.0,13.9,0.9,8.97,4.48,2.69,11.21,0.0,1.4575
0.99,0.99,0.99,0.0,0.0,9.85,1.48,7.39,3.94,0.49,8.37,0.0,0.74
0.98,1.46,1.46,0.0,0.0,15.12,3.9,9.76,3.9,1.95,11.71,0.0,1.34
1.93,2.9,1.93,0.0,0.0,14.01,3.86,12.08,1.93,1.93,12.08,1.21,0.845
0.39,1.17,0.0,0.78,0.0,11.67,0.78,11.28,1.17,1.17,9.73,0.39,0.39
0.47,2.34,0.93,0.47,0.0,17.29,1.4,8.88,2.34,2.8,9.35,0.235,0.5825
1.59,2.12,1.59,0.0,0.0,10.58,1.59,11.11,2.65,1.59,8.99,0.265,1.06
0.89,0.44,0.44,0.0,0.0,14.22,2.67,12.0,0.89,0.44,8.89,0.22,0.11
3.31,1.66,0.0,0.0,0.0,13.81,3.31,16.57,1.66,0.55,6.63,2.485,0.41250000000000003
0.0,0.96,0.0,0.0,0.0,14.9,1.44,12.98,0.48,3.37,6.73,2.4050000000000002,0.72
1.11,2.58,1.85,0.0,0.0,14.76,4.06,10.33,3.32,1.85,7.01,2.95,0.37
3.77,1.89,1.89,0.0,0.0,7.55,1.89,11.32,0.0,3.77,11.32,0.0,2.3575
3.86,2.9,1.93,0.0,0.0,18.36,2.9,13.04,0.48,2.42,10.14,0.48,0.845
2.12,2.97,2.54,0.42,0.0,16.1,2.54,9.75,1.27,2.97,15.25,0.0,0.74
0.98,5.37,0.98,0.0,0.49,14.63,1.95,6.34,0.49,0.0,11.71,2.44,0.1225
1.06,4.79,4.26,0.0,0.0,12.23,2.13,7.98,0.0,1.6,13.83,0.0,0.5325
2.6,3.13,1.56,0.52,0.0,15.63,2.08,10.94,5.21,1.04,7.81,0.0,1.1700000000000002
0.85,3.81,1.69,0.42,0.0,16.95,3.39,9.75,4.66,5.51,9.32,1.06,1.06
1.2,3.61,1.2,0.4,0.0,16.47,3.21,12.85,7.63,3.21,14.06,1.2,0.4025
2.55,3.27,1.09,0.0,0.0,12.73,1.82,10.91,4.73,2.55,16.0,0.36,0.7274999999999998
3.07,1.75,1.32,0.0,0.0,10.09,0.88,10.96,3.95,2.19,14.47,0.0,0.875
1.98,3.47,3.47,0.0,0.0,10.4,0.99,9.9,0.99,0.5,12.38,0.0,0.495
0.58,0.58,0.58,0.0,0.0,12.79,1.16,12.79,5.23,0.0,11.05,0.0,0.29
1.39,2.44,1.39,0.0,0.35,16.38,3.48,8.36,2.09,3.14,10.1,0.7,0.5225
1.02,2.54,2.03,0.51,0.0,15.74,3.55,8.12,2.54,3.55,11.17,0.51,0.8875
0.83,4.13,0.0,3.31,0.0,14.05,2.48,4.96,16.53,0.83,7.44,0.0,0.205
0.45,2.68,0.89,0.0,0.0,13.39,1.79,8.48,3.57,4.02,6.25,2.6799999999999997,0.5575
1.36,4.76,3.4,0.68,0.68,10.2,0.68,10.88,2.04,2.72,11.56,0.0,0.8500000000000001
0.0,1.29,0.65,0.65,0.0,9.71,0.65,10.36,6.47,1.62,5.5,0.325,1.1349999999999998
0.0,2.98,0.0,1.28,0.0,11.49,0.43,10.64,1.7,5.11,9.79,1.49,1.065
2.03,2.03,1.35,0.0,0.0,17.57,3.38,8.78,3.38,3.38,12.16,0.68,0.845
0.8,1.6,0.4,0.0,0.4,12.0,2.8,7.2,4.8,1.6,9.2,0.0,0.2
2.01,2.41,1.2,0.4,0.0,18.47,6.02,11.65,4.82,4.02,8.84,0.0,0.9025000000000001
0.74,1.86,0.74,0.0,0.37,17.47,2.23,7.43,6.69,3.72,8.55,0.185,1.5799999999999998
1.48,1.11,0.0,0.0,1.11,15.56,2.96,7.04,6.3,1.48,12.22,0.185,0.6475
0.81,0.4,0.0,0.0,0.0,10.08,1.21,11.29,5.24,1.61,10.89,0.8049999999999999,1.01
0.81,1.22,1.22,0.0,0.0,11.38,1.63,10.98,4.07,2.03,6.1,0.405,0.71
0.0,1.66,0.33,0.33,0.0,12.58,1.66,6.29,4.64,2.98,9.93,0.165,0.6625
0.61,1.82,0.0,0.0,0.0,10.91,3.03,11.52,3.03,1.82,11.52,1.21,0.91
0.0,3.06,1.02,0.0,0.0,9.18,1.02,9.18,1.02,0.0,13.27,2.55,1.02
3.25,1.22,0.81,0.0,0.0,11.79,1.22,9.35,0.81,1.22,17.48,0.0,0.61
3.79,2.37,0.95,0.0,0.0,14.22,3.79,9.48,1.9,0.95,17.54,0.0,0.12
2.07,1.72,1.03,0.0,0.69,16.21,2.41,8.28,1.72,0.0,13.1,0.685,0.2575
1.82,3.64,1.36,0.91,0.0,17.73,1.82,10.45,0.45,1.36,14.55,0.45,0.795
1.71,3.42,1.71,0.0,0.0,15.38,2.99,8.97,1.28,1.28,15.38,1.495,0.3225
0.86,3.43,0.43,0.0,0.0,18.03,1.72,10.73,1.72,1.72,15.02,1.29,0.5349999999999999
4.29,1.9,0.95,0.0,0.0,13.81,5.24,8.1,0.95,2.38,13.33,0.48,0.475
3.04,3.04,1.3,0.0,0.0,14.78,2.61,9.13,1.74,1.3,15.65,0.43,0.325
3.85,2.88,0.96,0.0,0.0,15.87,5.29,10.1,2.88,1.44,12.98,0.48,0.24
0.0,3.39,3.39,0.0,0.0,18.64,1.69,8.47,0.0,0.0,15.25,0.0,0.0
0.57,2.84,1.7,0.0,0.0,14.77,1.14,9.66,0.57,2.27,15.91,0.57,0.5675
0.0,7.02,5.26,1.75,0.0,19.3,1.75,12.28,3.51,1.75,8.77,0.0,0.875
1.25,5.0,2.5,0.0,2.5,18.75,1.25,17.5,1.25,3.75,10.0,0.0,0.9375
0.0,3.77,3.77,0.0,0.0,13.21,0.0,11.32,16.98,3.77,3.77,0.0,2.83
0.0,4.24,3.39,0.85,0.0,21.19,3.39,7.63,4.24,1.69,8.47,0.0,0.0
5.48,4.11,4.11,0.0,0.0,10.96,4.11,12.33,0.0,0.0,6.85,0.0,0.0
0.0,3.82,3.05,0.76,0.0,8.4,3.82,6.87,1.53,0.0,11.45,0.0,0.0
0.0,2.59,1.55,1.04,0.0,17.62,2.59,5.18,5.18,5.18,5.7,0.26,0.6475
1.9,3.16,1.9,0.63,0.0,13.92,1.27,5.7,5.06,2.53,6.33,0.0,0.7925
0.86,3.0,2.58,0.0,0.0,16.31,3.0,7.73,4.29,3.86,6.87,0.0,0.6449999999999999
0.0,2.92,1.17,1.75,0.0,12.87,0.58,8.77,7.02,1.75,11.11,0.0,0.5825
1.17,5.26,1.17,3.51,0.0,19.88,0.58,7.6,1.75,1.75,5.85,0.0,0.0
3.6,2.16,2.16,0.0,0.0,8.63,0.72,10.07,0.72,1.44,10.07,0.0,0.18
2.01,2.51,2.51,0.0,0.0,12.56,6.03,6.53,1.51,0.5,8.04,0.0,0.3775
0.0,3.43,1.29,0.86,0.0,18.88,3.0,3.0,12.02,4.29,5.15,0.0,0.645
0.0,4.79,3.42,1.37,0.0,13.7,0.68,4.79,4.79,4.11,8.9,0.0,0.3425
0.66,1.97,0.66,1.32,0.0,13.16,3.29,7.89,1.97,3.29,6.58,0.0,0.8225
0.0,4.07,2.44,0.0,0.81,12.2,0.81,8.13,4.07,5.69,8.13,0.815,0.8125
1.94,0.0,0.0,0.0,0.0,9.71,2.43,5.34,4.37,5.34,9.22,0.0,0.605
1.12,3.35,0.0,0.0,0.0,8.94,1.12,11.17,2.23,0.0,6.7,3.355,0.0
0.99,0.0,0.0,0.0,0.0,10.4,2.48,9.9,1.98,0.0,13.37,0.745,0.8675
0.0,2.64,1.32,0.0,0.44,11.45,3.52,8.37,3.52,3.52,6.61,0.22,0.88
2.25,0.0,0.0,0.0,0.0,10.67,1.12,8.43,3.93,4.49,9.55,0.0,1.1225
0.52,1.55,0.0,0.0,0.0,17.01,3.61,5.67,4.12,5.67,8.25,0.0,0.905
2.07,0.52,0.0,0.0,0.0,7.77,1.04,10.88,2.07,1.55,11.4,1.295,0.5175000000000001
2.96,0.0,0.0,0.0,0.0,8.37,1.97,9.36,9.85,5.91,7.88,0.0,1.6025
0.48,0.48,0.48,0.0,0.0,8.17,2.4,7.21,6.25,0.0,8.17,0.0,0.24
1.09,0.0,0.0,0.0,0.0,3.83,2.19,5.46,3.83,0.0,14.21,0.275,0.5475
0.54,0.0,0.0,0.0,0.0,7.61,0.54,5.43,9.24,12.5,7.61,0.0,1.7625000000000002
1.38,1.38,1.38,0.0,0.0,11.72,1.38,8.28,8.97,1.38,8.28,0.0,2.2424999999999997
1.84,1.38,0.46,0.0,0.46,15.21,0.92,5.53,2.3,5.07,10.14,0.46,0.575
0.0,4.44,0.74,1.48,0.0,10.37,0.74,10.37,11.85,2.22,5.19,0.0,0.3699999999999999
1.24,4.15,0.41,2.07,0.0,12.86,2.07,12.03,4.56,4.15,10.79,1.035,1.555
1.53,2.04,0.0,1.02,0.0,8.67,1.02,12.76,6.12,0.0,7.14,1.275,0.0
1.63,2.93,1.3,0.98,0.0,13.68,0.98,13.68,2.61,0.65,7.17,0.325,0.32499999999999996
0.99,4.93,3.45,0.0,1.48,14.78,1.48,10.34,2.96,5.42,7.88,0.495,1.2325
3.55,0.59,0.0,0.0,0.0,12.43,3.55,13.02,1.78,3.55,7.69,0.59,1.775
0.73,3.28,1.46,0.73,0.73,13.5,1.46,10.22,8.03,5.84,5.84,0.0,1.3675000000000002
3.02,2.59,1.29,0.86,0.0,20.26,4.74,11.21,1.72,2.16,8.62,0.43,0.6475000000000001
2.62,1.31,0.44,0.87,0.0,13.54,3.93,10.48,5.24,1.75,8.73,0.0,0.6575
6.0,0.67,0.0,0.0,0.0,12.0,3.33,14.0,0.0,0.0,10.0,1.33,0.3325
3.37,2.25,1.12,0.0,0.0,14.61,1.69,15.73,2.25,0.0,5.62,0.28,0.5625
0.93,3.72,2.79,0.93,0.47,16.74,0.0,13.49,0.93,6.51,8.37,0.0,1.395
1.34,2.68,2.01,0.0,0.0,15.44,2.01,11.41,2.68,2.01,6.71,0.67,1.0075
0.0,1.54,0.0,1.54,0.0,15.38,0.0,7.69,3.08,4.62,7.69,0.0,0.7675000000000001
1.42,4.26,2.84,0.0,0.0,16.31,0.0,4.96,14.18,4.96,8.51,0.0,-0.355
0.0,3.59,2.4,0.0,0.0,14.97,2.4,5.99,2.99,2.99,6.59,1.2,0.45
1.5,3.5,1.5,0.0,0.0,10.0,2.5,9.5,10.5,3.0,13.0,2.25,0.625
1.43,2.14,0.71,0.0,0.71,18.57,6.43,15.0,0.0,0.0,8.57,1.785,0.0
2.86,3.43,2.29,0.0,0.0,14.29,4.57,9.14,1.71,2.86,9.71,0.57,1.0
0.0,4.35,1.93,0.48,0.0,16.43,1.93,9.18,4.35,5.31,9.66,1.45,0.24
1.41,1.41,0.0,0.0,1.41,15.49,0.0,7.04,2.82,0.0,4.23,0.705,0.3525
0.0,1.41,1.06,0.0,0.0,16.55,2.11,7.04,8.45,3.17,8.45,0.35,1.055
0.53,2.66,2.66,0.0,0.0,20.21,4.79,9.57,2.66,1.6,12.23,0.0,0.93
0.0,3.77,1.89,0.0,1.89,16.04,0.94,11.32,0.94,0.94,8.49,0.47,0.0
0.98,0.0,0.0,0.0,0.0,10.78,0.0,8.82,0.0,0.0,13.73,0.0,0.0
0.0,1.29,1.29,0.0,0.0,16.13,3.23,3.87,5.16,3.87,12.26,0.0,1.6150000000000002
0.0,2.22,1.48,0.37,0.0,25.19,6.3,5.56,10.37,4.81,2.59,0.0,0.2775
2.44,2.44,2.44,0.0,0.0,13.82,1.63,11.38,3.25,1.63,12.2,0.0,0.2025
0.0,5.17,2.59,2.59,0.0,27.59,6.9,7.76,9.48,0.86,9.48,0.0,-0.4325
2.07,3.45,1.38,0.0,0.69,15.86,2.07,9.66,4.83,1.38,6.9,0.69,0.69
0.0,5.88,0.65,0.0,1.31,14.38,1.31,9.8,0.65,1.96,7.84,3.5949999999999998,0.3275
2.35,1.76,0.0,0.0,0.59,18.82,2.35,6.47,5.29,1.18,10.59,0.59,0.1475
0.0,4.79,2.13,0.53,0.53,24.47,5.85,7.45,3.72,1.06,11.7,1.6,0.39999999999999997
0.0,3.13,1.04,2.08,0.0,20.83,5.21,6.25,4.17,3.13,10.42,0.0,0.0
1.89,3.77,0.94,1.89,0.0,19.81,3.77,9.43,7.55,1.89,15.09,0.94,0.47250000000000003
0.77,2.31,1.54,0.77,0.0,16.92,2.31,10.0,1.54,1.54,13.08,0.0,0.1925
0.0,2.41,0.0,0.0,0.0,18.07,2.41,9.64,6.02,2.41,4.82,2.41,0.3
1.0,5.0,2.0,0.0,1.0,14.0,2.0,14.0,4.0,0.0,4.0,2.5,0.25
1.27,2.53,0.0,0.0,0.0,15.19,2.53,10.13,0.0,0.0,6.33,2.53,0.0
0.91,4.55,0.0,0.91,0.0,20.0,0.91,10.91,0.91,4.55,15.45,3.64,1.1375
0.0,5.8,0.0,2.9,0.0,28.99,2.9,10.14,14.49,0.0,2.9,2.9,0.0
0.0,0.0,0.0,0.0,0.0,22.58,3.23,9.68,0.0,0.0,9.68,0.0,0.0
0.0,6.54,2.8,0.0,0.0,14.02,2.8,9.35,8.41,1.87,5.61,0.935,0.7000000000000001
0.0,4.76,2.98,0.0,0.0,18.45,2.38,7.14,3.57,1.79,11.31,0.595,1.3399999999999999
5.43,3.1,2.33,0.0,0.0,13.18,3.1,10.08,6.98,0.0,7.75,1.5550000000000002,0.97
2.68,1.79,1.79,0.0,0.0,10.71,1.79,8.04,6.25,0.0,8.93,1.34,0.67
0.0,1.23,1.23,0.0,0.0,13.93,0.41,9.43,3.69,3.69,13.11,1.025,1.025
0.0,2.68,2.68,0.0,0.0,6.25,1.79,7.14,6.25,2.68,7.14,0.0,1.1175000000000002
0.0,4.26,2.74,0.3,0.0,15.81,3.95,7.9,8.81,1.82,5.78,0.0,0.4575
0.49,1.7,1.46,0.0,0.0,13.63,1.22,9.0,6.57,3.16,9.25,0.245,0.73
1.5,1.5,1.12,0.0,0.0,16.1,3.0,6.74,6.74,1.87,12.73,0.185,0.8425
8.57,2.86,2.86,0.0,0.0,2.86,0.0,7.14,8.57,0.0,11.43,0.0,1.0725
3.13,4.69,4.69,0.0,0.0,14.06,3.13,7.81,9.38,1.56,10.94,0.0,1.5625
0.47,1.88,1.41,0.0,0.47,15.96,1.88,9.86,6.57,3.76,7.51,0.705,1.0574999999999999
0.0,3.85,3.85,0.0,0.0,23.08,11.54,3.85,7.69,3.85,3.85,0.0,1.925
0.0,3.09,3.09,0.0,0.0,7.22,0.0,10.31,6.19,2.06,11.34,0.0,1.2875
0.0,3.72,1.86,1.86,0.0,15.48,1.86,8.36,5.26,4.02,9.91,0.0,0.465
3.63,1.61,0.81,0.4,0.0,14.11,3.63,10.08,1.61,2.02,9.68,0.4,0.3025
0.58,3.29,1.94,0.78,0.0,17.44,4.07,10.08,1.36,1.55,8.53,0.39,0.6775
0.67,3.48,1.01,1.69,0.45,16.29,3.15,11.01,4.16,1.8,6.07,0.22,0.3375
1.67,3.96,2.13,1.52,0.3,15.98,2.74,10.2,2.89,3.2,7.76,0.15,0.19
0.71,3.09,0.48,1.43,0.0,19.74,3.45,11.18,7.25,0.95,7.13,0.24,0.5325000000000001
0.16,4.12,2.38,1.58,0.16,15.53,1.74,10.62,1.74,2.54,3.49,0.0,0.8325
0.14,3.38,1.35,1.08,0.14,23.41,3.25,12.31,4.06,1.62,6.22,0.135,0.6774999999999999
0.73,3.3,2.32,0.86,0.0,18.7,2.44,9.17,4.28,1.1,7.46,0.06,0.24250000000000002
0.83,5.33,3.5,0.33,0.5,19.67,3.0,8.17,1.0,1.33,8.83,0.67,0.5825
0.29,5.42,3.42,1.14,0.29,16.55,2.43,8.56,2.28,2.0,6.85,0.14,0.6775
0.6,5.42,3.61,1.0,0.2,15.46,2.01,10.84,1.61,1.81,9.04,0.0,0.5025000000000001
1.37,6.41,1.83,0.23,1.6,16.93,2.29,14.42,1.83,1.83,6.86,0.115,0.515
0.56,4.33,1.69,2.26,0.38,17.51,1.69,11.49,6.21,2.07,5.84,0.0,0.37750000000000006
0.8,3.6,0.8,0.0,0.0,16.4,1.6,8.0,2.4,3.6,6.8,1.6,0.39999999999999997
0.0,1.5,1.5,0.0,0.0,11.28,2.26,9.77,1.5,1.5,6.77,0.0,0.75
1.26,3.14,1.26,0.0,0.0,10.69,2.52,8.18,3.77,6.92,12.58,0.0,1.415
0.0,3.74,0.93,0.0,0.0,17.29,6.07,10.28,2.8,4.21,9.35,0.9349999999999999,0.585
0.0,3.97,2.38,0.0,0.0,10.32,2.38,6.35,2.38,10.32,15.08,0.0,1.785
1.07,2.67,2.14,0.0,0.0,10.16,2.14,9.63,1.07,1.6,6.42,0.53,0.8
0.58,1.74,1.74,0.0,0.0,8.14,0.0,8.72,1.16,4.07,11.63,0.0,0.7275
1.81,1.81,1.2,0.0,0.0,12.65,0.6,10.84,3.01,4.82,6.63,0.6,0.9025
1.13,2.63,1.88,0.38,0.0,12.78,1.88,10.53,0.38,3.01,9.77,0.565,1.13
1.9,1.14,1.14,0.0,0.0,11.41,2.28,9.51,2.66,0.38,11.03,0.19,0.475
0.5,2.97,1.98,0.99,0.0,13.37,2.97,8.42,0.99,0.5,10.4,0.0,0.1225
0.46,4.13,4.13,0.0,0.0,16.06,1.83,10.55,1.38,2.29,9.63,0.0,0.5725
2.3,1.72,1.72,0.0,0.0,9.2,0.57,10.34,1.72,2.87,10.92,0.0,0.86
1.12,2.24,1.87,0.0,0.0,12.31,2.24,8.21,2.24,4.1,5.97,0.37,1.1175
0.32,2.27,1.62,0.0,0.0,16.18,2.27,9.39,2.27,3.24,9.71,0.485,0.40499999999999997
1.1,2.56,2.56,0.0,0.0,9.89,1.47,11.72,2.2,4.4,8.06,0.0,1.1925000000000001
1.15,2.69,2.31,0.38,0.0,11.92,0.38,13.08,0.38,3.08,7.69,0.19,0.9625
0.55,0.55,0.55,0.0,0.0,13.11,2.19,9.84,0.55,0.0,11.48,0.0,0.41000000000000003
0.53,2.12,1.06,0.0,0.0,12.7,3.17,12.7,1.59,5.29,9.52,0.265,0.925
1.95,2.6,1.95,0.65,0.0,12.99,4.55,8.44,1.95,3.9,12.99,0.0,1.6224999999999998
0.93,2.78,2.31,0.46,0.0,13.89,3.24,9.26,3.7,1.39,8.33,0.23,0.8125
0.0,1.82,1.82,0.0,0.0,14.55,0.0,12.73,3.64,9.09,3.64,0.0,1.8175000000000001
0.46,2.3,0.46,1.38,0.0,12.44,2.76,9.68,5.07,3.23,8.29,0.0,1.3825
0.0,1.4,0.0,0.47,0.0,15.89,3.74,7.94,0.47,2.34,13.55,0.93,0.23249999999999998
1.63,0.82,0.0,0.41,0.0,8.98,2.45,9.39,4.08,0.82,10.61,0.0,0.40750000000000003
0.0,1.07,1.07,0.0,0.0,18.18,5.88,13.37,2.67,3.74,6.42,0.265,0.5325
0.0,1.4,0.47,0.0,0.0,19.16,7.48,8.88,7.01,1.4,5.14,1.165,0.585
0.92,1.38,0.0,1.38,0.0,15.14,1.83,10.09,3.67,1.83,12.39,0.23,0.3425
0.93,2.78,0.93,0.0,0.0,14.81,3.24,9.72,2.78,4.63,10.65,0.93,0.925
0.51,3.03,0.0,2.02,0.0,11.11,1.01,8.08,4.04,2.53,10.1,2.5300000000000002,-0.5049999999999999
0.0,2.65,0.44,2.21,0.0,9.29,3.1,7.96,2.65,2.65,11.95,0.22,-0.21999999999999997
0.0,1.82,0.91,0.0,0.0,12.73,1.82,10.91,1.82,0.0,10.91,0.91,0.455
1.66,1.66,0.55,0.0,0.0,12.15,3.87,6.63,0.0,2.76,14.36,1.38,0.5525
1.71,1.14,0.57,0.0,0.0,15.43,3.43,10.86,2.29,0.57,9.71,0.285,0.8574999999999999
0.0,1.93,0.0,0.97,0.48,7.73,0.48,7.25,0.97,2.42,9.18,0.48,0.3625
1.33,3.33,3.33,0.0,0.0,14.67,0.67,10.67,0.0,4.0,13.33,0.0,1.5
2.39,2.79,1.99,0.4,0.0,15.14,1.99,9.96,6.37,4.38,10.36,0.4,0.6975
1.24,2.89,2.07,0.0,0.0,12.81,1.24,8.26,0.0,0.0,9.5,2.07,0.31
5.17,0.86,0.86,0.0,0.0,11.21,2.16,12.07,2.16,2.59,10.78,0.645,0.8624999999999999
0.0,3.57,2.78,0.4,0.0,15.87,0.79,9.52,2.38,3.97,5.16,0.0,0.595
3.37,1.92,1.44,0.0,0.0,10.58,2.88,10.58,4.81,1.92,8.65,1.68,0.72
2.36,5.51,3.15,1.57,0.0,12.6,3.15,13.39,4.72,1.57,8.66,0.785,0.7849999999999999
0.0,3.48,2.99,0.0,0.0,16.92,1.0,11.94,4.48,2.99,4.98,0.25,1.37
2.68,1.53,0.38,0.38,0.0,16.48,1.92,8.05,5.36,1.53,8.43,0.0,0.38499999999999995
1.39,1.39,0.93,0.0,0.0,10.19,2.78,8.33,0.0,1.39,12.5,1.155,0.3475
2.03,1.63,1.22,0.0,0.0,8.54,2.03,10.98,1.22,2.85,8.54,0.41,0.915
0.36,2.19,1.82,0.36,0.0,13.5,0.36,8.03,3.65,4.74,9.12,0.0,0.73
0.53,3.16,2.63,0.0,0.0,16.32,2.63,8.42,7.89,5.79,8.95,0.53,0.6575
0.35,2.1,1.4,0.35,0.0,15.03,1.05,9.44,3.5,5.24,10.14,0.0,1.5725000000000002
0.0,3.57,0.0,0.0,0.0,10.71,0.0,14.29,0.0,7.14,10.71,0.0,1.785
0.0,3.51,0.88,0.0,0.0,9.65,0.0,10.53,5.26,0.88,11.4,2.63,0.22
0.75,1.49,0.0,0.0,0.0,8.21,0.75,14.18,7.46,0.0,11.94,0.0,0.375
0.0,3.3,1.1,0.0,0.0,7.69,2.2,9.89,2.2,0.0,8.79,2.75,0.0
0.0,5.48,0.0,0.0,0.0,13.7,2.74,9.59,2.74,2.74,8.22,5.48,0.685
1.27,1.27,0.0,0.0,0.0,15.19,1.27,7.59,3.8,1.27,10.13,0.0,-0.3175
0.91,2.73,0.91,0.0,0.0,13.64,2.73,9.09,2.73,1.82,5.45,1.82,0.2275
0.0,3.81,0.95,0.0,0.0,8.57,1.9,13.33,0.0,0.95,5.71,2.86,0.2375
1.5,3.01,0.0,0.0,0.0,13.53,1.5,9.02,4.51,1.5,6.77,3.01,0.5625
0.0,5.88,0.0,0.0,0.0,10.29,2.94,14.71,8.82,0.0,7.35,5.88,0.3675
0.0,3.41,0.0,0.0,0.0,7.95,0.0,15.91,2.27,0.0,13.64,6.25,0.285
0.0,0.7,0.0,0.0,0.0,11.27,0.7,9.15,4.23,3.52,9.86,1.055,1.4074999999999998
0.0,6.56,0.0,0.0,4.92,18.03,0.0,16.39,4.92,8.2,8.2,4.1,1.23
2.6,1.3,0.0,0.0,0.0,14.29,1.3,12.99,1.3,2.6,9.09,1.3,0.325
0.0,2.86,2.86,0.0,0.0,11.43,0.0,11.43,0.0,0.0,11.43,0.0,0.0
0.0,2.2,2.2,0.0,0.0,13.19,0.0,8.79,5.49,0.0,10.99,0.0,0.0
2.0,3.0,3.0,0.0,0.0,11.0,2.0,10.0,2.0,3.0,10.0,0.0,0.5
0.0,4.58,2.29,0.76,0.0,9.16,0.76,7.63,0.76,0.0,13.74,1.53,0.0
0.0,2.8,0.93,0.0,0.0,9.35,0.0,8.41,0.0,4.67,15.89,1.87,0.7
0.72,3.6,2.16,0.0,0.0,16.55,1.44,10.79,0.0,2.88,10.07,1.44,0.54
0.0,6.06,0.0,0.0,0.0,9.09,1.52,10.61,0.0,4.55,4.55,6.06,0.38
0.0,3.79,3.03,0.0,0.0,15.15,2.27,9.85,2.27,2.27,9.85,1.1400000000000001,0.38
0.0,3.92,1.96,0.0,0.0,15.03,5.88,7.84,0.0,3.92,12.42,2.285,0.3275
1.31,2.62,0.87,0.0,0.0,17.03,1.31,12.66,0.0,1.75,6.99,1.53,0.4375
0.0,4.72,1.29,1.29,0.43,16.31,2.58,12.45,6.44,0.43,4.29,0.43,-0.21499999999999997
2.03,3.55,2.03,0.0,0.0,13.71,2.03,11.68,0.0,0.51,10.66,1.52,0.38
0.0,4.67,2.67,0.0,0.0,12.0,0.67,6.0,1.33,4.67,11.33,2.335,0.5
0.88,2.63,1.75,0.0,0.88,10.09,0.88,10.09,0.44,3.95,10.53,0.0,0.8775
0.0,6.12,2.04,2.04,0.0,16.33,0.0,12.24,6.12,2.04,8.16,0.0,-0.51
2.67,0.0,0.0,0.0,0.0,16.0,1.33,14.67,1.33,1.33,14.67,0.0,0.0
3.33,1.67,0.0,1.67,0.0,13.33,0.0,10.0,0.0,0.0,13.33,0.0,0.0
4.17,4.17,0.0,0.0,0.0,12.5,0.0,8.33,0.0,0.0,8.33,4.17,0.0
1.49,2.99,0.0,0.0,0.0,13.43,1.49,13.43,2.99,4.48,11.94,0.745,0.7475
13.04,0.0,0.0,0.0,0.0,13.04,8.7,8.7,0.0,0.0,8.7,0.0,0.0
0.0,3.85,3.85,0.0,0.0,7.69,3.85,15.38,0.0,3.85,3.85,0.0,1.9225
0.0,8.06,3.23,0.0,0.0,8.06,0.0,8.06,0.0,3.23,8.06,3.23,0.8075
0.0,10.53,5.26,0.0,0.0,0.0,0.0,10.53,0.0,0.0,15.79,5.26,0.0
0.0,4.44,4.44,0.0,0.0,11.11,2.22,6.67,0.0,4.44,8.89,0.0,1.11
4.17,4.17,0.0,0.0,0.0,12.5,0.0,6.25,2.08,2.08,6.25,3.125,0.0
0.0,2.78,0.0,0.0,0.0,0.0,0.0,16.67,2.78,2.78,8.33,5.555,0.695
0.0,6.35,1.59,1.59,0.0,9.52,0.0,7.94,9.52,3.17,7.94,0.0,-0.7925
0.0,4.76,1.59,1.59,0.0,17.46,4.76,6.35,6.35,1.59,4.76,3.175,-0.3975
4.0,2.4,1.6,0.0,0.0,16.8,4.0,12.8,5.6,0.0,10.4,1.2000000000000002,1.2000000000000002
1.0,4.32,1.0,0.0,2.66,11.3,1.33,5.98,11.63,0.66,6.98,0.165,0.9125000000000001
1.75,0.88,0.88,0.0,0.0,6.14,0.44,9.21,4.39,0.0,7.89,0.66,0.6575
1.64,3.69,1.23,0.0,0.0,11.48,1.23,11.48,3.28,2.46,8.2,2.665,0.9224999999999999
2.9,2.9,0.97,0.0,0.0,11.11,2.42,14.01,5.31,1.93,5.8,1.69,0.725
1.32,0.44,0.0,0.0,0.0,11.89,1.32,12.33,5.29,3.52,6.17,1.98,0.77
2.46,1.23,1.23,0.0,0.0,12.3,2.05,11.07,1.64,1.23,8.2,3.075,0.41
2.62,2.18,1.75,0.0,0.0,18.34,4.37,12.23,1.75,2.18,6.99,0.0,0.6575
0.0,2.82,1.21,0.0,0.0,8.47,0.81,7.26,6.45,0.0,8.06,1.415,0.0
0.0,4.55,2.73,0.45,0.0,12.73,4.09,9.55,6.36,0.0,7.27,1.135,0.455
1.32,2.64,2.2,0.0,0.0,10.13,2.2,7.05,3.08,3.08,13.22,0.22,0.88
0.0,3.05,2.44,0.0,0.0,12.8,1.83,9.76,4.88,3.05,8.54,1.22,0.9150000000000001
4.76,3.17,3.17,0.0,0.0,14.29,4.76,12.7,7.94,0.0,6.35,0.0,1.5875
2.22,8.89,2.22,4.44,2.22,22.22,0.0,11.11,0.0,0.0,6.67,0.0,0.0
3.47,4.05,2.89,0.0,0.0,14.45,2.89,9.25,0.0,1.16,9.25,1.16,0.145
3.45,1.72,0.86,0.0,0.86,13.79,0.86,10.34,0.0,0.86,10.34,2.155,0.6475
0.0,3.92,1.96,0.0,0.0,7.84,0.0,9.8,3.92,3.92,7.84,0.0,1.9600000000000002
0.56,6.18,2.25,0.0,0.0,14.61,1.69,12.36,1.69,3.37,11.24,4.21,0.14
0.0,5.63,2.82,0.0,0.0,8.45,1.41,11.27,0.0,1.41,9.86,3.5250000000000004,0.0
1.75,3.51,2.63,0.0,0.0,9.65,3.51,13.16,0.0,0.88,13.16,0.88,0.4375
0.67,5.33,2.67,0.0,0.0,14.0,0.67,11.33,4.0,6.0,12.0,2.0,1.0
0.97,2.91,2.91,0.0,0.0,14.56,3.88,9.71,0.0,0.97,14.56,0.0,0.2425
0.0,3.09,2.06,0.0,0.0,20.62,11.34,13.4,0.0,2.06,10.31,1.545,0.515
3.4,5.53,0.43,2.55,0.0,11.49,0.85,11.06,4.68,3.4,8.09,1.28,0.3175
0.0,9.62,7.69,0.0,0.0,11.54,5.77,5.77,0.0,1.92,13.46,0.0,0.48
2.33,4.65,4.65,0.0,0.0,16.28,2.33,9.3,0.0,2.33,2.33,0.0,0.5825
0.0,0.0,0.0,0.0,0.0,23.26,6.98,4.65,9.3,9.3,2.33,0.0,2.9075
3.61,1.2,0.0,0.0,0.0,15.66,3.61,13.25,0.0,2.41,12.05,2.41,0.9025
1.37,2.74,0.68,0.0,0.0,15.75,1.37,16.44,0.0,0.0,9.59,1.71,0.0
0.0,2.74,0.0,0.0,1.37,5.48,0.0,10.96,0.0,0.0,8.22,1.37,0.0
2.03,2.03,2.03,0.0,0.0,18.24,2.03,11.49,2.03,6.08,6.76,0.0,0.8450000000000001
0.75,2.99,0.75,0.75,0.0,11.94,2.24,10.45,4.48,5.22,11.94,1.49,0.37250000000000005
2.84,1.42,1.42,0.0,0.0,15.6,3.55,12.06,2.13,4.26,2.84,0.355,0.355
0.0,6.67,1.33,0.0,1.33,21.33,1.33,16.0,1.33,0.0,2.67,2.67,0.0
3.39,3.39,0.85,0.0,1.69,13.56,0.85,12.71,0.85,0.0,5.93,0.85,0.2125
0.0,2.35,0.0,0.0,0.0,9.41,2.35,14.12,0.0,0.0,7.06,2.35,0.295
0.69,0.69,0.69,0.0,0.0,21.38,4.14,13.1,0.0,0.69,5.52,1.035,0.69
0.0,3.33,3.33,0.0,0.0,20.0,3.33,13.33,6.67,6.67,0.0,0.0,3.3325
0.0,3.64,1.82,0.0,0.0,14.55,1.82,14.55,3.64,5.45,9.09,1.82,0.91
0.0,3.13,2.5,0.0,0.0,16.88,0.0,9.38,0.63,4.38,5.0,0.63,0.7825
0.65,2.6,0.65,0.65,0.0,17.53,1.3,7.14,9.09,7.14,9.74,1.3,2.4374999999999996
5.15,0.0,0.0,0.0,0.0,13.97,1.47,10.29,2.21,1.47,10.29,0.0,0.5525
1.32,0.88,0.44,0.0,0.0,12.33,1.76,11.45,1.76,0.88,13.22,0.0,0.33
1.31,0.44,0.44,0.0,0.0,8.3,1.31,8.73,1.31,0.87,13.1,0.0,0.4375
0.6,2.38,1.79,0.0,0.0,12.5,1.19,7.74,1.19,2.38,14.29,0.6,1.1925
2.16,0.86,0.0,0.0,0.0,10.78,2.59,8.19,1.29,1.72,12.93,0.86,0.6475
3.16,1.05,0.0,0.35,0.35,18.25,2.81,8.77,2.11,1.75,10.18,0.35,0.525
1.12,1.49,0.0,0.74,0.37,10.78,1.12,9.67,1.86,2.23,10.78,0.0,0.835
2.12,2.39,0.53,1.33,0.0,19.63,3.71,10.08,4.77,2.39,10.34,0.27,0.6625
1.28,0.96,0.32,0.64,0.0,14.74,2.88,12.18,1.6,3.21,11.54,0.0,0.6399999999999999
2.7,1.93,0.77,0.39,0.0,14.67,1.54,13.13,0.77,0.77,10.42,0.0,0.2899999999999999
0.0,3.29,0.27,2.47,0.27,17.81,1.64,10.41,10.41,3.01,6.58,0.0,0.41000000000000003
3.55,1.78,0.59,0.0,0.59,14.79,1.78,10.65,0.0,1.78,11.83,0.0,0.295
1.32,2.19,1.32,0.0,0.0,11.4,0.88,5.7,4.39,2.19,12.28,0.0,1.2049999999999998
0.0,3.57,1.79,0.0,0.0,17.86,3.57,7.14,3.57,1.79,10.71,1.79,0.4475
0.0,0.83,0.0,0.83,0.0,16.67,1.67,10.83,8.33,2.5,7.5,0.83,-0.21
0.0,0.0,0.0,0.0,0.0,12.82,0.0,12.82,0.0,0.0,2.56,0.0,0.0
0.0,4.65,2.33,0.0,2.33,23.26,6.98,11.63,0.0,0.0,2.33,0.0,0.0
0.0,1.32,0.0,0.0,0.0,18.42,5.26,6.58,5.26,3.95,2.63,1.315,0.0
0.0,3.23,0.0,1.61,0.0,25.81,4.84,6.45,4.84,3.23,1.61,1.61,-0.4025
0.0,1.6,0.0,0.8,0.0,19.2,4.0,8.0,10.4,6.4,5.6,0.0,0.8
0.0,4.26,4.26,0.0,0.0,21.28,12.77,8.51,0.0,0.0,8.51,0.0,0.0
0.0,0.0,0.0,0.0,0.0,4.35,0.0,4.35,0.0,0.0,4.35,0.0,0.0
0.0,4.92,0.0,3.28,0.0,8.2,1.64,6.56,6.56,1.64,3.28,0.0,0.0
0.0,3.57,3.57,0.0,0.0,14.29,3.57,14.29,0.0,0.0,7.14,0.0,0.0
0.0,6.0,0.0,2.0,0.0,16.0,2.0,2.0,18.0,0.0,2.0,0.0,1.5
0.0,4.44,2.22,0.0,0.0,28.89,8.89,8.89,4.44,2.22,4.44,1.11,0.555
0.0,8.0,4.0,0.0,0.0,22.0,8.0,12.0,2.0,2.0,8.0,0.0,0.5
2.3,2.3,1.15,0.0,0.0,5.75,0.0,5.75,2.3,8.05,14.94,1.15,2.3
0.0,1.57,0.79,0.0,0.39,9.06,0.79,6.69,1.97,5.91,15.35,0.5900000000000001,1.575
1.83,2.29,1.38,0.0,0.0,13.3,2.75,10.55,1.38,0.0,10.55,1.145,0.6875
1.09,3.26,3.26,0.0,0.0,11.96,3.8,7.61,0.0,3.26,15.76,0.0,0.68
0.0,2.43,2.43,0.0,0.0,8.68,0.69,6.94,3.47,7.99,12.15,0.0,0.7825
1.24,1.65,0.83,0.0,0.41,13.64,2.48,9.92,4.96,5.79,7.85,0.205,1.1375
0.8,1.99,1.59,0.0,0.0,8.76,2.79,7.57,1.59,3.59,12.75,0.0,1.295
1.22,1.22,0.61,0.3,0.0,11.59,1.52,5.79,7.01,5.18,7.62,0.3,1.2175
0.63,2.21,0.63,0.0,0.0,12.93,2.21,7.89,4.73,5.05,12.3,0.95,0.7899999999999999
0.0,2.25,0.0,1.8,0.0,8.56,1.35,8.56,3.6,2.7,9.91,1.35,0.5625
0.45,2.69,1.35,0.0,0.9,15.7,1.79,8.07,2.69,4.48,12.11,0.0,0.8975
0.0,1.81,0.6,0.0,0.0,12.65,1.51,5.72,8.13,4.52,6.63,0.3,0.5275
0.0,2.13,0.0,0.85,0.85,15.74,1.28,12.34,2.13,4.26,6.81,0.0,1.1700000000000002
1.25,2.5,1.25,0.0,1.25,13.13,0.63,6.88,6.25,4.38,10.0,0.315,0.9375
0.0,0.0,0.0,0.0,0.0,18.03,0.0,4.92,13.11,6.56,8.2,0.0,0.41
0.0,0.0,0.0,0.0,0.0,8.7,2.17,4.35,13.04,8.7,10.87,0.0,0.0
0.0,1.85,1.85,0.0,0.0,16.67,0.0,5.56,7.41,3.7,9.26,0.0,0.925
0.0,4.17,1.39,0.0,0.0,9.72,0.0,6.94,8.33,4.17,11.11,2.78,2.085
1.18,1.18,0.0,0.0,0.0,25.88,3.53,7.06,0.0,3.53,5.88,0.0,0.5875
1.15,2.3,0.0,2.3,0.0,5.75,0.0,8.05,10.34,2.3,8.05,0.0,0.575
4.17,2.08,2.08,0.0,0.0,16.67,6.25,8.33,0.0,0.0,14.58,0.0,0.52
0.0,2.63,1.32,0.0,0.0,11.84,1.32,7.89,1.32,1.32,10.53,1.32,0.33
1.39,1.39,1.39,0.0,0.0,6.94,0.0,4.17,5.56,8.33,9.72,0.0,1.7374999999999998
1.38,5.52,1.38,0.0,0.0,12.41,0.69,11.03,5.52,4.14,4.14,3.795,2.07
0.58,2.92,1.75,0.0,0.0,10.53,0.0,9.36,2.92,9.94,11.7,1.17,0.8775
1.73,0.43,0.43,0.0,0.0,4.76,1.3,8.23,2.6,6.06,16.88,0.215,1.4075
5.17,3.45,0.0,0.0,0.0,12.07,1.72,10.34,0.0,0.0,12.07,3.45,0.43
1.89,2.83,0.0,0.0,0.0,11.32,0.94,16.04,0.94,0.0,7.55,3.3,0.47
0.59,5.29,2.35,0.0,0.0,7.06,0.59,7.06,4.12,7.06,9.41,2.94,1.62
1.25,1.25,1.25,0.0,0.0,11.25,0.0,8.75,8.75,5.0,18.75,0.0,3.75
1.45,2.9,1.45,0.0,0.0,10.14,0.0,4.35,4.35,5.8,14.49,0.0,1.8124999999999998
3.17,0.79,0.0,0.0,0.0,9.52,1.59,11.9,1.59,2.38,11.9,0.79,0.9925
4.44,0.0,0.0,0.0,0.0,4.44,0.0,11.11,2.22,2.22,17.78,0.0,0.555
6.31,2.7,0.0,0.0,0.0,9.01,0.0,15.32,0.0,0.9,9.91,2.25,0.0
0.0,2.2,0.0,0.0,0.0,5.49,0.0,15.38,0.0,1.1,6.59,1.6500000000000001,0.275
0.53,2.67,1.6,0.0,0.0,12.83,2.14,7.49,3.74,3.21,8.02,2.14,1.0675
6.2,0.78,0.78,0.0,0.0,9.3,4.65,10.85,3.1,3.1,12.4,0.0,1.165
2.08,3.13,0.0,0.0,1.04,13.02,2.08,9.9,9.38,3.13,7.81,1.56,0.9125
2.31,0.46,0.0,0.0,0.46,12.04,2.78,9.26,7.87,0.0,10.19,1.155,1.3875000000000002
1.25,1.25,1.25,0.0,0.0,15.0,1.25,13.75,1.25,0.0,17.5,0.0,0.3125
1.47,2.94,0.0,0.0,0.0,16.91,2.94,10.29,2.94,5.88,16.91,0.74,0.5525
1.42,0.47,0.47,0.0,0.0,16.11,2.37,8.53,3.32,5.69,9.48,0.0,0.83
0.0,1.85,0.0,0.62,0.62,11.73,1.85,9.88,5.56,3.09,9.88,0.31,1.2349999999999999
0.0,1.3,0.87,0.0,0.0,15.22,2.17,6.52,3.04,3.48,8.7,0.43,0.76
1.58,1.58,1.05,0.0,0.0,21.58,5.26,8.42,0.53,3.16,11.58,0.53,1.0525
3.68,3.68,1.23,0.0,0.0,13.5,1.84,11.66,0.61,0.0,11.66,0.61,0.46
2.16,3.9,0.43,0.0,0.0,7.79,1.3,7.79,2.6,0.0,10.39,1.3,0.21750000000000003
3.24,1.39,0.93,0.0,0.46,14.35,2.78,6.48,2.31,4.17,13.89,0.23,1.39
3.29,1.65,0.82,0.0,0.41,10.29,2.06,7.41,5.76,2.06,9.88,0.41,1.44
1.08,0.0,0.0,0.0,0.0,6.45,1.08,9.68,18.28,9.68,8.6,0.0,1.345
2.56,2.56,2.56,0.0,0.0,13.68,2.56,9.4,0.85,0.85,11.97,0.0,0.64
1.54,1.54,0.51,0.51,0.0,12.31,5.13,10.26,2.05,4.1,10.26,0.51,0.2575
3.06,4.08,3.06,0.0,0.0,12.24,2.04,12.24,0.0,0.0,10.2,0.0,0.255
1.47,7.35,0.0,0.0,0.0,10.29,1.47,13.24,1.47,1.47,5.88,2.205,0.3675
1.53,3.05,0.76,0.0,0.0,19.08,2.29,15.27,0.0,2.29,9.16,3.055,0.3825
1.36,2.73,1.82,0.45,0.0,17.73,5.0,9.09,0.91,1.82,8.64,0.91,0.5675
0.0,2.31,0.77,0.0,0.0,7.69,0.0,10.77,8.46,3.08,6.15,1.925,0.5775
2.86,2.86,2.86,0.0,0.0,9.52,0.95,5.71,3.81,1.9,14.29,0.0,0.2375
3.28,1.64,1.64,0.0,0.0,8.74,1.09,8.74,4.92,2.73,10.38,0.0,1.095
3.42,1.71,1.71,0.0,0.0,10.26,0.85,11.11,2.56,0.0,11.11,0.0,0.2125
2.82,2.82,1.41,0.0,0.0,14.08,4.23,14.08,0.0,1.41,15.49,1.41,0.3525
3.64,2.73,2.73,0.0,0.0,20.0,7.27,5.45,2.73,3.64,10.91,0.0,0.91
4.4,1.1,0.0,1.1,0.0,15.38,4.4,7.69,5.49,6.59,6.59,0.0,0.0
1.49,1.49,1.49,0.0,0.0,11.39,0.99,10.89,3.96,2.48,8.91,0.25,0.62
1.18,4.71,2.94,0.59,0.0,20.0,4.12,12.35,1.18,1.76,10.0,0.0,0.5875
3.25,5.84,5.84,0.0,0.0,16.88,3.9,13.64,3.9,2.6,9.09,0.0,1.1375
0.0,4.44,4.44,0.0,0.0,12.78,1.11,8.33,3.33,4.44,10.56,0.0,0.555
1.87,6.54,3.74,0.0,0.0,21.5,11.21,8.41,0.0,2.8,12.15,0.0,0.2325
0.57,4.57,2.29,0.0,0.0,13.14,1.14,8.0,5.14,2.29,12.0,0.0,0.285
0.0,4.79,4.79,0.0,0.0,13.17,3.59,5.39,2.99,2.4,9.58,0.3,0.8975000000000001
1.14,2.84,2.84,0.0,0.0,19.32,3.98,9.66,0.0,1.14,13.07,0.0,0.1425
6.16,2.74,2.74,0.0,0.0,10.27,2.05,8.9,2.74,2.05,8.9,0.0,0.5125000000000001
2.8,2.8,2.8,0.0,0.0,15.38,2.8,10.49,0.7,1.4,7.69,0.0,0.35
0.0,4.52,3.87,0.65,0.0,10.32,0.65,10.32,1.94,3.23,11.61,0.0,0.645
1.16,3.47,3.47,0.0,0.0,17.92,5.2,5.78,0.58,2.31,12.14,0.0,0.7225
0.0,6.67,6.67,0.0,0.0,20.0,11.11,11.11,0.0,0.0,8.89,0.0,0.0
2.02,0.0,0.0,0.0,0.0,19.19,0.0,10.1,2.02,2.02,6.06,0.0,0.505
0.65,2.61,0.0,0.0,0.0,8.5,0.0,7.84,0.0,1.31,15.69,2.61,0.1625
2.15,1.61,1.08,0.0,0.0,15.59,3.76,7.53,0.54,3.23,19.89,0.54,1.345
2.22,0.74,0.0,0.0,0.0,9.63,0.0,9.63,0.0,0.74,17.04,0.74,0.185
1.92,2.56,0.0,0.0,0.64,12.18,1.28,9.62,0.64,3.21,14.1,1.6,0.48
3.16,1.27,1.27,0.0,0.0,11.39,0.63,10.13,1.9,1.27,12.03,0.0,0.315
3.76,0.54,0.54,0.0,0.0,13.98,2.15,9.14,3.76,2.69,10.22,0.27,1.075
1.03,1.03,0.51,0.0,0.51,18.46,1.54,5.64,2.05,2.56,12.82,0.0,0.7675000000000001
1.18,2.35,1.76,0.0,0.0,17.65,3.53,7.06,2.94,2.35,8.82,0.0,0.5875
1.92,0.48,0.48,0.0,0.0,9.13,1.44,5.29,2.88,2.88,13.46,0.0,1.08
0.0,2.5,0.0,0.0,2.5,12.5,0.0,7.5,0.0,0.0,27.5,0.0,0.625
1.61,3.23,1.08,1.61,0.54,15.05,3.23,10.22,2.69,0.54,12.37,0.0,0.27
0.49,1.46,0.97,0.0,0.49,15.53,5.34,5.83,0.49,2.43,15.05,0.245,0.365
0.43,1.74,0.43,0.0,0.0,14.78,3.04,6.09,1.74,2.61,10.43,1.3,1.3025
0.9,2.7,0.0,0.0,0.0,9.01,0.9,6.31,0.9,0.0,16.22,2.7,0.225
2.8,1.87,0.93,0.0,0.93,9.35,0.0,12.15,5.61,4.67,8.41,0.0,2.1025
0.76,1.52,1.14,0.0,0.0,14.39,1.89,9.09,2.27,6.44,9.09,0.19,2.18
0.62,1.86,1.55,0.0,0.31,15.22,1.24,9.01,3.11,3.11,9.63,0.0,0.855
0.9,2.24,1.35,0.0,0.0,11.21,0.9,8.97,4.48,0.0,13.0,0.45,0.45
1.49,4.48,4.48,0.0,0.0,17.91,0.0,7.46,2.99,4.48,8.96,0.0,1.4925000000000002
0.0,4.55,2.6,0.0,0.0,14.94,1.95,7.79,0.65,3.9,14.29,2.275,0.975
0.78,1.56,0.78,0.0,0.78,10.16,3.13,8.59,1.56,1.56,9.38,1.955,0.585
0.0,5.88,2.94,0.0,1.47,13.24,0.0,10.29,7.35,5.88,4.41,1.47,0.735
1.55,6.2,1.55,2.33,0.78,7.75,1.55,6.98,5.43,5.43,11.63,0.78,0.5800000000000001
0.0,5.26,2.11,0.0,0.0,7.37,0.0,11.58,4.21,2.11,11.58,2.11,0.525
0.0,7.92,0.99,0.0,1.98,11.88,0.99,12.87,0.0,0.0,9.9,4.455,0.0
1.03,2.58,1.55,0.0,0.52,13.92,2.06,6.7,9.28,2.58,8.76,0.26,1.1600000000000001
0.0,3.57,3.57,0.0,0.0,8.33,1.19,4.76,1.19,2.38,9.52,0.0,0.8925
1.23,4.32,1.85,0.0,1.23,12.96,0.62,9.88,1.23,4.32,9.88,1.23,0.925
0.0,0.0,0.0,0.0,0.0,20.0,2.11,4.21,10.53,6.32,7.37,0.0,1.0525
1.83,0.46,0.0,0.0,0.0,12.84,3.67,2.75,11.93,1.83,9.17,0.6900000000000001,2.6375
0.0,0.9,0.45,0.0,0.45,12.22,4.07,5.88,5.88,4.07,7.69,0.0,1.6950000000000003
1.52,2.12,1.82,0.0,0.0,12.12,2.73,6.67,7.27,0.61,13.03,0.3,1.44
1.49,1.12,0.74,0.0,0.37,11.9,2.6,8.92,1.86,0.0,10.04,0.185,0.5575
0.48,1.19,0.0,0.72,0.0,11.69,0.72,6.21,10.74,6.68,10.02,0.24,1.6725
0.45,1.11,0.22,0.22,0.0,16.93,2.45,4.01,9.58,4.23,8.46,0.22,1.1675
0.0,0.79,0.26,0.52,0.0,17.8,3.66,2.88,10.99,4.97,8.64,0.0,0.785
0.0,1.13,0.0,0.75,0.0,13.96,0.75,7.55,6.04,3.77,8.68,0.38,0.8475
1.03,0.26,0.0,0.0,0.0,13.18,2.84,3.36,8.27,5.94,10.85,0.0,1.9375
0.2,0.82,0.0,0.61,0.0,13.06,1.84,9.18,2.86,1.43,11.02,0.1,0.205
0.31,1.55,1.55,0.0,0.0,12.07,4.64,7.74,1.24,0.31,16.1,0.775,0.0775
0.31,1.22,0.61,0.0,0.0,16.21,2.14,4.59,8.87,3.98,9.79,0.31,0.84
0.32,0.97,0.97,0.0,0.0,15.81,3.87,8.06,4.19,4.52,8.06,0.0,1.13
0.0,2.7,0.0,1.35,0.0,14.86,1.35,6.76,12.16,8.11,4.05,0.0,-0.3375
0.86,5.15,2.15,1.72,0.0,18.45,1.72,9.87,11.16,3.0,5.58,0.0,-0.21499999999999997
0.97,3.4,0.73,1.21,0.24,17.48,2.43,10.44,8.01,3.64,9.71,0.12,0.12000000000000005
1.51,2.64,1.51,0.0,0.38,15.09,1.51,10.57,0.0,0.0,9.81,1.51,0.0
1.53,1.91,0.0,0.0,0.0,12.98,0.76,13.36,1.91,0.38,13.36,1.91,0.47750000000000004
0.59,2.94,1.76,0.0,0.0,14.71,2.94,8.24,1.18,2.94,13.53,0.0,0.5875
1.45,1.74,0.58,0.29,0.0,15.65,2.61,7.83,5.8,3.48,10.14,0.0,0.58
1.0,1.99,0.5,1.0,0.0,19.4,6.47,9.95,4.48,2.49,8.96,0.0,0.37250000000000005
0.0,4.95,0.99,1.98,0.0,13.86,0.0,7.92,11.88,3.96,4.95,1.98,-0.2475
2.05,0.68,0.0,0.0,0.0,13.7,2.05,8.9,5.48,2.05,16.44,0.0,1.5375
1.61,0.0,0.0,0.0,0.0,12.9,4.84,9.68,0.0,1.61,4.84,0.0,0.4025
2.79,0.7,0.7,0.0,0.0,14.29,2.79,9.76,5.92,1.39,6.27,0.0,1.3075
0.0,1.23,0.0,0.62,0.0,20.37,2.47,5.56,19.75,3.09,6.17,0.31,0.6175
0.82,1.84,1.23,0.2,0.0,18.61,3.07,6.95,13.7,4.09,9.0,0.0,0.6124999999999999
1.06,2.13,0.0,0.0,0.0,19.15,2.13,5.32,6.38,2.13,7.45,0.0,0.0
0.0,4.23,2.82,0.0,0.0,22.54,0.0,8.45,4.23,5.63,4.23,0.0,0.3525
0.83,3.31,3.31,0.0,0.0,16.53,2.48,11.57,0.83,6.61,9.92,0.415,0.62
2.47,1.85,1.85,0.0,0.0,16.67,3.7,9.88,4.94,3.7,12.35,0.31,1.6975000000000002
0.94,2.82,2.35,0.47,0.0,17.84,6.1,9.86,7.04,1.41,7.04,0.705,0.235
1.73,3.47,2.31,0.0,0.0,12.72,1.73,9.25,2.89,2.31,10.4,0.0,0.7225
0.0,2.41,2.41,0.0,0.0,13.25,2.41,7.83,6.63,6.63,9.04,0.0,1.9549999999999998
0.88,3.07,2.63,0.0,0.0,14.47,3.07,7.89,3.51,4.39,10.96,0.66,0.8775
0.4,2.39,1.99,0.0,0.0,17.93,6.37,7.17,4.38,5.58,8.37,0.4,0.8999999999999999
1.16,3.1,3.1,0.0,0.0,13.57,1.94,6.59,3.88,3.49,11.63,0.195,0.5825
1.9,3.16,1.27,0.0,0.0,10.13,1.27,13.29,4.43,0.63,10.76,0.95,0.1575
2.05,2.74,1.37,0.0,0.0,10.96,1.37,12.33,3.42,0.0,10.27,1.37,0.34
0.31,3.13,1.56,0.31,0.0,14.38,2.19,6.56,5.31,5.94,9.69,0.31,0.94
1.95,1.56,1.56,0.0,0.0,16.34,2.72,9.34,2.72,7.0,14.79,0.195,1.1675
0.69,1.39,0.0,0.0,0.0,20.14,1.39,14.58,0.69,2.78,11.81,0.69,0.695
1.61,4.03,4.03,0.0,0.0,15.32,6.45,9.68,2.42,0.0,6.45,0.0,0.805
1.37,2.05,2.05,0.0,0.0,14.38,4.11,12.33,8.22,1.37,6.16,0.0,2.055
1.38,3.69,2.76,0.46,0.0,11.98,0.92,11.06,8.76,1.38,5.99,0.0,0.45999999999999996
1.94,3.88,2.91,0.0,0.0,12.62,4.85,11.65,7.77,1.94,2.91,0.485,1.2125
2.38,5.95,5.95,0.0,0.0,10.71,3.57,9.52,1.19,0.0,5.95,0.595,0.2975
2.94,4.12,2.35,0.0,0.59,19.41,5.29,11.18,3.53,1.76,5.29,0.59,0.5875
2.79,2.79,1.4,1.4,0.0,15.35,1.86,6.51,9.77,2.79,6.05,0.0,1.63
0.0,2.79,1.4,0.47,0.93,13.02,2.33,11.16,0.93,0.0,6.51,0.465,-0.1175
1.96,2.61,1.96,0.0,0.0,13.73,1.96,12.42,5.23,0.0,4.58,0.325,0.8175
1.35,0.68,0.68,0.0,0.0,16.89,1.35,13.51,4.73,0.68,7.43,1.35,1.015
1.84,2.45,1.23,0.0,0.0,12.27,2.45,12.27,1.84,1.23,8.59,1.23,0.3075
0.84,0.84,0.84,0.0,0.0,12.61,5.88,12.61,5.04,2.52,9.24,0.0,0.84
2.7,0.0,0.0,0.0,0.0,19.59,6.76,9.46,2.7,6.08,8.78,0.0,1.3525
1.44,0.96,0.96,0.0,0.0,9.57,0.48,9.09,2.87,1.44,10.53,0.0,0.6
6.38,0.0,0.0,0.0,0.0,19.15,2.13,14.89,2.13,0.0,14.89,0.0,0.5325
1.15,1.15,1.15,0.0,0.0,8.4,0.76,7.63,3.82,6.11,12.21,0.0,1.3375
0.0,1.23,1.23,0.0,0.0,13.5,2.45,6.13,6.13,6.13,9.82,0.0,1.38
2.2,0.55,0.0,0.0,0.0,12.64,2.75,7.69,7.14,2.75,5.49,0.55,1.2375
1.89,0.0,0.0,0.0,0.0,11.95,2.52,9.43,0.0,1.26,11.95,0.0,0.1575
1.3,0.0,0.0,0.0,0.0,14.29,0.65,8.44,3.25,3.25,9.09,0.975,0.9750000000000001
1.48,1.48,1.48,0.0,0.0,8.15,2.22,8.89,3.7,0.74,9.63,0.37,0.185
1.0,1.0,1.0,0.0,0.0,10.95,2.99,8.46,0.0,1.0,14.43,0.0,0.25
2.61,3.04,2.61,0.0,0.43,11.74,3.04,6.52,6.52,1.3,12.17,0.215,1.1949999999999998
2.72,0.39,0.39,0.0,0.0,14.01,3.89,6.61,9.73,3.89,10.51,0.0,2.0425
3.24,1.62,1.62,0.0,0.0,5.95,1.62,10.27,2.16,1.62,16.22,0.0,1.35
1.05,1.05,0.53,0.0,0.53,11.58,0.0,8.95,3.16,5.79,13.16,0.0,1.0525
0.0,0.0,0.0,0.0,0.0,5.74,4.1,9.84,4.92,0.82,9.02,0.0,1.025
0.54,2.69,0.0,0.0,0.0,9.68,0.0,10.75,4.84,2.15,10.22,1.61,0.8049999999999999
0.0,3.17,2.71,0.45,0.0,8.14,1.36,7.24,10.41,3.62,10.86,0.68,1.355
0.0,2.7,1.35,0.0,0.0,15.54,2.7,12.84,1.35,3.38,6.76,1.69,0.3375
0.74,2.22,1.48,0.0,0.0,14.07,3.7,14.81,8.15,0.0,5.93,1.85,0.925
0.55,1.1,0.55,0.0,0.0,12.09,2.75,12.64,3.3,0.55,10.44,1.9249999999999998,0.5499999999999999
0.62,0.62,0.0,0.0,0.0,10.49,3.09,12.96,4.32,1.23,9.88,0.925,0.77
1.16,2.31,0.0,0.0,0.0,10.98,1.73,13.87,2.31,1.16,6.94,2.31,1.0125
0.0,1.17,0.58,0.0,0.0,12.87,2.34,11.7,7.6,1.75,7.02,0.875,1.7525
2.08,2.08,0.0,0.0,0.0,18.75,3.47,12.5,5.56,2.08,1.39,3.4699999999999998,0.17250000000000004
1.43,2.14,0.0,0.0,1.43,14.29,0.71,12.14,7.14,2.14,3.57,1.0699999999999998,0.35749999999999993
0.0,1.59,0.0,1.59,0.0,9.52,2.38,9.52,11.9,0.79,7.94,0.0,0.39499999999999996
1.54,1.54,1.54,0.0,0.0,15.38,1.54,13.85,1.54,6.15,7.69,0.0,1.5375
2.05,3.08,1.03,1.54,0.0,18.97,6.15,11.79,5.64,2.56,8.21,0.515,1.2825
1.73,1.16,1.16,0.0,0.0,18.5,3.47,13.29,4.62,1.73,6.94,0.58,1.59
1.94,2.33,1.94,0.39,0.0,18.22,3.1,10.85,7.75,0.0,10.08,0.0,0.195
2.05,2.87,2.46,0.0,0.0,19.67,2.46,10.66,1.23,2.46,10.25,0.0,0.7175
1.24,3.11,0.62,1.86,0.0,20.5,4.97,11.18,4.35,3.11,6.83,0.62,0.775
0.0,2.42,2.42,0.0,0.0,13.33,0.61,9.09,1.82,3.64,12.12,0.0,1.0625
1.27,4.46,1.91,2.55,0.0,15.92,3.82,10.83,5.1,3.18,7.01,0.0,0.955
3.47,2.08,0.69,0.0,0.0,17.36,4.17,13.89,2.78,2.78,9.03,1.04,0.8674999999999999
5.51,2.36,2.36,0.0,0.0,12.6,5.51,8.66,3.15,0.79,7.87,0.0,0.5900000000000001
1.64,5.74,3.28,0.82,0.0,14.75,1.64,11.48,0.82,0.82,8.2,0.82,0.205
1.9,3.81,1.9,0.95,0.95,9.52,0.95,7.62,4.76,4.76,10.48,0.0,1.4274999999999998
0.76,7.58,4.55,0.76,2.27,11.36,0.0,9.85,3.03,0.76,4.55,0.0,0.0
0.0,12.93,2.72,8.16,0.0,6.12,2.04,8.16,10.2,1.36,9.52,0.68,-1.19
1.03,2.56,2.05,0.0,0.0,10.77,1.03,9.23,1.54,0.51,11.28,0.51,0.6425000000000001
0.88,3.07,0.44,1.75,0.44,18.86,6.14,9.65,6.58,1.32,5.26,0.44,0.32999999999999996
0.37,1.87,0.37,0.75,0.37,15.73,0.75,9.36,10.11,6.74,6.74,0.0,1.125
2.78,2.08,1.39,0.0,0.69,24.31,4.86,13.89,1.39,4.17,7.64,0.695,1.2125
1.33,2.67,0.67,0.67,0.0,14.0,1.33,11.33,0.0,2.0,6.0,1.0,0.6675
0.0,2.81,1.12,0.0,0.0,11.24,0.56,11.24,1.69,2.81,6.74,2.245,0.14
0.82,4.94,0.0,1.65,0.0,11.11,2.06,11.11,9.88,2.47,6.17,0.615,0.9274999999999999
2.14,1.07,1.07,0.0,0.0,14.44,1.6,7.49,1.6,1.07,8.56,0.265,0.4025
1.69,2.53,1.27,0.42,0.0,18.57,5.06,6.75,5.06,1.27,7.17,0.0,0.315
1.49,2.48,1.49,0.5,0.0,17.33,3.96,8.91,4.95,1.49,11.39,0.25,0.6174999999999999
1.61,1.61,1.61,0.0,0.0,13.71,2.42,10.48,1.61,3.23,7.26,0.0,0.4025
0.75,3.01,0.75,0.75,0.75,18.8,3.01,12.03,2.26,2.26,18.05,0.75,1.315
0.0,1.79,0.0,0.0,1.79,8.93,0.0,12.5,0.0,1.79,12.5,0.895,0.4475
0.0,5.0,2.5,0.83,0.0,13.33,0.0,6.67,7.5,3.33,6.67,1.67,0.20750000000000002
3.64,4.24,1.82,0.61,0.61,14.55,1.82,13.33,0.61,3.64,4.85,1.515,0.605
3.13,3.13,3.13,0.0,0.0,16.41,1.56,11.72,0.0,2.34,10.94,0.0,0.9775
0.0,8.54,8.54,0.0,0.0,24.39,3.66,8.54,0.0,2.44,9.76,0.0,0.915
0.89,3.57,3.57,0.0,0.0,14.29,0.0,5.36,1.79,6.25,8.04,0.0,0.8925000000000001
0.0,8.41,6.54,1.87,0.0,22.43,0.0,14.02,3.74,2.8,1.87,0.0,2.3375000000000004
2.08,6.25,6.25,0.0,0.0,8.33,0.0,16.67,0.0,6.25,2.08,0.0,1.0425
0.0,15.79,7.89,0.0,0.0,0.0,0.0,18.42,0.0,2.63,0.0,0.0,0.0
0.0,13.64,13.64,0.0,0.0,4.55,0.0,0.0,0.0,13.64,18.18,0.0,0.0
8.7,8.7,4.35,0.0,0.0,21.74,0.0,13.04,0.0,8.7,8.7,0.0,0.0
0.0,8.33,8.33,0.0,0.0,16.67,0.0,8.33,0.0,8.33,8.33,0.0,2.0825
0.0,8.82,5.88,0.0,0.0,5.88,0.0,8.82,2.94,8.82,2.94,2.94,0.0
1.31,4.37,2.62,0.0,0.0,15.28,1.75,10.48,7.42,0.0,2.18,1.75,1.0925
0.97,4.85,3.4,0.49,0.0,15.53,1.46,15.05,3.4,0.49,3.88,0.245,0.7275
2.19,4.82,3.51,0.0,0.0,15.79,3.07,13.6,9.21,0.88,4.39,1.535,1.4275
1.2,3.59,1.8,0.6,0.0,15.57,1.8,11.38,3.59,1.8,6.59,0.3,0.8999999999999999
5.04,1.44,0.72,0.0,0.0,11.51,1.44,12.23,5.04,0.0,6.47,0.72,0.9000000000000001
0.53,4.28,3.21,0.0,0.0,13.9,4.28,5.35,1.07,0.0,8.02,0.53,0.4
1.71,4.27,3.42,0.0,0.0,13.68,1.71,11.97,2.56,3.42,14.53,0.85,1.7075
0.73,2.92,2.19,0.0,0.0,16.06,0.73,12.41,3.65,0.73,5.84,0.0,0.5475
1.06,4.26,2.66,0.0,0.53,8.51,1.06,11.7,4.26,0.0,6.38,0.795,0.5325
1.79,4.46,2.68,0.0,0.45,12.05,0.45,12.5,2.68,0.89,6.7,1.34,0.8925000000000001
0.94,3.76,2.35,0.0,0.0,14.55,0.47,11.74,4.69,4.69,7.98,1.645,2.2325
1.44,5.26,3.83,0.48,0.0,17.22,2.87,11.48,2.39,1.44,4.31,0.72,0.24
4.35,1.45,1.45,0.0,0.0,18.12,5.8,12.32,3.62,2.17,10.14,0.0,1.0875
4.44,2.22,2.22,0.0,0.0,15.56,0.0,13.33,0.0,4.44,6.67,0.0,0.0
1.41,0.0,0.0,0.0,0.0,4.23,0.0,9.86,7.04,1.41,8.45,0.0,-2.220446049250313e-16
5.0,2.5,2.5,0.0,0.0,15.0,0.0,15.0,0.0,2.5,12.5,0.0,0.625
6.82,0.0,0.0,0.0,0.0,2.27,0.0,11.36,2.27,2.27,15.91,0.0,0.57
1.47,5.88,2.94,1.47,1.47,10.29,1.47,13.24,1.47,2.94,7.35,0.0,1.1025
0.0,4.07,2.44,0.0,0.0,14.63,0.0,12.2,5.69,4.88,4.88,1.63,0.2025
6.58,3.95,3.95,0.0,0.0,10.53,3.95,11.84,0.0,1.32,15.79,0.0,0.9875
9.47,2.11,2.11,0.0,0.0,9.47,0.0,10.53,4.21,1.05,13.68,0.0,0.525
1.56,3.13,3.13,0.0,0.0,4.69,0.0,12.5,6.25,0.0,7.81,0.0,0.39
2.5,5.0,5.0,0.0,0.0,5.0,0.0,7.5,5.0,2.5,5.0,0.0,1.25
0.0,5.17,1.72,1.72,0.0,15.52,1.72,13.79,1.72,1.72,10.34,1.72,0.43250000000000005
0.0,9.52,2.38,0.0,4.76,10.71,1.19,9.52,7.14,0.0,10.71,1.19,0.595
0.0,5.66,3.77,0.0,0.0,16.98,0.0,5.66,13.21,3.77,7.55,0.0,-0.4725
0.0,2.9,2.9,0.0,0.0,18.84,0.0,14.49,8.7,10.14,5.8,0.0,1.0875
0.78,2.33,1.55,0.0,0.0,13.95,3.1,6.98,3.1,0.0,5.43,0.0,0.3875
0.89,0.89,0.89,0.0,0.0,12.5,2.68,11.61,0.0,0.0,11.61,0.0,0.2225
1.43,0.0,0.0,0.0,0.0,9.29,2.14,5.0,2.14,0.0,4.29,0.355,0.355
3.53,0.59,0.0,0.0,0.0,16.47,3.53,11.76,0.59,0.59,8.24,0.59,0.295
0.65,0.65,0.0,0.0,0.65,9.03,3.87,10.32,0.0,1.29,12.9,0.325,0.485
0.0,2.16,0.72,0.0,0.0,12.23,2.16,10.79,0.0,0.72,10.79,1.8,0.36
0.0,1.27,1.27,0.0,0.0,7.59,0.0,6.33,1.27,0.0,6.33,0.0,0.3175
1.44,0.72,0.72,0.0,0.0,10.07,5.04,4.32,2.16,5.04,12.23,0.0,0.8999999999999999
0.0,1.64,0.82,0.0,0.82,18.03,2.46,7.38,9.02,6.56,7.38,0.0,0.41
0.0,0.77,0.0,0.0,0.0,14.62,6.92,5.38,1.54,6.15,11.54,0.77,1.5375
2.56,7.69,0.0,0.0,0.0,17.95,2.56,7.69,0.0,7.69,12.82,7.69,1.2825
0.54,1.62,0.54,0.54,0.0,24.32,3.78,7.03,13.51,4.32,3.78,0.54,0.8099999999999999
5.59,6.21,5.59,0.0,0.0,16.77,3.11,13.04,3.73,0.62,4.97,0.0,0.155
0.0,5.17,2.59,1.72,0.0,16.38,2.59,7.76,6.9,3.45,10.34,0.86,0.43250000000000005
3.96,2.97,1.98,0.0,0.0,13.86,4.95,9.9,0.0,3.96,13.86,0.99,0.99
0.77,2.31,0.0,1.54,0.0,26.15,8.46,10.0,7.69,2.31,2.31,0.0,0.385
1.74,2.33,2.33,0.0,0.0,18.6,5.81,9.3,6.98,3.49,11.63,0.0,0.5825
1.25,5.0,5.0,0.0,0.0,17.5,3.75,11.25,0.0,6.25,8.75,0.0,1.25
0.65,4.55,4.55,0.0,0.0,14.94,0.0,11.69,0.0,0.65,11.04,0.0,0.325
1.15,4.6,4.6,0.0,0.0,5.75,1.15,8.05,1.15,0.0,6.9,0.0,0.0
0.0,7.35,7.35,0.0,0.0,5.88,0.0,7.35,0.0,2.94,11.76,0.0,0.735
1.8,7.21,4.5,0.0,0.0,16.22,4.5,13.51,0.0,2.7,7.21,0.0,0.675
0.0,6.19,3.61,0.0,0.0,18.56,2.58,4.64,3.61,4.64,5.15,0.0,1.0325
1.67,3.89,3.33,0.0,0.0,18.89,7.22,5.56,0.0,6.11,7.78,0.0,0.8325
0.0,5.26,5.26,0.0,0.0,26.32,1.75,10.53,3.51,7.02,5.26,0.0,1.315
0.0,4.65,4.65,0.0,0.0,20.93,13.95,11.63,2.33,2.33,13.95,0.0,0.5825
0.69,4.86,2.78,0.0,0.0,21.53,9.03,3.47,2.08,2.78,6.25,1.39,0.52
0.97,4.35,3.38,0.48,0.0,14.01,4.35,7.73,0.48,0.0,12.08,0.0,-0.12
2.48,4.46,3.47,0.5,0.0,23.27,10.89,10.89,1.98,0.0,4.95,0.0,0.1225
1.02,4.59,3.06,0.0,0.0,18.88,4.59,5.1,1.02,2.04,10.71,0.0,0.51
0.54,6.45,2.69,0.0,0.0,22.04,8.06,8.6,3.76,1.08,2.69,2.15,0.0
0.95,6.67,3.33,0.0,0.0,14.29,3.81,8.1,1.43,0.48,10.48,1.9,0.12
1.86,4.19,2.33,0.0,0.0,18.14,2.33,11.16,0.0,3.72,5.12,0.465,0.93
1.1,5.52,3.87,0.0,0.0,22.1,7.73,2.21,2.76,0.55,7.73,0.55,0.275
0.0,3.94,3.94,0.0,0.0,7.87,3.15,5.51,0.0,0.0,11.02,0.0,0.0
1.56,4.69,3.65,0.0,0.0,21.35,6.77,7.81,2.08,0.0,10.42,0.0,0.26
0.0,2.62,2.09,0.0,0.0,16.75,4.19,5.76,1.57,3.14,9.42,0.0,0.785
1.23,2.45,1.84,0.0,0.0,19.63,7.36,6.75,0.61,3.68,3.07,0.92,0.7675
0.51,3.55,2.03,0.0,0.0,13.2,5.08,6.09,2.03,1.52,7.11,0.255,0.7625
1.68,3.36,0.84,0.0,0.0,10.08,1.68,6.72,0.84,0.84,6.72,2.1,0.42
2.01,4.03,2.68,0.67,0.0,15.44,2.01,12.75,0.67,0.0,10.07,1.0050000000000001,0.1675
0.0,3.61,3.61,0.0,0.0,24.1,7.23,9.64,0.0,0.0,9.64,0.0,0.6025
0.0,3.91,1.56,0.78,0.78,17.19,0.78,8.59,12.5,3.91,4.69,1.17,0.39
0.0,3.57,0.0,1.19,1.19,13.1,1.19,11.9,0.0,3.57,7.14,1.19,0.2975
0.0,4.08,2.04,1.02,0.0,15.31,3.06,11.22,2.04,2.04,10.2,1.02,0.51
0.0,5.13,3.42,0.0,0.0,9.4,0.85,9.4,0.0,1.71,12.82,1.71,0.4275
0.0,2.82,2.11,0.0,0.0,15.49,2.82,11.27,5.63,3.52,11.97,0.0,0.3525
1.5,3.01,1.5,0.75,0.0,12.03,0.75,11.28,0.0,0.0,9.77,0.0,0.1875
0.97,6.8,0.97,2.91,2.91,12.62,0.0,12.62,3.88,0.97,14.56,0.485,0.0
0.0,7.89,5.26,0.0,1.32,14.47,2.63,5.26,0.0,1.32,10.53,1.32,0.33
0.0,8.33,2.27,1.52,0.0,11.36,0.76,11.36,1.52,4.55,9.09,2.27,0.3775
0.0,6.19,2.65,0.0,1.77,11.5,1.77,7.96,3.54,0.88,6.19,0.44,0.22
0.0,5.88,2.94,0.0,0.0,14.71,2.94,9.8,0.98,1.96,5.88,0.49,0.735
0.0,4.17,2.08,0.0,0.0,8.33,0.0,8.33,0.0,2.08,0.0,0.0,0.52
0.81,2.44,0.81,0.0,0.0,10.57,0.0,12.2,6.5,2.44,6.5,1.63,0.815
0.55,2.21,1.1,0.55,0.0,13.26,0.55,10.5,2.21,3.87,8.84,0.55,0.69
0.66,2.65,2.65,0.0,0.0,7.28,0.0,11.92,0.66,1.99,6.62,0.33,0.165
0.37,1.49,1.49,0.0,0.0,10.07,0.75,4.85,5.97,2.61,8.21,1.305,0.6525000000000001
0.0,3.23,1.61,0.0,0.0,14.52,4.84,12.9,0.81,3.23,8.06,1.61,0.605
0.0,1.54,0.0,0.0,0.0,10.77,1.54,6.15,1.54,3.08,4.62,0.0,0.385
0.0,4.46,4.09,0.0,0.0,15.99,2.97,8.92,0.74,0.0,7.06,2.975,0.46249999999999997
0.0,2.56,1.71,0.0,0.0,14.53,1.71,7.69,0.0,0.0,17.95,1.705,0.0
1.26,1.26,1.26,0.0,0.0,7.11,0.84,11.72,2.09,0.0,8.79,1.255,0.7324999999999999
0.0,0.87,0.58,0.29,0.0,15.16,3.79,10.2,0.87,0.29,11.66,0.29,0.2925
0.0,4.74,3.79,0.95,0.0,13.27,2.84,12.8,1.9,0.95,8.53,1.42,0.35500000000000004
0.0,0.99,0.99,0.0,0.0,13.86,0.99,4.95,10.89,9.9,6.93,0.0,2.2275
0.47,2.35,0.94,0.47,0.0,14.55,1.88,15.02,2.82,1.88,9.39,0.0,0.235
0.88,2.65,1.77,0.0,0.0,11.5,3.54,8.85,4.42,4.42,4.42,0.44,1.3275000000000001
1.55,2.43,0.88,0.22,0.0,11.95,2.21,9.73,3.32,3.32,9.29,1.6600000000000001,0.7725
1.27,2.53,2.53,0.0,0.0,18.35,3.8,9.18,4.75,1.27,6.65,0.0,0.79
0.0,2.26,0.75,0.0,0.0,16.23,4.15,8.68,2.26,3.02,7.92,0.94,0.4725
0.6,4.82,2.41,0.0,0.0,15.66,2.41,8.43,1.2,1.81,10.24,0.6,0.3025
1.28,2.99,1.71,0.85,0.0,11.54,5.13,6.84,4.27,3.85,11.97,0.43,0.64
3.7,2.22,0.74,0.0,0.0,12.59,2.22,9.63,3.7,2.96,9.63,0.0,0.0
0.0,5.07,2.17,2.9,0.0,16.67,2.9,9.42,9.42,1.45,7.25,0.0,0.36
0.46,5.05,2.29,0.46,0.0,11.01,2.75,9.17,5.05,1.83,5.96,2.98,0.915
1.35,0.45,0.0,0.0,0.0,10.81,1.35,13.06,0.0,0.0,11.26,0.675,0.0
0.37,1.47,1.47,0.0,0.0,13.6,2.57,8.09,3.31,0.74,9.93,0.735,0.5525
0.42,0.42,0.42,0.0,0.0,14.01,1.06,8.49,4.25,5.31,9.98,0.0,0.69
0.89,0.44,0.0,0.44,0.0,11.11,1.33,10.22,4.44,3.56,12.0,0.0,0.44500000000000006
0.45,0.45,0.0,0.0,0.0,11.82,1.82,9.55,4.55,5.91,10.91,0.0,0.6825
0.0,1.33,1.33,0.0,0.0,14.16,2.65,3.98,7.52,6.19,3.98,0.44,0.6625
0.99,0.49,0.0,0.0,0.0,8.37,1.97,7.88,1.48,0.0,10.84,0.49,0.37
0.0,2.38,1.59,0.79,0.0,6.35,0.0,4.76,5.56,3.17,25.4,0.0,0.595
4.17,1.04,0.0,1.04,0.0,4.17,1.04,5.21,5.21,4.17,19.79,0.0,1.3
1.98,0.0,0.0,0.0,0.0,5.53,1.58,4.74,8.7,1.58,9.09,0.395,1.4825
1.25,2.5,2.5,0.0,0.0,15.0,3.75,10.63,3.13,3.75,13.13,0.0,1.095
1.98,0.99,0.33,0.33,0.0,12.87,2.97,9.24,2.31,0.66,12.21,0.66,0.7425
1.65,0.41,0.41,0.0,0.0,9.05,3.7,5.35,7.0,2.88,13.99,0.205,0.20499999999999996
2.14,0.85,0.43,0.0,0.0,12.39,3.42,7.26,4.27,0.43,4.27,0.855,0.535
1.25,1.56,1.56,0.0,0.0,7.48,4.05,6.85,2.18,0.31,10.9,0.155,0.545
1.1,1.1,0.37,0.37,0.0,9.52,4.76,6.59,5.49,2.93,13.19,0.185,-0.09000000000000002
2.07,0.0,0.0,0.0,0.0,15.54,2.07,6.22,3.63,4.66,7.77,0.0,0.3875
3.33,0.0,0.0,0.0,0.0,9.05,5.24,4.76,3.33,0.95,8.1,0.0,0.595
0.43,0.0,0.0,0.0,0.0,9.57,1.74,7.39,2.17,0.43,15.65,0.215,0.8675
0.0,6.76,6.76,0.0,0.0,5.41,0.0,4.05,1.35,1.35,8.11,0.0,0.675
1.15,2.29,0.76,0.0,0.0,11.83,4.96,8.78,2.67,0.0,4.96,0.955,0.28500000000000003
0.0,2.75,1.57,0.0,0.0,10.98,0.78,7.84,3.92,0.78,9.8,1.18,0.59
0.5,2.51,1.01,0.0,0.0,8.54,1.01,7.54,2.51,2.01,10.05,1.51,0.6275
0.37,2.25,0.75,0.0,0.37,9.74,0.75,10.86,5.24,1.12,11.99,1.495,0.28
0.0,1.04,0.52,0.0,0.52,11.92,1.04,12.95,3.11,0.52,8.81,0.0,0.3875
1.62,2.02,1.21,0.0,0.0,9.31,2.43,9.72,3.24,2.43,12.15,0.81,1.1125
1.16,0.0,0.0,0.0,0.0,8.14,0.78,10.08,1.16,0.0,11.63,0.0,0.2925
0.53,1.06,0.0,0.0,0.0,8.51,2.66,12.23,6.91,0.0,8.51,1.065,0.1325
0.39,0.39,0.39,0.0,0.0,13.39,1.57,9.84,1.18,3.54,10.24,0.0,0.985
0.82,2.04,1.63,0.0,0.0,11.43,1.63,12.65,3.27,2.86,5.71,0.615,1.325
2.89,3.31,2.07,0.41,0.0,16.94,7.02,10.74,2.07,2.48,7.85,0.825,0.20750000000000002
0.81,2.43,0.81,0.0,0.4,14.57,1.21,9.72,0.81,2.02,11.34,1.215,0.405
0.47,1.86,0.47,0.0,0.47,10.7,2.33,10.7,0.93,1.86,11.16,0.0,0.5825
0.0,2.68,2.68,0.0,0.0,15.18,4.46,5.36,2.68,5.36,6.25,0.0,0.4475
0.0,5.66,3.77,0.0,0.0,13.21,0.0,13.21,0.0,0.0,11.32,2.83,0.0
0.0,3.43,2.29,1.14,0.0,14.86,2.86,8.0,2.86,3.43,13.71,0.0,0.5725
0.68,2.72,2.04,0.0,0.0,12.24,2.72,8.16,1.36,3.4,15.65,0.68,1.19
1.79,2.38,2.38,0.0,0.0,12.5,3.57,6.55,1.79,1.19,8.33,0.3,0.5975
0.0,1.27,0.63,0.0,0.0,17.09,5.06,12.66,5.06,6.33,10.13,0.63,1.265
1.61,1.61,1.61,0.0,0.0,12.9,3.76,8.6,3.76,2.69,11.29,0.27,0.405
0.0,2.62,1.05,0.52,0.0,12.04,0.52,9.95,4.71,0.52,8.9,0.525,-0.2625
0.0,2.08,1.04,0.0,0.0,8.33,1.04,9.38,3.13,0.0,14.58,1.04,0.0
0.52,1.57,1.05,0.52,0.0,9.95,1.57,10.47,3.14,1.05,13.09,0.0,0.1325
0.0,0.0,0.0,0.0,0.0,12.59,1.4,7.69,8.39,4.9,11.89,0.35,0.7
0.52,1.55,0.0,1.55,0.0,13.99,5.18,9.84,4.66,1.55,11.92,1.555,0.13000000000000006
0.84,1.69,0.84,0.0,0.0,13.92,1.69,10.97,0.84,3.8,15.61,0.84,0.95
0.0,2.86,1.14,0.0,0.0,16.57,4.0,9.14,2.86,2.86,13.71,1.71,1.1425
0.0,1.09,1.09,0.0,0.0,15.22,2.17,13.04,2.17,2.17,5.43,0.0,1.0875
0.68,8.16,4.76,0.0,2.04,14.97,2.04,8.84,6.12,2.04,11.56,1.36,0.8500000000000001
3.95,5.65,3.39,0.0,0.0,10.73,1.13,7.34,0.0,0.56,11.86,2.26,0.28
1.45,4.35,3.62,0.0,0.0,14.49,5.8,5.8,2.17,2.9,9.42,1.085,1.2675
0.68,2.72,2.04,0.0,0.0,15.65,1.36,12.93,2.72,1.36,7.48,1.7000000000000002,0.17
2.22,5.19,3.7,0.0,0.0,14.81,2.22,8.15,3.7,3.7,5.93,0.74,0.37
0.61,6.71,1.83,0.61,0.61,7.93,1.22,9.15,7.32,3.66,9.15,0.0,0.15249999999999997
0.76,3.05,2.29,0.0,0.0,12.98,0.0,5.34,1.53,4.58,10.69,0.76,0.955
1.67,3.33,1.67,0.83,0.0,10.83,3.33,7.5,1.67,0.83,10.0,0.0,-0.2075
0.96,6.73,4.81,0.0,0.0,25.0,6.73,11.54,2.88,0.0,7.69,2.4,0.24
0.0,1.57,0.79,0.0,0.0,20.47,7.09,12.6,5.51,2.36,9.45,0.395,0.3925
2.97,2.97,1.98,0.0,0.0,13.86,5.94,5.94,0.99,4.95,13.86,0.0,0.495
3.85,3.85,2.88,0.0,0.0,13.46,0.96,5.77,0.0,0.96,18.27,0.96,0.24
2.0,2.0,2.0,0.0,0.0,19.0,5.0,6.0,3.0,6.5,6.5,0.0,0.875
0.0,1.86,1.86,0.0,0.0,17.39,0.62,13.04,3.11,4.97,8.07,0.0,0.9325
0.0,1.32,1.32,0.0,0.0,14.47,1.32,13.16,2.63,0.0,5.26,0.0,0.0
0.0,1.59,1.59,0.0,0.0,11.11,0.0,11.11,1.59,3.17,11.11,0.0,0.795
0.98,1.46,1.46,0.0,0.0,15.61,0.0,10.73,0.49,3.41,10.24,0.0,1.0975
2.69,1.61,1.08,0.0,0.0,7.53,0.54,8.6,2.15,2.15,7.53,0.54,0.27
0.8,2.0,0.4,0.0,0.0,11.6,2.0,9.6,0.0,4.0,16.8,1.8,0.8
0.79,1.19,0.79,0.0,0.0,13.89,3.17,7.94,1.19,2.78,13.49,0.0,0.695
2.03,1.69,1.01,0.0,0.68,14.86,2.7,12.84,1.01,2.03,13.18,0.0,0.5075
3.77,3.77,2.26,0.0,1.51,12.08,0.75,11.32,0.75,1.13,10.57,0.0,0.3775
2.4,2.4,1.8,0.0,0.0,10.18,1.8,11.38,4.79,4.19,12.57,0.6,0.7475
0.0,2.67,1.91,0.0,0.0,11.83,2.29,7.25,0.76,2.29,19.08,0.76,0.47750000000000004
2.17,5.43,3.8,0.0,1.09,23.37,4.35,11.96,5.98,1.63,5.98,0.27,0.95
0.75,3.38,3.01,0.0,0.0,18.8,5.26,12.03,3.38,1.5,10.9,0.0,0.845
3.08,1.76,1.76,0.0,0.0,16.74,4.41,12.78,0.88,1.32,17.18,0.0,0.55
1.34,4.03,2.68,0.0,0.67,14.09,1.34,12.08,2.01,6.04,9.4,0.0,1.0075
3.64,3.64,1.82,0.0,0.0,18.18,3.64,10.0,0.91,1.82,5.45,1.82,0.2275
2.54,5.08,2.54,0.0,0.0,12.71,0.0,8.47,5.93,0.85,5.93,1.69,0.2125
0.6,5.95,5.36,0.0,0.0,8.33,1.19,7.74,4.76,1.79,9.52,0.6,0.4475
0.0,4.23,4.23,0.0,0.0,7.04,0.0,8.45,11.27,5.63,2.82,0.705,3.17
0.0,7.41,5.56,0.0,0.0,14.81,0.93,6.48,0.93,0.0,9.26,2.315,0.0
0.57,5.14,3.43,0.0,0.0,13.14,1.71,9.14,4.0,2.29,6.86,1.71,1.7125
2.03,3.05,3.05,0.0,0.0,16.75,1.02,10.66,4.06,3.05,9.64,0.0,0.51
0.65,3.92,2.61,0.0,0.0,12.42,0.65,9.8,0.65,0.65,6.54,1.31,0.3275
1.08,4.84,3.23,0.0,0.0,14.52,1.08,8.6,1.08,3.76,8.06,1.0750000000000002,0.9425
0.0,3.61,2.41,0.0,0.0,21.08,3.61,10.84,3.61,3.61,3.61,0.0,1.0550000000000002
2.78,2.78,2.78,0.0,0.0,21.67,5.56,10.0,1.67,0.56,5.56,0.0,0.4175
0.68,4.05,2.7,0.0,0.0,15.54,1.35,7.43,4.05,2.7,6.08,1.35,1.3525
1.92,4.81,3.85,0.0,0.0,8.65,0.96,13.46,0.96,7.69,10.58,1.92,0.9625
2.23,1.79,1.34,0.0,0.0,16.52,1.79,9.38,5.36,2.68,6.7,1.34,0.895
1.23,1.84,0.0,0.0,0.0,9.2,1.84,13.5,3.07,0.0,9.82,3.37,0.3075
1.16,4.26,1.16,0.0,0.0,15.89,0.78,9.69,5.43,5.04,4.65,0.0,0.2924999999999999
1.44,3.37,0.0,0.0,0.0,11.54,1.92,10.58,5.29,1.92,9.62,2.4,1.44
3.23,2.76,1.84,0.0,0.0,16.13,3.23,10.6,2.76,3.23,5.53,0.46,0.8049999999999999
0.97,0.97,0.97,0.0,0.0,14.49,4.35,9.18,0.48,1.93,6.76,0.485,0.3625
2.62,1.31,1.31,0.0,0.0,17.47,3.93,9.17,0.87,4.37,11.35,0.655,0.4375
0.78,2.34,0.0,0.78,0.0,13.28,0.78,17.19,2.34,0.0,7.81,3.125,0.0
2.14,2.14,1.43,0.0,0.0,13.57,3.57,15.0,0.0,0.0,8.57,0.355,0.535
0.0,4.0,1.78,0.0,0.0,14.67,2.67,6.67,4.44,5.78,7.56,1.5550000000000002,0.3325
0.0,3.94,3.15,0.0,0.0,13.39,0.79,9.45,3.94,6.3,6.3,0.79,1.1800000000000002
0.0,2.64,1.76,0.0,0.0,13.66,4.41,8.37,0.88,2.64,7.49,1.54,0.66
3.4,2.72,2.72,0.0,0.0,23.81,3.4,10.88,0.68,0.0,5.44,0.0,0.0
0.0,1.2,1.2,0.0,0.0,19.28,1.2,4.82,19.28,14.46,4.82,0.0,0.9025000000000001
0.0,6.06,6.06,0.0,0.0,9.09,0.0,12.12,0.0,0.0,12.12,0.0,0.0
1.91,4.46,1.91,1.91,0.64,19.75,2.55,12.1,4.46,1.27,4.46,0.0,1.4300000000000002
0.73,5.84,1.46,0.73,0.0,20.44,3.65,11.68,3.65,4.38,6.57,1.825,0.73
0.89,6.25,1.79,0.89,0.0,25.89,5.36,6.25,0.89,0.89,6.25,1.34,0.225
2.81,3.93,1.12,0.56,0.0,15.17,2.81,8.43,1.12,1.69,8.43,1.69,0.4225
1.53,3.82,2.29,0.0,0.0,12.98,3.05,7.63,0.0,0.76,9.16,1.53,0.3825
3.64,4.24,1.82,0.0,0.0,12.73,2.42,4.24,3.03,4.24,5.45,1.21,0.7575000000000001
2.17,1.09,0.54,0.0,0.0,12.5,2.17,9.78,2.17,0.54,10.87,0.0,0.4075
1.53,2.29,0.76,0.0,0.0,12.98,0.76,11.45,0.0,0.76,6.87,1.525,0.5725
0.68,1.36,0.68,0.0,0.68,21.09,4.76,6.8,2.04,2.04,6.12,0.34,0.68
0.0,5.49,3.05,0.61,0.0,15.85,1.22,7.32,12.8,5.49,1.22,0.305,0.1525
1.69,3.93,2.81,0.0,0.0,16.29,2.81,7.3,2.81,1.12,9.55,0.28,0.0
1.98,3.96,1.49,1.98,0.0,25.74,8.91,3.47,2.97,2.48,8.91,0.0,0.1225
0.0,2.7,2.7,0.0,0.0,18.92,10.81,13.51,0.0,2.7,8.11,0.0,1.3525
0.0,4.0,1.0,0.0,0.0,8.0,1.0,16.0,0.0,0.0,9.0,2.0,0.0
0.48,1.44,0.0,0.0,0.0,17.22,3.35,16.75,1.44,0.96,5.26,3.1100000000000003,0.36
1.02,1.52,0.51,0.0,0.0,13.2,2.03,11.68,3.05,3.05,9.64,0.51,1.145
1.36,2.72,0.0,2.04,0.68,21.09,4.76,9.52,12.24,1.36,3.4,0.0,0.17000000000000004
0.0,1.85,0.0,0.0,0.0,9.26,0.93,15.74,0.0,1.85,5.56,0.93,0.4625
0.0,3.65,0.0,0.0,0.0,13.87,2.19,14.6,0.0,2.92,11.68,4.015,0.9125
0.56,3.33,0.56,1.11,0.0,8.89,3.89,12.22,2.22,1.11,7.22,1.11,0.1375
0.0,1.03,0.0,1.03,0.0,16.49,2.06,11.34,4.12,0.0,6.19,0.515,0.2575
0.0,2.48,0.62,1.86,0.0,22.36,4.35,9.32,4.97,2.48,8.7,0.31,-5.551115123125783e-17
2.48,2.48,0.83,0.0,0.0,15.7,4.13,16.53,2.48,3.31,7.44,2.48,1.4475
0.48,2.42,0.48,1.45,0.0,11.59,2.9,11.11,10.14,2.9,5.8,0.24,0.965
1.95,4.55,0.65,0.0,0.0,17.53,4.55,13.64,0.65,0.65,7.14,1.625,0.1625
0.91,0.91,0.0,0.91,0.0,17.27,3.64,6.36,12.73,0.0,6.36,0.0,0.2275
4.18,3.35,1.67,0.0,0.0,20.92,4.6,10.04,0.42,0.0,4.6,0.84,0.21
2.05,1.37,0.68,0.0,0.0,11.95,2.39,8.87,1.02,1.02,12.63,0.17,0.4275
0.74,1.12,0.74,0.0,0.0,10.41,2.6,4.83,4.46,5.2,12.27,0.0,1.3025
1.33,3.56,2.67,0.44,0.0,17.33,4.89,5.78,0.44,3.56,10.22,0.44,0.89
0.76,3.04,1.9,1.14,0.0,20.15,4.56,7.98,1.52,1.52,8.75,0.0,0.38
0.82,1.65,0.82,0.0,0.82,13.99,1.65,7.82,0.0,2.06,11.52,0.205,0.925
2.29,2.75,1.38,0.0,0.0,17.43,5.05,10.55,0.46,1.38,6.88,0.6900000000000001,0.345
1.53,3.83,3.83,0.0,0.0,19.92,3.83,6.9,0.77,0.38,4.98,0.0,0.48
0.0,4.29,4.29,0.0,0.0,21.43,2.86,10.0,0.0,1.43,1.43,0.0,0.3575
0.0,2.16,1.85,0.0,0.0,18.52,4.01,6.79,1.54,1.54,10.49,0.31,0.6175
1.26,3.78,3.36,0.42,0.0,21.43,2.52,8.4,0.84,1.26,6.3,0.0,0.21
2.28,2.28,2.28,0.0,0.0,20.53,2.28,10.27,1.14,3.04,9.89,0.0,0.95
0.0,3.79,3.79,0.0,0.0,21.8,3.79,9.48,0.47,3.32,10.43,0.0,0.5925
0.0,4.29,4.29,0.0,0.0,18.57,2.86,10.0,10.0,5.71,5.71,0.0,0.715
0.0,3.93,0.0,0.0,0.0,12.66,2.18,16.16,0.87,0.44,6.99,3.71,0.3275
0.52,2.59,1.55,0.0,0.0,17.1,1.04,13.99,0.0,0.0,11.92,2.59,0.13
0.0,4.64,3.31,0.66,0.0,16.56,1.99,9.93,5.3,2.65,9.93,0.66,-0.165
2.04,2.55,1.53,0.0,0.0,7.14,0.51,12.24,0.51,0.51,13.78,0.51,0.0
0.54,4.35,1.63,0.0,0.0,5.98,0.54,10.87,5.43,3.26,10.33,2.4450000000000003,1.7675
2.36,2.36,0.94,0.0,0.0,14.15,2.83,8.96,10.38,6.13,9.91,1.42,0.8250000000000001
0.0,4.38,0.0,0.0,0.0,10.22,1.46,13.87,2.19,2.92,13.14,2.19,1.46
3.74,3.27,1.4,0.0,0.47,4.67,0.47,14.02,1.87,2.8,7.48,1.4,0.815
4.07,4.07,1.16,0.0,0.0,8.72,0.58,14.53,0.0,1.16,12.79,2.62,0.5825
1.66,3.31,1.1,0.0,0.0,13.81,3.31,9.39,4.42,2.21,9.39,1.66,-0.27499999999999997
0.41,0.83,0.41,0.0,0.0,11.16,2.48,8.68,3.72,2.07,10.33,0.41,1.4475
1.11,3.33,0.56,1.11,0.0,14.44,1.11,7.78,8.33,2.78,9.44,0.8350000000000001,0.9700000000000001
0.0,4.52,2.71,0.0,0.0,9.95,0.9,12.67,0.9,1.81,8.6,2.035,0.34
1.89,1.89,1.89,0.0,0.0,13.21,1.89,11.32,0.0,1.89,5.66,0.0,0.0
1.18,0.0,0.0,0.0,0.0,5.33,0.0,11.83,0.59,1.18,12.43,0.0,0.5925
0.81,2.42,0.81,0.81,0.0,10.48,1.21,9.68,3.63,1.21,7.26,0.605,0.7075
0.45,1.79,1.34,0.0,0.0,12.95,1.79,8.04,1.79,4.91,13.84,0.45,1.1175
0.0,0.78,0.39,0.0,0.0,13.28,1.95,8.2,3.13,0.78,8.98,0.78,0.39
2.77,0.4,0.0,0.0,0.0,7.91,0.4,9.09,2.37,1.58,13.83,0.4,0.2975
1.57,2.09,1.57,0.0,0.0,12.04,1.57,6.81,3.14,1.05,12.04,0.0,0.655
0.39,1.17,0.78,0.0,0.0,8.98,0.0,11.33,7.03,1.95,10.16,1.365,1.1724999999999999
2.09,2.09,0.0,0.42,0.42,10.88,2.51,7.95,3.77,0.84,13.81,0.42,0.8374999999999999
1.75,0.88,0.0,0.0,0.0,8.33,1.32,11.4,7.02,0.88,10.09,0.22,0.7675
0.92,3.69,0.0,0.0,0.0,8.29,1.38,11.06,4.15,1.38,5.99,2.075,0.23
1.82,1.82,0.45,0.0,0.0,9.55,0.45,8.64,3.18,1.36,14.09,0.68,1.4775
0.68,2.71,1.02,0.34,0.0,14.24,2.71,7.8,2.71,4.41,11.19,0.68,0.9325
0.0,0.91,0.0,0.0,0.0,9.59,1.37,6.85,4.57,0.46,18.26,0.685,0.2275
0.48,2.4,1.44,0.48,0.0,25.48,2.4,9.13,12.5,4.33,4.33,0.0,0.12
6.47,2.16,2.16,0.0,0.0,10.07,2.88,15.11,12.95,0.0,5.76,0.0,1.08
1.63,4.47,2.03,0.0,0.0,12.2,2.03,11.79,6.1,0.81,9.35,1.625,0.7100000000000001
0.0,3.89,0.56,0.56,0.0,14.44,0.56,8.89,6.67,1.67,11.67,2.78,0.14
0.69,3.44,2.41,0.69,0.0,14.78,1.72,7.22,8.93,3.09,7.22,0.0,0.4275
0.95,4.74,4.27,0.0,0.0,12.32,0.95,10.43,1.9,0.47,11.85,0.71,0.355
2.78,4.44,2.78,0.0,0.0,11.11,3.33,10.56,4.44,0.56,8.33,1.67,0.42000000000000004
1.89,5.66,2.52,0.0,0.0,10.69,1.89,8.81,6.92,1.26,10.06,1.26,1.1
0.43,3.42,1.28,0.0,0.85,9.4,0.85,9.4,1.28,0.43,11.11,1.71,0.7475
0.5,4.46,2.48,0.0,0.0,16.34,2.48,10.4,3.96,0.5,6.93,0.745,0.125
0.0,8.37,1.99,0.0,0.0,10.76,1.2,10.76,3.19,0.8,5.98,3.585,0.30000000000000004
0.0,6.45,1.61,0.0,0.0,10.89,1.61,11.69,2.42,1.61,9.27,3.83,0.9075000000000001
1.21,5.14,2.42,0.6,0.0,17.52,3.93,9.37,8.16,1.51,5.74,1.66,0.5275
1.2,2.63,1.2,0.0,0.0,16.99,2.87,7.89,16.03,4.07,5.98,0.72,0.5974999999999999
1.39,2.78,1.39,0.0,0.0,18.06,4.17,5.56,0.0,2.78,6.94,1.39,0.695
0.93,4.17,0.93,0.0,0.0,13.43,3.7,8.33,0.93,0.93,10.19,3.705,0.925
2.42,2.42,0.81,0.0,0.0,14.52,4.84,9.27,0.0,0.0,6.85,2.62,0.4025
1.06,1.41,0.7,0.0,0.0,19.37,4.58,4.58,4.58,3.52,10.92,0.35,0.6149999999999999
0.0,2.35,1.34,1.01,0.0,15.44,2.35,6.38,10.74,3.69,7.38,0.17,0.16749999999999998
1.99,2.98,0.99,0.0,0.0,12.58,2.65,7.95,7.62,2.98,6.29,2.815,0.32999999999999996
0.82,1.65,0.82,0.41,0.0,13.99,4.53,5.76,4.94,3.7,7.82,0.825,0.31000000000000005
1.68,2.35,0.67,0.0,0.0,11.07,3.02,6.38,10.4,2.68,11.41,1.6800000000000002,1.175
0.0,2.65,1.06,0.0,0.0,15.34,5.82,10.58,0.53,0.0,7.94,4.235,0.6625
1.48,0.37,0.0,0.0,0.0,10.7,2.58,11.07,0.37,0.37,8.12,3.505,0.9225000000000001
0.35,1.06,0.35,0.35,0.0,17.67,3.53,3.53,5.65,3.53,10.6,0.53,0.35250000000000004
1.18,2.35,1.57,0.0,0.0,16.08,5.1,6.67,7.06,3.92,8.24,0.785,0.09750000000000003
0.99,0.66,0.33,0.0,0.0,20.2,6.29,7.95,6.62,3.31,9.93,0.33,0.9949999999999999
1.79,1.07,0.36,0.0,0.0,14.29,4.29,11.79,1.43,1.43,8.57,2.5,0.44499999999999995
0.55,1.64,0.55,0.0,0.0,18.58,7.65,8.2,0.55,1.09,9.84,1.915,0.27249999999999996
0.0,6.78,3.39,1.69,0.0,27.12,1.69,11.86,5.08,0.0,3.39,1.69,0.0
1.37,2.74,2.05,0.0,0.0,11.64,3.42,8.9,4.11,0.0,9.59,0.0,0.0
3.27,3.27,1.4,0.47,0.0,12.62,0.47,12.62,3.74,0.0,4.67,0.235,0.0
2.46,2.22,1.23,0.25,0.0,17.0,3.45,6.9,1.48,2.96,8.37,0.245,0.615
1.9,3.32,2.84,0.0,0.0,22.75,6.64,8.53,4.74,2.84,2.84,0.47,0.2375
2.42,2.77,1.73,0.35,0.0,19.38,4.84,9.34,3.46,0.69,10.73,0.0,0.6075
1.85,1.85,0.74,0.0,0.0,8.86,1.11,8.86,0.74,0.0,13.28,0.0,0.185
2.83,4.25,0.94,0.0,0.0,18.4,5.66,6.13,2.83,0.0,14.15,3.775,0.7075
3.36,0.0,0.0,0.0,0.0,7.14,2.1,7.14,10.5,0.0,10.5,0.0,1.68
3.24,2.7,1.08,0.0,0.0,9.19,3.78,11.89,2.16,0.0,10.81,0.0,0.0
1.72,4.83,1.38,0.0,0.0,21.38,5.86,10.0,4.14,1.38,8.28,2.415,0.43
1.97,2.36,1.97,0.0,0.39,11.81,3.15,10.24,2.76,1.97,8.66,0.785,0.9824999999999999
0.95,1.27,1.27,0.0,0.0,17.09,3.16,3.48,5.06,0.63,8.54,0.0,0.315
3.26,0.3,0.0,0.0,0.3,18.99,5.04,10.68,4.15,3.56,5.93,0.15,1.4100000000000001
1.97,2.36,1.18,0.39,0.0,21.65,5.51,7.09,1.97,1.57,10.63,0.195,0.3925
0.0,5.74,2.46,0.0,0.0,12.3,0.82,11.48,3.28,4.92,4.1,2.87,1.4349999999999998
0.88,1.32,0.44,0.0,0.0,16.3,1.32,10.13,3.96,2.64,8.37,1.7600000000000002,0.66
2.65,4.76,3.17,0.0,1.06,18.52,3.7,11.11,1.59,0.0,12.17,0.0,0.1325
0.5,3.02,2.01,0.0,0.5,20.1,2.51,14.07,2.51,0.5,9.05,2.01,0.63
1.29,3.45,0.43,0.0,0.43,15.52,3.88,11.64,0.86,1.29,9.48,3.02,0.3225
0.0,5.88,2.94,0.0,0.59,20.0,5.29,10.59,0.59,2.35,10.0,1.18,0.44
0.0,1.72,1.29,0.0,0.0,9.44,1.72,9.01,3.86,0.86,9.44,1.075,0.3225
0.0,3.13,1.95,0.0,0.0,16.41,3.52,7.81,1.17,1.56,8.2,1.17,0.4875
0.39,3.13,1.56,0.78,0.0,17.19,3.52,6.64,3.91,2.73,7.03,0.78,0.0975
1.07,2.85,0.71,0.0,0.0,14.59,3.2,11.39,1.78,1.42,7.83,1.425,0.625
2.52,1.26,0.84,0.0,0.0,16.81,5.04,7.98,9.66,1.68,11.76,0.0,0.945
0.51,5.58,2.54,0.51,0.51,14.72,2.54,11.17,1.02,0.0,9.14,2.285,0.0
0.0,8.37,0.47,2.79,0.47,17.67,5.12,14.88,3.72,0.0,4.19,1.86,-0.465
0.68,2.7,2.03,0.0,0.0,17.57,2.03,10.14,8.11,0.68,8.78,0.0,0.8450000000000001
1.45,0.0,0.0,0.0,0.0,14.49,1.45,10.14,0.0,4.35,4.35,0.0,1.45
2.33,1.16,0.0,0.0,1.16,15.12,4.65,6.98,2.33,1.16,4.65,0.0,0.29250000000000004
0.8,1.6,0.0,0.0,0.8,18.4,2.4,13.6,9.6,0.8,10.4,0.8,0.0
0.0,1.82,0.0,0.0,0.0,5.45,0.0,10.91,5.45,5.45,16.36,3.6350000000000002,0.91
1.59,1.99,0.8,0.4,0.4,10.36,2.39,5.58,1.99,0.8,10.76,0.4,0.5975
0.7,0.7,0.35,0.0,0.35,15.03,2.45,6.29,5.24,2.1,5.94,0.175,0.6125
0.36,2.14,1.43,0.0,0.36,17.86,3.21,8.21,3.21,3.21,8.21,0.36,0.715
0.66,1.31,0.33,0.0,0.33,15.08,0.98,10.16,5.57,0.33,7.54,0.66,0.9825
0.0,0.95,0.0,0.0,0.95,18.96,3.79,13.27,1.42,0.0,6.16,0.71,0.0
0.61,1.53,0.61,0.61,0.0,15.03,3.07,8.28,3.99,2.76,7.98,0.0,0.9199999999999999
0.7,4.2,4.2,0.0,0.0,17.48,0.0,11.89,2.1,4.2,8.39,0.0,0.875
1.42,4.26,2.13,0.0,0.0,21.99,4.26,9.93,7.09,5.67,8.51,0.71,2.4825
1.21,3.03,1.82,0.61,0.0,19.39,3.64,9.09,7.27,3.03,6.67,0.305,1.06
0.62,4.35,1.24,0.0,0.0,9.94,1.24,10.56,1.24,3.11,13.04,1.55,1.0875
2.52,2.52,1.68,0.0,0.0,17.65,3.36,10.08,0.0,0.0,11.76,0.0,0.0
0.0,3.2,1.6,0.8,0.0,12.0,0.0,12.0,0.8,0.0,17.6,0.8,0.2
0.0,5.76,2.62,0.52,0.52,14.14,0.52,14.66,3.14,2.62,7.33,2.355,0.785
0.0,3.85,2.2,1.1,0.0,8.79,0.55,6.59,1.65,3.3,10.99,0.55,0.4125
2.38,3.97,3.97,0.0,0.0,14.29,3.17,11.11,3.17,0.0,15.08,0.395,0.0
1.27,3.18,2.55,0.0,0.0,12.74,1.91,7.64,1.27,3.18,13.38,0.64,0.7975
3.08,5.38,2.31,0.0,0.0,16.15,6.15,10.77,1.54,1.54,12.31,0.385,1.155
0.93,3.74,2.8,0.0,0.0,11.21,0.93,10.28,0.0,0.93,12.15,0.0,0.2325
3.27,1.96,1.31,0.0,0.65,13.07,1.96,10.46,0.0,0.65,7.84,0.0,0.1625
1.38,4.14,2.07,0.0,1.38,20.0,4.14,9.66,0.0,2.07,13.79,0.69,0.5175
1.0,4.0,4.0,0.0,0.0,14.0,3.0,12.0,3.0,8.0,7.0,0.0,2.0
0.0,2.55,1.91,0.0,0.0,15.92,1.27,10.83,0.64,1.27,7.64,0.32,0.3175
0.0,1.44,0.72,0.0,0.0,19.42,2.16,12.23,0.0,3.6,4.32,1.08,0.9
2.76,2.21,1.1,0.0,0.0,11.6,0.55,12.15,2.76,1.1,12.71,1.38,0.5525
0.63,1.89,0.0,0.63,0.63,15.09,5.03,13.84,2.52,0.0,5.66,1.26,0.1575
0.0,5.83,0.97,0.0,0.0,17.48,1.94,11.65,0.0,1.94,4.85,2.425,0.485
1.08,1.62,0.54,0.0,0.54,10.81,1.08,10.27,0.0,2.7,10.27,0.54,0.54
0.0,0.65,0.65,0.0,0.0,13.55,2.58,7.74,1.29,3.23,11.61,0.325,1.6125
0.0,1.95,0.65,0.0,0.0,16.88,1.3,11.04,3.25,5.19,9.09,1.3,1.625
1.99,0.66,0.66,0.0,0.0,11.92,0.66,10.6,1.99,0.66,8.61,0.33,0.33
0.67,1.34,1.34,0.0,0.0,15.44,2.01,8.05,1.34,4.03,8.72,0.67,0.84
0.0,1.94,0.0,0.0,0.0,8.74,0.97,9.71,0.0,0.0,10.68,1.94,0.485
2.22,2.96,1.48,0.0,0.74,16.3,0.74,10.37,0.74,2.96,17.04,1.1099999999999999,0.37
0.0,0.57,0.57,0.0,0.0,13.64,0.0,10.23,0.57,6.25,6.82,0.285,0.71
0.97,6.28,2.42,0.0,0.0,15.94,2.42,10.14,0.48,1.93,9.18,2.6550000000000002,0.605
2.55,4.08,2.04,0.0,0.51,13.78,4.08,9.69,1.53,2.04,10.2,0.765,1.02
0.0,4.35,1.74,0.0,0.87,13.91,2.61,13.04,4.35,1.74,4.35,3.48,0.2175
0.61,3.03,0.61,0.0,0.0,12.73,0.0,13.33,3.64,0.61,4.85,1.21,1.2125
1.56,4.69,1.56,0.0,0.0,14.84,4.69,11.72,0.0,0.78,6.25,1.17,0.39
0.0,2.44,0.0,0.0,0.0,24.39,8.13,15.45,0.0,0.81,4.88,3.25,0.2025
2.56,1.54,0.51,0.0,0.0,12.31,1.54,12.82,1.03,0.0,6.67,2.31,0.2575
0.0,2.99,2.4,0.6,0.0,16.77,2.99,10.78,4.19,1.2,5.39,2.095,0.15
1.68,1.68,0.84,0.0,0.0,16.81,2.52,10.08,6.72,0.0,9.24,1.26,2.31
0.46,4.63,2.31,2.31,0.0,10.19,0.93,12.5,5.56,0.46,7.87,0.0,0.46249999999999997
0.63,1.26,0.63,0.0,0.63,8.81,0.0,11.32,3.77,2.52,10.69,1.57,0.9450000000000001
0.72,5.07,0.72,0.72,0.72,18.84,1.45,13.04,7.25,2.9,5.07,0.0,0.1825
0.0,10.0,4.0,6.0,0.0,12.0,0.0,8.0,6.0,0.0,4.0,1.0,-1.5
0.0,3.77,2.83,0.94,0.0,15.09,4.72,7.55,2.83,1.89,6.6,0.47,0.0
0.51,5.13,2.56,1.54,0.0,17.95,2.05,9.74,2.05,1.03,7.18,0.51,0.0
1.92,1.92,0.77,0.38,0.0,19.92,1.15,9.96,4.6,4.98,11.88,0.0,2.0125
2.5,1.25,0.83,0.0,0.0,12.92,0.83,10.42,1.25,5.0,8.75,0.42,0.9375
2.78,4.17,0.0,0.69,0.69,13.89,0.0,13.19,1.39,0.0,3.47,2.08,-0.1725
3.41,2.93,1.46,0.0,0.0,13.17,1.95,11.71,0.98,1.46,4.39,0.73,0.1225
1.35,3.14,1.35,0.0,0.0,11.66,1.79,9.87,3.14,4.04,5.38,0.45,0.4475
1.59,2.12,0.53,0.0,0.0,14.29,0.53,14.81,3.7,2.12,4.23,1.85,0.6625000000000001
0.0,5.63,0.47,0.0,0.0,8.92,1.41,12.21,0.47,1.88,4.69,0.94,0.8225
3.77,3.77,0.94,0.47,0.0,16.98,3.3,9.43,4.72,2.36,1.42,1.415,1.5350000000000001
2.01,1.51,0.5,0.0,0.0,14.07,0.0,8.54,0.5,1.01,7.54,1.01,1.005
1.04,5.21,2.6,0.0,0.0,16.15,1.56,11.46,1.04,0.52,8.33,1.04,0.26
1.74,2.61,2.61,0.0,0.0,17.39,3.48,7.83,0.0,0.87,9.57,0.0,0.2175
0.9,3.59,2.69,0.0,0.45,18.83,2.69,7.17,3.14,2.69,5.83,0.225,1.12
0.0,3.48,1.99,0.0,0.0,11.44,1.99,7.96,3.98,3.98,9.45,1.74,0.9975
0.32,0.65,0.0,0.0,0.0,11.33,1.62,7.77,4.21,5.5,10.68,0.81,1.6175
0.0,0.0,0.0,0.0,0.0,7.48,1.87,1.87,0.93,8.41,10.28,0.0,1.1675
0.95,0.47,0.47,0.0,0.0,9.0,0.95,8.53,3.32,2.84,9.95,0.47,1.0675
0.0,0.0,0.0,0.0,0.0,0.0,0.0,10.0,0.0,0.0,13.33,0.0,0.0
0.0,1.47,0.98,0.0,0.0,13.73,1.96,8.82,11.27,6.37,13.24,0.49,2.205
0.0,0.71,0.0,0.0,0.0,7.86,0.0,10.71,2.86,12.86,11.43,0.71,3.3925
0.0,5.43,3.26,0.0,0.0,11.96,3.26,13.04,13.04,6.52,3.26,0.0,2.1725
0.4,9.49,1.98,0.0,1.19,7.91,0.4,13.83,5.93,3.56,7.91,0.595,0.79
0.0,2.94,0.0,2.94,0.0,14.71,0.0,8.82,0.0,2.94,11.76,0.0,0.735
0.0,2.17,0.0,0.0,0.0,2.17,0.0,13.04,6.52,6.52,6.52,0.0,1.63
0.0,0.0,0.0,0.0,0.0,0.0,0.0,4.76,0.0,0.0,19.05,0.0,0.0
0.0,3.33,3.33,0.0,0.0,11.67,0.0,11.67,1.67,11.67,5.0,0.835,1.6675
0.0,1.78,1.18,0.0,0.0,16.57,1.18,5.92,1.18,6.51,8.88,0.0,1.035
0.0,3.85,3.85,0.0,0.0,19.23,1.92,6.41,5.13,3.85,3.85,0.0,0.32
0.0,3.11,1.86,1.24,0.0,9.32,1.24,10.56,1.86,1.86,11.8,0.0,0.31249999999999994
0.0,10.45,5.97,0.0,0.0,16.42,4.48,2.99,0.0,1.49,13.43,0.745,0.3725
0.95,2.86,0.95,0.0,0.0,16.19,1.9,11.43,0.95,0.95,11.43,1.4249999999999998,0.475
0.0,3.55,2.96,0.0,0.0,15.38,2.37,9.47,1.18,5.33,8.28,0.59,0.8875
0.0,1.5,1.0,0.5,0.0,16.5,2.0,7.5,2.0,4.0,5.5,1.5,0.625
0.99,0.49,0.0,0.0,0.0,17.24,1.48,8.87,5.91,3.94,6.4,0.0,0.9849999999999999
1.12,3.91,1.68,1.12,0.0,13.97,1.68,6.7,3.35,1.68,5.59,0.56,-0.27999999999999997
1.58,3.16,1.05,1.05,0.0,17.37,1.58,8.95,1.58,1.05,9.47,0.0,0.395
0.57,0.57,0.0,0.0,0.0,12.57,1.71,9.71,6.86,3.43,10.29,0.285,0.715
3.13,1.25,0.63,0.0,0.0,18.13,2.5,9.38,6.88,1.25,6.88,0.625,0.6275
0.0,2.58,2.06,0.0,0.0,16.49,5.67,9.79,2.06,2.58,7.22,0.0,0.3875
2.38,7.14,0.0,0.0,0.0,14.29,2.38,16.67,2.38,2.38,2.38,3.57,0.0
2.63,0.0,0.0,0.0,0.0,8.77,0.88,12.28,2.63,1.75,6.14,0.0,0.22
0.0,0.0,0.0,0.0,0.0,4.88,0.0,9.76,7.32,0.0,6.1,0.0,0.305
0.0,4.94,4.94,0.0,0.0,6.17,0.0,13.58,9.88,2.47,4.94,0.0,1.5425
0.0,2.21,2.21,0.0,0.0,16.18,1.47,5.88,5.88,2.94,5.88,0.0,0.9199999999999999
1.65,3.3,1.1,2.2,0.0,14.84,2.2,7.69,12.09,2.75,6.59,0.0,0.6874999999999998
1.23,3.09,2.47,0.0,0.0,14.81,2.47,7.41,0.62,5.56,9.26,0.0,0.6175
0.0,2.22,2.22,0.0,0.0,13.33,0.0,4.44,6.67,0.0,6.67,0.0,0.0
2.0,0.0,0.0,0.0,0.0,7.0,2.0,9.0,1.0,0.0,15.0,0.0,0.75
1.14,1.7,1.14,0.0,0.0,15.34,1.7,10.8,6.82,1.14,10.8,0.57,0.57
0.0,4.81,1.92,0.0,0.0,19.23,7.69,9.62,2.88,3.85,8.65,1.92,0.24
0.0,3.45,0.57,1.15,0.0,14.94,2.3,9.2,8.62,2.87,5.17,0.0,0.2875
2.01,0.5,0.0,0.0,0.5,14.07,1.01,6.03,4.02,3.02,11.56,0.0,0.3775
0.0,5.31,1.77,0.88,0.0,16.81,4.42,8.85,4.42,1.77,2.65,1.77,0.22
2.51,2.51,0.5,0.5,0.0,17.59,3.02,11.56,8.04,2.51,6.53,1.005,0.37499999999999994
2.07,4.14,2.76,0.69,0.0,13.1,2.07,8.28,3.45,0.69,7.59,0.0,0.1725
1.83,0.92,0.92,0.0,0.0,10.09,2.75,7.34,1.83,0.0,13.76,0.0,1.3775
0.0,3.55,1.18,1.18,0.59,18.93,4.73,7.69,8.28,3.55,8.88,0.59,0.445
1.84,0.74,0.0,0.0,0.0,15.07,1.84,7.72,6.62,4.41,4.78,0.0,0.645
0.0,1.83,1.22,0.0,0.0,10.98,1.22,9.15,1.22,1.83,14.02,0.61,0.61
1.89,0.0,0.0,0.0,0.0,9.43,1.89,9.43,13.21,1.89,22.64,0.0,0.4725
0.88,0.88,0.0,0.0,0.0,8.77,1.75,11.4,2.63,0.0,10.53,0.88,1.535
1.94,0.0,0.0,0.0,0.0,12.62,1.94,9.71,1.94,0.0,15.53,0.0,0.0
0.88,1.77,0.0,0.44,0.0,14.16,1.77,11.5,8.41,0.44,9.29,1.325,0.885
1.4,2.1,0.7,0.0,0.0,4.9,1.4,11.19,1.4,2.8,10.49,0.0,1.05
0.9,0.9,0.45,0.0,0.0,8.97,2.69,10.31,4.04,0.9,9.87,0.225,0.45
2.21,1.66,0.55,0.0,0.0,8.84,1.66,9.94,6.08,2.21,7.18,0.0,0.55
0.72,1.44,1.44,0.0,0.0,12.95,2.88,13.67,3.6,5.04,10.07,0.0,1.44
3.18,2.55,1.27,0.0,0.0,17.2,3.18,10.83,1.27,2.55,9.55,0.635,0.795
0.0,1.5,0.75,0.0,0.0,9.02,1.5,13.53,2.26,0.0,7.52,1.88,0.565
0.0,0.69,0.0,0.0,0.0,12.5,1.39,11.11,1.39,0.69,11.11,0.0,0.0
1.31,1.31,1.31,0.0,0.0,7.84,3.92,5.88,1.96,2.61,11.11,0.0,0.3275
0.89,0.89,0.89,0.0,0.0,8.04,1.79,6.25,4.46,2.68,16.07,0.0,0.4475
0.0,7.41,3.7,0.0,0.0,27.78,5.56,12.96,14.81,5.56,1.85,0.0,-0.4625
0.78,2.33,0.39,1.17,0.39,15.95,2.33,12.45,3.89,2.72,5.45,0.0,0.875
0.0,2.79,1.68,0.56,0.0,12.29,2.23,9.5,0.56,5.03,10.61,0.56,0.8375
0.82,2.87,1.23,1.64,0.0,18.44,1.23,9.02,4.92,2.87,9.02,0.0,0.20500000000000002
1.16,1.16,1.16,0.0,0.0,13.95,3.49,5.81,3.49,1.16,4.65,0.0,0.29
0.0,2.7,1.08,1.08,0.0,18.92,2.7,10.27,1.08,0.54,9.73,1.08,0.27
0.0,1.68,0.67,0.67,0.0,13.09,3.36,8.05,0.67,3.02,8.72,0.0,0.5025000000000001
2.36,2.69,1.35,1.35,0.0,18.86,2.02,9.09,6.4,2.36,7.41,0.17,0.16749999999999998
0.31,1.86,0.62,0.31,0.0,16.77,4.97,10.25,8.39,3.73,9.01,0.155,0.2325
0.32,2.56,0.96,1.28,0.0,19.17,4.79,8.95,7.67,5.11,5.43,0.0,0.4775
0.34,2.69,1.35,0.67,0.0,23.57,6.4,8.42,4.38,0.34,8.08,0.0,0.6725000000000001
0.34,3.37,1.68,0.67,0.34,15.82,1.35,8.42,3.03,1.68,6.73,0.675,0.4225
1.38,1.93,1.93,0.0,0.0,14.6,3.58,9.09,3.86,3.86,7.44,0.14,0.6200000000000001
0.0,2.54,1.27,0.32,0.0,15.24,1.59,6.35,7.3,1.27,9.52,0.475,0.23750000000000002
1.36,0.45,0.45,0.0,0.0,11.31,1.36,7.69,0.0,2.26,16.74,0.0,0.4525
6.45,6.45,0.0,0.0,0.0,22.58,0.0,12.9,0.0,6.45,6.45,6.45,1.6125
0.0,2.24,0.75,0.0,1.49,7.46,0.75,13.43,1.49,4.48,5.97,0.0,1.4925
0.0,0.91,0.0,0.0,0.91,9.09,0.91,10.0,0.0,3.64,16.36,0.0,1.59
1.12,0.0,0.0,0.0,0.0,11.24,1.12,11.24,0.0,0.0,7.87,0.0,0.0
0.0,4.21,3.16,0.0,0.0,14.74,3.16,14.74,0.0,1.05,7.37,0.525,1.0525
0.0,4.35,4.35,0.0,0.0,13.04,4.35,10.87,0.0,0.0,8.7,0.0,0.5425
0.0,3.23,3.23,0.0,0.0,8.06,3.23,11.29,0.0,4.84,9.68,0.0,2.015
0.0,3.57,2.86,0.0,0.71,11.43,1.43,11.43,0.0,8.57,9.29,0.355,2.3225
1.16,2.33,2.33,0.0,0.0,3.49,0.0,6.98,0.0,2.33,13.95,0.0,0.8725
2.94,2.94,2.94,0.0,0.0,8.82,1.47,8.09,3.68,6.62,6.62,0.0,2.0250000000000004
0.0,2.31,2.31,0.0,0.0,11.54,1.54,8.46,0.77,6.15,12.31,0.0,1.5375
0.95,1.9,0.0,0.0,0.0,7.62,0.0,13.33,2.86,0.0,9.52,2.86,0.475
0.0,3.7,2.47,0.0,0.0,9.88,0.0,9.88,2.47,6.17,12.35,1.23,2.16
0.0,1.96,1.96,0.0,0.0,7.84,0.0,9.8,0.0,1.96,11.76,0.0,0.49
0.0,6.19,6.19,0.0,0.0,24.74,7.22,15.46,4.12,3.09,4.12,0.0,1.2875
0.0,3.13,0.0,0.0,0.0,9.38,0.0,9.38,0.0,6.25,6.25,3.13,0.7825
1.18,7.06,1.18,0.0,3.53,22.35,2.35,10.59,3.53,1.18,7.06,1.18,0.0
1.22,0.0,0.0,0.0,0.0,12.2,0.0,1.22,12.2,2.44,4.88,0.0,2.745
2.65,5.75,2.21,0.44,0.0,16.37,1.33,12.83,1.77,1.33,3.54,0.22,0.0
1.03,5.15,0.0,0.0,0.0,10.31,2.06,6.19,3.09,3.09,6.19,2.06,0.7725
5.07,4.15,1.38,0.0,0.0,15.21,3.23,11.52,4.15,1.84,10.14,0.9199999999999999,0.0
0.88,0.88,0.88,0.0,0.0,8.85,0.0,9.73,7.96,1.77,12.39,0.885,-0.22249999999999998
5.1,2.55,0.0,0.64,0.0,9.55,1.27,8.92,4.46,5.1,7.01,0.64,1.115
2.2,4.4,3.3,0.0,0.0,21.98,8.79,8.79,5.49,8.79,6.59,1.1,1.6475
3.11,1.86,1.24,0.62,0.0,13.04,1.24,12.42,3.73,4.35,10.56,0.0,0.775
1.93,1.93,1.45,0.0,0.48,20.77,1.45,9.18,2.9,3.86,8.21,0.0,1.4475
2.8,3.74,1.4,1.4,0.0,15.89,1.87,8.41,5.61,4.21,7.01,0.47,1.285
2.51,2.93,2.93,0.0,0.0,10.46,1.26,9.21,2.93,1.26,12.97,0.42,0.315
1.97,2.36,1.97,0.0,0.0,12.6,1.18,7.09,0.79,5.51,9.06,0.0,2.165
1.88,4.14,1.88,0.75,0.38,12.78,1.13,9.4,7.89,4.51,8.65,0.38,1.3175
0.77,4.25,0.77,2.7,0.77,15.83,1.54,9.27,11.58,3.09,6.95,0.0,1.1575
2.43,2.08,1.04,0.35,0.69,10.42,0.35,6.94,7.99,3.82,11.11,0.0,1.7374999999999998
0.0,1.98,1.98,0.0,0.0,14.85,0.0,9.9,14.85,2.97,4.95,0.0,0.9900000000000001
3.13,1.88,1.25,0.0,0.0,10.66,1.25,8.15,0.94,4.08,12.54,0.31,1.255
1.62,3.24,1.29,0.97,0.32,15.21,2.91,9.06,5.83,0.65,10.03,0.65,0.8925
1.57,2.52,0.94,0.63,0.31,12.58,2.2,7.55,7.86,3.14,11.64,0.31,1.1
1.53,1.53,1.02,0.51,0.0,14.8,3.57,7.65,4.08,4.08,13.27,0.0,1.4025
3.61,4.59,1.97,0.0,0.0,14.43,3.28,9.18,4.26,3.28,10.16,0.98,0.8200000000000001
2.13,1.82,1.22,0.0,0.0,13.68,2.13,12.16,3.65,0.91,8.81,0.61,0.9125000000000001
3.27,2.45,1.91,0.27,0.0,18.8,4.36,12.53,3.0,2.72,4.36,0.27,0.135
1.8,5.39,1.8,0.6,0.0,10.78,0.6,13.77,1.8,1.2,4.19,2.1,1.1975
0.93,2.78,2.78,0.0,0.0,13.89,2.78,13.89,1.85,8.33,10.19,0.0,0.695
1.41,3.87,2.11,0.35,0.0,10.92,0.7,10.21,2.46,1.06,11.27,1.06,0.7924999999999999
0.94,5.19,3.3,0.0,0.94,17.45,3.77,9.43,1.42,0.47,7.08,1.415,0.47
0.81,3.25,0.54,0.54,0.54,15.99,2.98,8.13,5.69,3.25,7.59,1.085,0.61
1.87,2.49,0.93,0.62,0.31,18.07,1.56,11.84,8.72,0.31,7.17,0.62,0.545
0.71,2.12,1.06,0.0,0.0,12.72,2.12,9.54,2.47,1.77,10.95,0.175,0.7075
0.72,2.17,1.45,0.0,0.0,12.32,0.72,5.8,2.17,2.9,4.35,0.0,0.3625
0.75,3.01,2.63,0.0,0.0,12.78,1.88,9.02,0.38,0.38,9.4,1.13,0.6575
0.72,3.61,3.25,0.0,0.0,16.97,1.81,9.03,0.0,1.81,9.39,0.54,0.7225
0.6,1.81,1.81,0.0,0.0,12.65,0.0,8.43,0.6,0.0,16.87,0.6,0.3
0.84,5.06,5.06,0.0,0.0,13.92,2.53,6.33,0.84,0.84,7.17,0.0,0.105
2.36,2.36,2.36,0.0,0.0,8.66,0.0,6.69,0.39,0.0,8.27,0.195,0.0975
0.84,2.53,2.53,0.0,0.0,11.39,2.11,5.49,0.42,6.33,13.5,0.0,1.16
1.69,3.95,3.39,0.0,0.0,15.82,2.26,8.47,1.13,4.52,15.25,0.56,1.27
0.85,3.39,2.12,0.0,0.0,13.56,1.69,6.36,1.27,1.69,11.02,0.42,0.8475
3.14,2.69,2.24,0.0,0.0,13.9,1.35,10.76,1.79,4.48,13.45,0.45,0.8975
5.44,1.67,1.67,0.0,0.0,10.88,1.26,7.95,0.42,2.51,15.9,0.0,1.57
1.26,2.78,2.27,0.25,0.0,13.89,2.53,6.31,3.03,0.51,9.34,0.0,0.7575
0.81,1.89,1.35,0.0,0.27,12.67,1.08,8.89,0.81,0.54,12.13,0.675,0.675
2.43,2.02,2.02,0.0,0.0,13.77,2.43,9.31,0.4,4.05,12.96,0.0,1.215
1.78,3.55,3.55,0.0,0.0,16.57,4.14,8.28,0.59,1.78,11.83,0.0,0.445
0.0,4.0,1.6,0.8,0.0,7.2,1.6,16.0,3.2,0.8,4.8,1.6,1.0000000000000002
0.48,2.39,0.48,0.0,0.0,14.35,0.96,15.31,0.96,2.87,4.78,4.07,0.7175
1.49,3.47,0.0,0.99,0.0,13.37,1.98,12.38,3.47,0.99,8.42,4.21,0.7424999999999999
0.0,1.08,0.54,0.0,0.0,17.3,3.78,11.89,1.62,1.62,7.03,2.43,0.54
1.12,0.56,0.0,0.56,0.0,10.61,0.0,12.85,1.68,0.56,7.82,0.84,0.8375
0.43,2.56,1.28,0.85,0.0,11.11,4.27,8.97,2.99,1.28,9.4,0.425,0.10749999999999998
0.51,2.04,1.02,0.0,0.51,10.71,1.02,9.18,0.51,3.06,17.86,0.51,1.02
0.53,2.66,0.0,0.53,0.0,14.36,1.06,7.45,4.26,0.53,9.57,2.13,0.0
0.0,4.39,0.0,2.44,0.0,17.56,1.95,7.8,10.24,1.46,8.29,0.49,0.4875000000000001
0.0,2.26,0.0,1.13,0.0,15.82,1.69,10.17,5.08,1.69,6.78,0.28,0.2825
0.0,3.27,0.65,0.65,0.65,9.8,1.31,11.76,3.92,2.61,11.76,0.65,0.0
0.0,3.02,1.51,1.01,0.0,10.05,1.01,12.56,0.5,0.5,8.54,0.755,0.6275
1.42,1.42,0.0,0.0,0.47,15.17,3.32,7.58,0.0,0.95,9.0,1.185,0.2375
0.53,2.67,0.53,0.53,0.0,12.3,2.14,13.37,3.21,1.07,5.88,1.07,0.135
0.53,3.21,2.67,0.0,0.0,18.18,5.35,4.28,0.0,0.53,9.09,1.335,0.4
0.85,4.68,2.55,0.0,0.0,15.74,2.55,8.09,4.26,2.13,8.09,2.77,0.9575
0.55,2.75,2.2,0.0,0.0,18.73,5.23,7.71,0.28,3.31,8.26,1.24,0.345
0.52,4.19,4.19,0.0,0.0,17.8,7.85,8.9,1.05,0.0,8.9,0.525,0.0
1.52,2.65,2.65,0.0,0.0,15.15,3.79,9.47,2.65,0.38,9.09,0.19,0.7575000000000001
1.37,2.75,2.06,0.0,0.0,13.06,3.44,10.31,2.06,0.69,11.0,0.515,0.69
1.88,3.13,1.56,0.0,0.0,10.63,3.75,9.38,0.94,2.81,10.31,0.31,1.095
1.73,3.11,1.73,0.0,0.0,15.57,3.46,10.03,1.73,1.38,4.5,0.865,0.435
1.02,2.73,2.73,0.0,0.0,11.26,3.75,7.85,4.44,1.71,8.53,0.0,0.5975
1.3,5.54,3.58,0.0,0.33,18.24,5.86,9.45,1.95,1.95,4.89,2.4400000000000004,0.57
1.95,3.26,3.26,0.0,0.0,14.98,2.93,6.84,2.28,0.0,6.84,2.115,0.5700000000000001
1.74,4.88,4.18,0.35,0.35,21.95,8.71,9.06,0.7,0.35,10.8,0.175,0.175
1.15,3.75,2.31,0.86,0.29,14.99,2.02,7.49,1.73,0.86,7.78,0.29,0.0
1.14,3.41,3.13,0.0,0.0,18.75,6.82,7.67,3.69,1.7,13.64,0.425,0.5675
1.71,1.71,0.85,0.0,0.0,16.24,1.71,13.68,3.42,5.13,11.11,1.28,1.4925
0.0,2.76,2.07,0.0,0.69,16.55,2.76,8.28,0.0,0.69,11.03,0.0,0.0
1.68,2.23,0.56,0.0,0.0,12.29,1.68,9.5,0.0,2.79,13.41,1.12,0.6975
3.08,1.54,1.54,0.0,0.0,12.31,0.0,7.69,1.54,0.0,13.85,0.0,0.0
2.25,4.49,1.12,0.0,0.0,14.61,3.37,8.99,1.12,0.0,8.99,0.0,0.28
1.94,3.88,0.0,0.0,0.0,16.5,2.91,5.83,3.88,2.91,9.71,1.455,0.2425
0.49,0.97,0.49,0.0,0.0,12.62,1.94,5.83,1.46,2.91,13.59,0.0,1.2149999999999999
4.63,2.78,0.93,0.0,0.0,16.67,3.7,7.41,0.93,0.93,8.33,0.93,0.0
3.65,2.19,1.46,0.0,0.0,14.6,2.19,8.03,0.73,0.0,13.87,0.73,0.365
0.0,2.45,0.0,0.61,0.61,13.5,3.68,11.66,4.29,2.45,7.36,0.615,0.615
0.0,0.66,0.0,0.0,0.0,13.16,1.32,11.84,3.29,0.0,9.21,0.99,0.66
0.7,2.1,0.7,0.0,0.0,15.38,0.7,11.89,7.69,0.0,9.09,0.7,0.35
0.46,2.78,0.46,0.0,0.46,13.89,3.7,8.33,2.78,2.31,7.41,1.16,0.9275
0.64,0.64,0.0,0.0,0.0,10.19,1.27,7.64,2.55,2.55,8.28,0.64,0.9550000000000001
0.0,5.56,5.56,0.0,0.0,11.11,2.78,2.78,0.0,2.78,16.67,0.0,1.0425
0.0,6.47,3.53,0.0,0.0,17.06,0.59,10.0,0.59,1.76,8.82,2.645,0.295
0.63,5.0,1.88,0.0,0.0,13.75,1.88,11.88,1.25,1.25,6.88,0.63,0.47
0.0,4.41,0.74,0.0,0.0,14.71,3.68,9.56,0.74,0.74,9.56,1.47,0.185
0.0,4.26,3.55,0.0,0.71,19.86,2.13,12.77,0.0,0.71,7.8,0.0,0.355
1.1,5.49,4.4,0.0,0.0,14.29,2.2,12.09,1.1,1.1,10.99,1.1,0.55
0.0,5.0,2.0,0.0,0.0,18.0,1.0,9.0,0.0,4.0,6.0,2.5,0.25
0.0,3.2,2.4,0.8,0.0,12.0,2.4,8.8,0.8,4.8,12.8,0.4,0.0
1.36,3.4,1.36,0.0,0.0,10.88,2.04,10.88,0.68,2.04,8.16,2.38,0.85
1.15,2.3,1.15,0.0,0.0,6.9,0.0,6.9,2.3,2.3,16.09,1.15,1.4375
1.44,4.32,2.88,0.72,0.0,10.79,1.44,10.07,2.16,0.72,9.35,0.0,0.54
3.57,2.38,2.38,0.0,0.0,9.52,2.38,9.52,2.38,1.19,11.9,0.0,0.2975
0.0,3.03,3.03,0.0,0.0,17.17,4.04,8.08,0.0,3.03,6.06,0.505,0.2525
0.65,5.23,3.92,0.0,0.0,15.69,2.61,10.46,3.27,1.96,5.23,1.31,0.49
0.7,2.11,0.7,1.41,0.0,14.08,1.41,8.45,3.52,3.52,6.34,0.0,1.2325
3.67,0.92,0.92,0.0,0.0,13.3,0.92,8.26,0.0,2.75,11.47,0.69,0.8025
1.63,1.63,0.0,0.0,0.0,8.13,0.0,8.94,0.81,2.44,12.2,1.63,1.4224999999999999
1.85,4.32,0.0,1.23,1.85,12.35,1.23,11.11,2.47,0.62,11.73,1.54,0.4625
2.55,0.85,0.43,0.0,0.0,8.09,0.85,9.36,0.43,1.7,13.62,0.43,0.85
3.05,0.76,0.76,0.0,0.0,12.21,3.82,11.45,0.76,3.82,12.98,0.0,0.7625
0.56,2.79,1.12,0.0,0.56,16.76,4.47,10.61,2.23,1.12,10.06,0.56,0.5575
2.9,1.93,0.97,0.48,0.48,16.91,2.42,7.25,4.35,0.97,11.59,0.0,0.605
0.72,2.9,0.72,0.0,0.72,13.04,2.17,9.42,7.97,2.17,11.59,0.0,1.81
0.0,5.05,2.02,1.01,0.0,14.14,3.03,5.05,15.15,2.02,3.03,0.0,0.7575000000000001
0.72,0.0,0.0,0.0,0.0,8.63,0.0,7.91,5.76,2.88,10.79,1.08,1.08
1.38,2.3,0.92,0.0,0.46,11.52,1.38,8.76,0.0,0.92,10.6,0.9199999999999999,0.23
2.01,4.03,0.67,0.67,1.34,22.82,2.01,6.04,2.68,2.68,6.04,1.675,1.005
2.45,3.07,2.45,0.0,0.0,18.4,0.61,10.43,2.45,0.61,6.75,0.0,0.7675
3.23,3.23,3.23,0.0,0.0,9.68,3.23,6.45,0.0,0.0,19.35,0.0,0.0
1.6,2.66,1.06,0.0,0.0,17.02,3.72,6.91,2.13,1.06,7.45,0.265,0.6625000000000001
2.26,2.26,0.75,0.0,0.0,15.04,3.76,6.77,2.26,1.5,6.77,0.375,0.18999999999999995
1.08,1.62,0.54,0.0,0.0,14.59,1.62,11.89,1.62,1.08,9.73,1.35,0.405
3.19,3.72,2.13,0.53,0.0,10.64,2.66,7.98,1.6,0.0,10.64,0.53,0.265
1.69,3.37,1.12,0.56,0.0,17.98,4.49,5.62,6.18,5.06,15.17,0.0,0.14
1.7,1.7,0.0,0.0,0.0,15.34,3.98,3.41,11.93,5.68,11.36,0.0,-0.14
2.34,1.95,0.39,0.0,0.0,14.06,3.13,8.2,4.3,1.95,11.33,0.0,0.48749999999999993
0.79,3.94,1.18,0.39,0.0,12.99,2.36,6.3,7.87,4.33,12.6,0.5900000000000001,0.7875000000000001
1.51,3.02,1.13,0.0,0.0,13.21,3.4,6.79,5.66,2.26,11.32,1.13,0.5674999999999999
2.15,2.15,1.08,0.0,0.0,8.6,0.0,7.53,1.08,0.0,10.75,1.08,0.0
2.35,4.31,0.78,0.0,0.78,14.12,2.75,10.2,0.0,0.0,9.02,0.98,0.3925
0.99,3.31,0.99,0.33,0.33,9.27,1.32,7.95,2.65,2.98,9.27,0.66,0.7449999999999999
1.12,0.75,0.0,0.37,0.0,9.33,1.87,7.46,3.73,4.85,13.43,0.0,0.9325000000000001
1.44,1.44,0.0,0.0,0.0,10.79,0.72,7.19,5.76,2.88,13.67,0.0,0.9
0.0,3.62,2.9,0.0,0.0,17.39,1.45,10.14,1.45,2.9,5.07,0.725,0.3625
0.0,5.15,3.61,0.52,0.0,15.46,1.03,9.79,3.61,2.58,8.25,0.775,0.1275
0.82,5.74,0.82,1.64,0.0,12.3,2.46,12.3,2.46,0.0,9.02,0.82,0.0
0.0,3.81,1.9,0.0,0.0,11.43,1.9,14.29,0.95,0.95,10.48,0.0,0.2375
0.0,2.83,0.0,1.89,0.0,11.79,3.3,9.43,7.55,1.42,7.55,1.18,0.8275
0.0,5.33,2.0,2.67,0.67,11.33,4.0,9.33,4.67,1.33,10.67,0.335,0.0
3.13,3.13,1.56,0.0,0.0,13.28,1.56,11.72,1.56,3.91,11.72,0.78,1.1725
0.0,3.45,3.45,0.0,0.0,16.09,5.75,11.49,3.45,1.15,5.75,0.575,0.2875
1.96,1.96,0.0,1.31,0.0,12.42,1.96,9.15,2.61,3.27,10.46,0.325,0.8150000000000001
0.0,4.7,1.34,0.0,0.0,16.78,3.36,12.75,0.67,0.0,7.38,2.015,0.335
0.0,3.31,0.0,0.0,0.0,9.09,0.83,13.22,0.0,0.83,10.74,2.065,0.0
2.11,2.63,0.53,0.53,0.0,7.89,0.53,11.58,1.05,2.63,6.84,2.37,1.3175
0.0,5.39,0.98,0.49,0.0,7.84,0.0,9.8,1.47,4.41,12.25,2.9400000000000004,1.1025
0.8,4.0,1.6,0.0,0.0,19.2,4.8,13.6,1.6,2.4,6.4,1.2000000000000002,0.8
0.0,4.67,0.93,3.74,0.0,21.5,5.61,11.21,9.35,2.8,6.54,0.0,0.0
0.9,5.43,0.45,1.81,0.0,18.1,2.71,9.5,4.52,3.17,8.14,1.81,0.0
1.61,6.99,2.69,1.08,0.0,15.59,1.08,9.14,6.99,2.69,6.45,0.0,0.40249999999999997
2.05,0.82,0.41,0.41,0.0,17.21,1.64,11.07,1.64,4.1,10.66,0.0,0.7174999999999999
4.35,2.17,1.09,0.0,0.0,19.57,6.52,10.87,1.09,0.0,13.04,0.0,0.545
1.36,9.09,7.73,0.0,0.0,10.91,3.64,8.18,1.36,1.36,7.27,0.45,0.34
0.0,6.01,3.28,0.0,0.0,10.93,2.19,11.48,1.64,1.64,5.46,1.365,0.685
0.74,4.41,3.68,0.0,0.0,10.29,2.21,6.62,4.41,1.47,10.29,0.0,0.5525
0.6,5.95,2.38,0.0,0.0,16.67,2.98,11.31,0.0,2.38,3.57,0.3,0.4475
2.06,3.09,2.06,0.0,0.0,12.37,2.06,8.25,7.22,5.15,10.31,1.03,1.545
1.58,9.47,7.89,0.0,0.0,8.42,0.53,5.26,3.16,0.53,6.32,0.265,0.525
0.81,16.13,16.13,0.0,0.0,0.0,0.0,12.9,0.0,0.0,1.61,0.0,0.0
0.0,8.93,1.19,0.0,0.0,12.5,0.0,16.07,1.79,1.19,5.36,7.14,0.44999999999999996
0.61,5.52,3.07,0.61,0.0,12.27,1.23,9.2,8.59,3.07,4.91,0.0,0.7675000000000001
0.98,3.43,1.96,0.0,0.0,10.78,1.47,8.82,3.43,2.45,8.33,1.7149999999999999,1.1025
2.26,5.28,2.64,0.38,0.0,11.32,3.4,10.94,4.91,0.0,6.42,2.45,0.7549999999999999
1.46,1.82,1.09,0.36,0.0,13.5,1.82,9.49,4.38,0.0,9.12,0.36,0.7275
0.57,3.45,1.72,0.0,0.0,14.37,1.72,10.92,2.3,1.72,11.49,1.15,0.575
1.59,3.57,1.59,0.0,0.0,9.52,0.4,11.51,8.33,1.98,10.71,2.1799999999999997,0.3975
0.88,3.52,2.64,0.0,0.0,10.57,2.64,7.49,6.61,4.85,9.69,0.88,1.65
0.39,3.14,2.75,0.0,0.0,7.45,1.18,4.71,7.45,3.92,7.06,0.39,1.0799999999999998
1.23,4.94,4.32,0.0,0.0,11.73,1.85,14.81,6.79,4.94,9.26,0.62,0.31
0.79,4.33,2.36,0.39,0.0,12.6,1.97,9.45,6.69,0.39,6.3,0.79,0.9824999999999999
0.36,3.65,1.82,1.09,0.0,10.95,1.09,10.22,5.11,1.09,7.3,1.275,0.6350000000000001
1.89,2.52,0.63,0.0,0.0,13.84,4.4,8.81,2.52,2.52,9.43,1.89,1.1
1.35,7.21,2.25,0.45,0.0,12.61,2.7,10.81,2.7,1.8,7.66,2.475,0.5625
0.82,4.12,2.88,0.41,0.0,10.7,1.65,12.35,5.76,1.23,7.41,0.615,0.5125
3.57,1.79,1.79,0.0,0.0,16.07,0.0,10.71,0.0,0.0,21.43,0.895,0.0
1.28,2.56,1.28,0.0,0.0,14.1,1.28,10.26,3.85,3.85,12.82,1.28,0.32
2.33,2.33,1.16,0.58,0.0,11.05,1.16,12.21,5.81,0.58,12.21,0.58,0.8725
1.08,3.23,2.15,0.0,0.0,13.44,0.0,12.9,0.54,0.54,10.75,0.0,0.8075
0.96,3.54,1.93,0.96,0.32,10.61,0.96,10.61,1.61,3.54,10.29,0.16,0.805
1.7,5.11,1.7,0.85,0.0,11.91,0.43,14.47,1.7,3.4,7.23,2.34,0.9599999999999999
0.0,1.11,1.11,0.0,0.0,13.33,0.0,11.11,0.0,4.44,8.89,0.555,1.39
2.77,3.16,2.37,0.0,0.0,14.23,1.58,11.46,4.35,1.58,8.7,1.78,0.9875
0.0,2.04,1.02,1.02,0.0,20.41,3.06,15.31,6.12,2.04,5.1,0.0,0.255
1.3,5.19,2.6,1.3,0.0,10.39,0.0,14.29,5.19,1.3,11.69,1.9500000000000002,0.0
0.95,1.9,1.9,0.0,0.0,10.9,0.0,14.22,3.32,7.11,8.53,0.0,1.6575
0.0,4.55,2.27,0.0,2.27,13.64,2.27,11.36,9.09,6.82,4.55,0.0,1.1375
0.93,0.0,0.0,0.0,0.0,12.96,1.39,10.19,8.33,4.63,5.09,0.0,2.5475
3.96,0.5,0.0,0.0,0.0,16.34,0.99,8.42,0.5,0.5,8.91,0.5,0.3725
0.81,1.62,0.81,0.81,0.0,10.12,0.0,9.72,4.86,2.83,10.12,0.2,0.8075000000000001
0.0,3.42,1.28,1.71,0.0,18.8,3.85,8.97,3.42,2.99,5.98,0.215,0.215
0.0,1.99,0.66,1.32,0.0,23.18,3.31,9.93,1.99,3.31,5.3,0.0,0.33
2.85,0.81,0.81,0.0,0.0,9.76,3.25,9.35,4.88,0.81,8.94,0.0,0.7125
0.0,2.26,0.75,0.0,0.0,15.04,3.76,7.52,1.5,3.76,9.02,0.75,0.375
0.65,1.94,0.65,0.0,0.0,8.39,0.65,7.74,3.87,7.74,12.9,1.29,0.9675
1.69,2.25,0.56,0.0,0.0,12.36,3.93,7.87,5.62,0.56,6.74,0.8400000000000001,0.14
1.55,0.52,0.52,0.0,0.0,13.47,3.63,10.88,2.07,0.52,10.36,0.52,0.13
2.12,2.83,1.41,1.06,0.0,15.19,5.65,7.42,3.53,1.06,7.07,0.35,0.35250000000000004
1.6,2.14,0.0,0.0,0.0,16.04,2.14,13.37,0.0,2.14,10.7,1.6,0.8025
0.9,0.45,0.0,0.0,0.0,16.29,4.07,12.22,1.81,4.07,9.5,0.0,0.4525
1.44,5.04,2.88,0.0,0.72,16.55,0.72,11.51,11.51,2.88,6.47,0.0,2.16
0.52,3.65,3.13,0.0,0.0,18.23,3.13,15.63,0.52,1.56,7.29,1.56,0.52
1.26,4.4,3.14,0.0,0.0,17.61,1.89,15.09,4.4,0.63,5.66,0.63,0.4725
0.65,3.87,3.87,0.0,0.0,19.35,3.87,9.68,2.58,0.0,7.1,0.645,0.3225
0.84,2.95,0.84,0.0,0.42,12.66,1.27,5.49,8.86,1.69,6.75,0.63,1.16
0.58,5.2,2.31,0.58,1.16,13.87,0.58,9.83,5.2,3.47,4.62,1.4449999999999998,0.14749999999999996
0.0,3.3,0.47,1.42,0.0,13.21,0.0,11.32,4.72,2.83,12.26,1.89,0.9425000000000001
0.0,3.82,0.76,1.53,0.0,19.85,6.11,9.92,12.21,0.76,5.34,0.0,-0.19
0.0,2.04,1.02,0.0,0.0,12.24,1.02,9.18,1.02,3.06,10.2,1.02,0.765
2.99,2.99,2.99,0.0,0.0,14.93,0.0,17.91,1.49,0.0,0.0,1.495,0.3725
2.99,1.49,0.0,0.0,0.0,13.43,1.49,8.96,1.49,1.49,7.46,0.0,0.37500000000000006
0.0,0.0,0.0,0.0,0.0,7.25,0.0,8.7,1.45,4.35,15.94,0.0,0.725
0.0,3.57,0.0,0.0,0.0,8.93,1.79,10.71,5.36,5.36,14.29,1.79,3.5725
1.44,1.91,0.96,0.0,0.48,13.88,0.48,5.74,13.88,5.74,6.7,0.48,3.23
1.02,3.05,1.52,0.0,0.0,9.14,0.0,9.14,1.52,4.06,8.12,0.76,0.255
1.53,1.53,0.51,0.0,0.0,8.67,1.02,6.12,9.69,1.53,8.16,1.785,1.1475
2.43,0.97,0.0,0.0,0.0,11.17,0.97,9.71,2.43,6.31,11.65,0.97,0.97
0.0,1.96,0.98,0.0,0.0,8.82,0.49,10.29,4.41,8.82,12.75,0.49,1.5925
0.43,2.55,0.43,0.0,0.0,11.91,2.13,9.36,3.83,3.83,12.77,1.28,1.0625
0.51,1.54,0.0,0.0,0.0,7.18,0.51,7.69,7.69,3.08,10.77,1.54,2.4375
0.0,1.46,0.97,0.49,0.0,17.48,2.43,4.85,7.28,7.77,8.74,0.0,1.0924999999999998
0.0,0.0,0.0,0.0,0.0,9.86,0.0,6.34,13.38,4.93,4.93,0.0,2.11
2.27,2.84,1.14,0.0,0.0,15.91,1.7,9.66,2.27,2.27,11.93,1.14,1.1349999999999998
0.69,1.74,0.35,0.69,0.0,10.42,0.35,10.42,6.6,5.56,7.64,0.35,1.9100000000000001
0.61,1.23,1.23,0.0,0.0,10.43,1.23,5.52,10.43,4.91,10.43,0.0,4.45
0.53,3.72,3.19,0.0,0.0,14.89,1.06,11.7,1.06,1.6,6.91,0.795,0.795
0.0,3.1,2.65,0.0,0.0,14.16,2.21,6.19,7.52,3.98,8.41,0.0,2.3225000000000002
1.08,2.69,1.61,0.0,0.0,12.9,0.54,6.45,2.15,5.38,8.6,0.54,1.6125
0.0,3.45,2.76,0.0,0.0,18.62,3.45,6.21,2.76,2.76,8.28,0.0,-0.1725
2.03,3.2,1.74,0.0,0.87,18.6,2.91,8.72,6.4,3.49,7.27,0.58,1.09
2.52,2.83,1.57,0.63,0.31,16.67,1.89,11.01,1.26,0.31,7.23,0.155,0.15749999999999997
4.66,2.54,0.85,0.0,0.0,13.98,4.24,11.44,2.12,0.0,7.2,0.635,0.3175
0.0,5.97,1.49,1.0,1.0,15.42,1.99,8.46,3.48,3.48,7.96,0.25,0.7475
0.3,3.3,1.2,0.9,0.3,16.52,4.2,11.11,3.9,0.6,7.21,0.0,0.15000000000000002
2.65,1.52,0.76,0.76,0.0,13.26,2.65,10.61,4.55,4.17,10.23,0.0,1.1375000000000002
3.21,1.07,0.53,0.0,0.0,13.37,0.0,10.7,1.07,1.6,8.02,0.0,0.2675
4.44,1.85,0.37,0.0,0.74,15.93,3.7,10.74,1.11,2.22,12.96,0.185,1.2025000000000001
1.82,1.82,0.61,0.0,1.21,16.97,1.21,12.73,0.0,1.21,3.03,0.0,0.3025
0.63,3.77,2.52,0.0,0.63,13.21,0.63,13.84,0.63,0.0,8.81,0.0,0.47250000000000003
0.39,3.13,1.95,0.0,0.0,15.23,4.69,7.42,1.95,1.95,11.72,0.78,0.585
0.0,4.65,0.0,3.49,0.0,20.93,0.0,11.63,12.79,1.16,4.65,0.0,0.0
1.21,2.02,0.81,0.0,0.0,11.29,2.02,7.26,5.65,4.03,12.5,0.4,1.3125
0.0,3.57,3.57,0.0,0.0,19.05,1.19,7.14,8.33,4.76,4.76,0.0,0.0
1.08,5.41,3.24,0.0,0.54,16.76,1.62,10.27,2.16,3.24,7.57,0.54,0.54
0.96,4.33,4.33,0.0,0.0,11.54,0.96,7.21,0.48,1.92,9.62,0.0,0.72
2.65,3.97,3.31,0.0,0.0,13.91,3.31,13.25,0.66,0.0,8.61,0.0,0.6625
2.3,6.32,4.02,1.15,0.0,18.39,2.87,8.62,4.6,7.47,9.2,0.57,1.005
1.78,2.67,2.22,0.0,0.0,17.33,0.0,11.11,8.89,4.89,8.0,0.885,1.6649999999999998
2.12,4.76,3.17,0.53,0.53,16.4,2.65,10.58,4.23,2.12,7.94,0.53,0.53
0.52,3.66,3.14,0.0,0.0,18.32,5.76,12.04,3.66,3.14,9.42,0.26,1.045
3.3,3.3,2.2,0.55,0.55,17.58,3.85,8.24,1.1,4.95,10.44,0.0,1.785
3.23,2.69,1.08,0.54,0.54,10.75,2.15,8.06,0.0,1.08,12.37,0.0,0.5375
1.35,4.05,2.7,0.0,0.0,13.06,0.45,8.56,0.0,1.8,9.46,0.9,0.5625
0.61,6.13,2.45,0.61,1.84,18.4,0.61,11.04,4.29,4.29,9.82,0.0,1.5325000000000002
2.11,3.52,2.11,1.41,0.0,16.9,2.82,11.97,2.11,1.41,5.63,0.0,1.0575
0.0,3.25,1.95,0.0,0.65,14.94,1.3,8.44,2.6,4.55,9.09,0.65,1.6225
0.74,2.21,0.74,0.0,0.0,14.71,2.21,8.09,2.94,5.88,11.03,0.74,2.7575000000000003
0.0,4.76,2.38,0.0,2.38,11.9,2.38,7.14,4.76,0.0,9.52,1.19,1.19
3.95,3.95,2.63,0.0,0.0,13.16,1.32,14.47,0.0,0.0,6.58,1.32,0.0
1.56,4.69,3.13,0.0,0.0,10.94,3.13,14.06,0.0,0.0,3.13,2.3449999999999998,0.0
1.64,6.56,4.92,0.0,0.0,16.39,0.0,9.84,0.0,0.0,8.2,0.0,0.0
1.1,5.49,4.4,0.0,0.0,18.68,6.59,5.49,1.1,5.49,3.3,1.1,0.275
0.0,4.62,1.54,0.0,0.0,6.15,0.0,9.23,0.0,3.08,10.77,3.08,0.385
0.0,7.55,1.89,0.0,0.0,13.21,0.0,11.32,0.0,0.0,7.55,5.66,0.0
0.0,5.26,0.0,0.0,0.0,15.79,0.0,15.79,0.0,0.0,5.26,5.26,0.0
1.64,4.92,1.64,0.0,0.0,9.84,0.0,9.84,0.0,0.0,4.92,3.28,0.0
0.0,4.76,2.38,0.0,0.0,16.67,4.76,14.29,0.0,0.0,11.9,2.38,0.0
0.0,5.56,2.78,0.0,0.0,16.67,0.0,13.89,0.0,0.0,2.78,2.78,0.695
1.96,1.96,1.96,0.0,0.0,11.76,0.0,7.84,1.96,0.0,9.8,0.0,0.0
0.0,6.06,3.03,0.0,0.0,12.12,0.0,9.09,0.0,0.0,6.06,3.03,0.0
6.9,3.45,3.45,0.0,0.0,17.24,3.45,17.24,0.0,0.0,10.34,0.0,0.0
0.0,6.67,1.67,0.0,0.0,20.0,6.67,5.0,11.67,10.0,0.0,0.0,0.835
0.0,3.41,2.93,0.0,0.0,13.66,3.41,8.78,3.9,9.76,7.8,0.49,0.975
0.51,2.04,0.0,0.0,0.0,13.78,5.61,9.69,1.02,3.57,10.71,1.53,0.6375
0.0,2.03,1.52,0.0,0.0,16.24,3.55,6.6,1.52,5.08,12.69,0.51,0.8875
0.0,4.88,2.44,0.0,0.0,20.73,4.88,8.54,7.32,2.44,10.98,1.22,0.915
0.52,5.18,4.66,0.0,0.0,15.03,2.07,10.36,1.04,3.11,14.51,0.52,0.9075
1.51,2.51,2.51,0.0,0.0,16.58,2.01,8.04,0.0,3.02,14.57,0.0,0.88
0.0,2.94,2.21,0.0,0.0,6.62,0.74,5.15,1.47,7.35,10.29,0.74,1.4725000000000001
1.59,2.38,2.38,0.0,0.0,17.46,3.17,11.11,1.59,2.38,14.29,0.0,0.595
0.51,3.05,2.54,0.0,0.0,12.69,1.02,9.14,2.54,5.08,12.18,0.0,0.7625
1.32,1.32,1.32,0.0,0.0,15.13,1.97,9.21,1.97,7.24,11.84,0.0,1.315
2.97,3.47,2.97,0.5,0.0,19.31,3.47,10.4,1.98,0.99,11.39,0.0,0.62
0.0,1.39,1.39,0.0,0.0,13.89,4.17,11.11,5.56,6.94,13.89,0.0,1.39
0.0,1.32,1.32,0.0,0.0,15.79,1.97,7.24,1.97,6.58,11.18,0.0,1.81
0.81,2.85,1.63,0.0,0.0,17.07,2.03,3.66,6.91,4.47,3.66,0.0,0.40499999999999997
0.78,3.52,0.78,0.0,0.39,21.09,4.69,8.98,3.13,2.34,8.2,1.95,1.0725
0.0,4.97,3.87,0.0,0.0,19.89,5.52,6.63,2.21,4.42,11.6,0.0,0.83
1.42,1.42,1.07,0.0,0.0,13.88,1.78,6.76,3.2,2.14,9.61,0.0,0.5325000000000001
0.35,2.44,0.7,0.0,0.35,13.94,0.7,4.53,11.5,3.14,8.36,0.35,0.175
2.24,1.49,1.49,0.0,0.0,17.91,1.49,10.45,0.75,5.97,8.21,0.375,1.12
0.63,4.38,0.0,1.25,1.88,13.13,0.63,12.5,3.13,0.63,9.38,1.25,-0.155
1.18,3.92,0.78,0.0,0.39,14.12,2.75,7.45,2.75,1.18,10.98,1.375,0.0
0.93,2.49,0.62,0.0,0.0,14.33,1.56,8.72,6.23,4.67,7.17,1.56,0.6225
0.38,1.53,0.0,0.0,0.0,16.79,3.82,8.78,3.44,3.44,8.4,0.38,0.38249999999999995
0.0,2.9,2.07,0.0,0.0,16.18,2.49,6.22,2.07,2.49,11.2,0.0,1.1375
0.0,3.82,1.27,0.0,0.0,13.38,0.64,10.83,7.64,3.82,10.19,0.9550000000000001,2.865
1.4,1.87,1.87,0.0,0.0,17.76,1.4,10.75,0.93,4.21,8.41,0.0,1.0525
0.36,1.44,1.08,0.0,0.0,22.66,4.32,6.83,4.32,1.08,5.76,0.0,0.72
0.0,4.31,4.31,0.0,0.0,17.24,6.03,7.76,0.86,6.9,10.34,0.0,0.6475
0.54,4.89,1.63,1.63,0.54,15.22,1.09,10.33,3.8,4.35,8.15,0.54,1.63
0.4,3.64,1.62,0.4,0.4,20.24,4.05,6.48,2.43,4.86,6.48,1.215,0.8075000000000001
0.0,4.32,1.08,1.08,0.0,15.68,2.16,7.03,2.16,2.7,8.11,1.62,0.135
0.51,3.59,2.05,0.0,0.0,20.0,1.54,9.23,0.51,3.59,10.77,1.54,1.1524999999999999
2.21,1.66,1.1,0.0,0.0,10.5,1.66,9.94,2.76,4.97,6.08,0.0,1.795
0.82,6.56,5.74,0.0,0.0,18.03,0.82,13.93,4.1,1.64,9.02,0.0,1.435
0.0,4.57,4.57,0.0,0.0,12.69,2.03,9.64,1.02,3.05,11.17,0.0,0.7625
0.38,2.27,1.89,0.0,0.0,18.56,2.27,8.71,0.38,4.92,9.09,0.38,1.1375
1.4,2.45,2.1,0.0,0.0,13.64,0.35,5.94,3.5,4.55,7.69,0.175,0.6125
0.0,4.96,1.24,0.83,0.0,14.88,3.72,7.85,5.79,2.89,8.68,1.45,0.6174999999999999
0.38,3.08,1.54,0.38,0.38,15.0,2.31,7.31,2.69,5.38,7.31,0.0,1.4425000000000001
2.91,3.49,1.74,0.58,0.58,13.95,1.74,8.72,2.33,4.65,7.56,0.58,1.3075
0.98,5.39,3.43,0.0,1.47,21.08,3.43,10.29,2.45,3.92,10.78,0.245,0.735
0.64,2.55,2.55,0.0,0.0,13.38,1.91,5.73,0.64,3.18,11.46,0.0,0.16
0.0,3.57,3.57,0.0,0.0,12.5,0.0,8.93,3.57,10.71,3.57,0.0,1.3399999999999999
0.0,4.0,0.67,0.0,0.0,12.0,0.0,11.33,1.33,3.33,10.67,2.335,0.3325
0.0,4.29,2.86,0.0,0.0,12.86,1.43,11.43,0.0,2.86,8.57,1.43,0.715
0.71,2.84,2.13,0.0,0.0,21.28,7.09,7.09,4.96,4.26,12.06,0.71,1.5975
0.43,2.55,1.7,0.0,0.0,17.87,5.53,6.38,7.23,4.68,10.64,0.64,2.1275
1.44,2.39,0.48,0.0,0.0,12.92,1.91,13.4,0.96,0.48,8.13,1.6749999999999998,0.48
0.45,4.91,0.89,0.45,0.0,9.82,2.23,9.82,4.02,3.57,11.16,3.795,1.115
0.0,3.4,2.04,0.0,0.0,21.09,6.12,9.52,4.08,6.12,8.84,0.68,1.53
1.36,5.91,4.09,0.0,0.0,11.36,0.91,11.36,1.36,1.82,10.0,1.815,0.68
0.0,2.26,0.9,0.45,0.0,15.84,3.17,9.05,6.79,1.36,7.69,0.225,1.0175
1.03,4.64,2.58,0.0,0.0,16.49,5.15,11.86,2.58,3.09,12.37,1.8050000000000002,1.1600000000000001
3.8,1.27,1.27,0.0,0.0,18.99,3.8,11.39,2.53,0.0,3.8,0.0,1.2675
0.91,2.96,0.68,0.68,0.0,20.96,6.15,3.64,9.57,2.96,5.47,0.115,0.4574999999999999
0.22,3.71,2.84,0.0,0.44,15.94,2.4,8.73,4.8,2.84,8.95,1.095,0.8725
1.45,1.86,0.62,0.21,0.0,15.08,3.31,7.64,10.12,4.13,6.82,0.105,0.5150000000000001
0.32,2.22,1.59,0.0,0.0,16.51,4.44,5.08,1.9,2.86,8.89,0.635,0.635
0.0,1.25,0.75,0.0,0.0,13.0,2.5,8.5,2.75,3.25,12.0,0.0,1.125
0.54,1.62,0.72,0.0,0.36,20.36,2.7,10.09,4.5,3.78,8.83,0.09,0.63
2.0,1.33,1.33,0.0,0.0,16.0,3.33,10.0,7.33,0.0,12.0,0.0,1.335
2.37,2.37,1.58,0.0,0.26,13.42,3.16,6.84,2.37,1.05,6.84,0.26,0.6575
1.02,4.08,1.02,0.0,0.0,15.31,3.06,10.2,5.1,0.0,8.16,0.51,0.51
0.4,3.22,2.21,0.2,0.0,13.28,2.41,8.05,2.62,4.83,9.26,0.4,0.45249999999999996
1.97,1.97,1.48,0.0,0.0,12.81,2.46,8.87,4.93,2.96,7.88,0.49,1.23
2.25,2.75,1.5,0.0,0.0,15.75,2.0,9.25,1.0,1.0,10.25,0.875,0.625
0.79,1.19,1.19,0.0,0.0,12.7,1.98,7.14,0.79,5.56,11.51,0.0,0.7925
0.85,1.69,0.0,1.69,0.0,7.63,2.54,11.02,9.32,7.63,7.63,0.0,0.8475
0.0,3.39,0.0,0.85,0.42,14.83,3.39,11.86,5.08,3.39,8.05,2.54,0.8475
0.34,2.36,1.35,0.0,0.0,15.15,4.38,11.11,0.34,4.04,8.08,1.1800000000000002,0.9275
1.34,1.61,1.08,0.27,0.0,12.9,3.23,11.02,2.42,2.96,11.56,0.27,1.0750000000000002
0.55,3.03,1.65,0.55,0.0,10.74,1.65,9.64,4.13,2.48,10.19,0.8250000000000001,0.6225
0.61,2.13,0.91,0.0,0.0,14.89,1.82,14.59,1.82,1.82,7.6,0.61,0.6075
0.0,2.22,1.66,0.28,0.0,15.24,1.11,7.48,3.88,1.94,9.7,0.5549999999999999,0.7625
0.34,2.75,0.0,2.06,0.0,11.34,1.37,11.68,7.56,2.06,13.4,0.17,0.5175
0.74,5.19,1.48,0.0,0.74,14.81,1.48,15.56,1.48,5.19,14.81,2.22,1.8525
0.29,2.0,0.57,0.86,0.0,15.43,3.43,8.57,5.43,5.14,7.14,0.145,1.2125000000000001
0.4,1.59,0.4,0.79,0.0,13.1,2.38,7.94,4.76,4.37,15.08,0.4,1.0925
2.44,2.44,0.98,0.0,0.0,11.71,2.44,7.32,1.95,4.88,11.22,1.46,1.95
0.0,2.91,1.16,0.0,0.0,8.14,1.16,7.56,1.74,0.58,8.72,1.45,0.435
1.32,4.39,0.44,0.0,0.0,10.09,2.19,15.79,2.19,0.88,13.6,3.95,0.33
0.0,2.61,0.0,0.0,0.0,12.42,0.65,11.76,0.65,2.61,7.19,1.31,1.3075
0.0,4.73,2.7,0.0,0.0,14.86,2.03,3.38,8.78,4.05,7.43,0.0,-0.3375
0.0,5.56,3.33,0.0,0.0,17.78,2.22,8.89,1.11,3.33,10.0,1.11,0.8325
1.06,1.6,0.53,0.0,0.53,20.74,3.19,5.85,9.04,4.79,6.38,0.0,0.265
1.82,3.64,1.82,0.0,0.0,12.73,1.82,3.64,7.27,7.27,7.27,0.91,1.8175
1.01,3.02,2.01,0.0,0.0,15.08,2.51,6.53,5.53,6.53,13.57,0.0,1.0025
0.0,1.72,0.86,0.0,0.0,9.48,0.86,7.76,0.86,0.86,13.79,2.585,0.8625
0.0,4.35,2.17,0.0,0.0,19.57,2.9,6.52,5.8,7.25,4.35,0.0,0.7224999999999999
2.29,0.0,0.0,0.0,0.0,6.11,0.0,4.58,3.05,3.05,12.98,0.38,0.9550000000000001
3.77,0.0,0.0,0.0,0.0,15.09,3.77,7.55,1.89,0.0,20.75,0.0,0.0
0.0,2.26,2.26,0.0,0.0,4.51,0.0,5.26,1.5,6.02,14.29,2.255,0.7525
0.0,6.58,1.32,0.0,0.0,18.42,3.95,5.26,6.58,1.32,5.26,0.0,-0.9875
1.54,3.08,0.0,1.54,0.0,20.0,7.69,6.15,10.77,3.08,9.23,1.54,0.77
0.52,2.6,1.04,0.0,0.0,12.5,3.13,5.73,3.65,3.13,14.06,0.0,0.7825
0.0,1.55,1.55,0.0,0.0,12.4,0.0,10.85,10.85,4.65,11.63,0.0,1.165
2.94,0.0,0.0,0.0,0.0,8.82,2.94,14.71,0.0,5.88,8.82,0.0,1.47
1.74,2.61,0.0,0.0,0.0,20.0,4.35,9.57,4.35,2.61,7.83,0.87,0.6525
1.65,2.75,1.1,0.0,0.0,9.34,0.55,8.24,0.55,3.85,9.89,0.8250000000000001,0.1375
0.49,1.94,0.97,0.0,0.0,18.45,0.97,9.71,7.77,2.43,2.91,0.49,0.4875
10.0,0.83,0.0,0.0,0.0,14.17,3.33,11.67,0.0,0.83,17.5,0.0,0.4175
4.84,2.69,1.61,0.0,1.08,11.29,1.08,6.99,0.54,1.61,13.98,0.0,0.6725
0.0,2.16,1.44,0.0,0.0,10.79,1.44,7.19,1.44,4.32,10.07,0.0,0.9
1.1,2.75,1.65,0.0,0.0,13.74,0.55,7.14,3.85,4.4,8.79,1.1,1.6475
0.7,5.63,2.82,0.7,0.0,13.38,0.0,10.56,2.82,3.52,3.52,0.0,1.4075
1.04,4.15,1.04,0.52,0.0,15.54,3.11,9.33,1.55,4.15,9.33,1.55,1.0375
3.83,4.37,2.19,0.0,0.0,22.95,6.01,8.2,3.83,1.64,8.74,0.0,1.23
1.38,3.69,1.38,0.0,0.46,16.59,1.84,9.22,0.92,1.38,11.98,1.15,0.46
4.29,2.38,2.38,0.0,0.0,13.81,1.9,10.0,0.0,2.38,14.29,0.0,0.475
0.9,4.07,2.26,0.45,0.0,14.03,3.62,5.88,1.81,3.62,10.41,0.0,0.68
2.79,1.59,0.8,0.0,0.0,14.74,4.38,9.56,5.98,2.39,6.77,0.6000000000000001,1.3925
0.0,3.65,2.19,0.73,0.0,13.87,2.19,5.84,4.38,5.11,7.3,0.0,0.365
1.33,6.19,3.1,0.0,0.44,22.57,2.65,8.41,0.44,3.98,8.85,0.88,0.4425
1.86,2.79,0.47,0.0,0.0,22.79,1.86,12.56,3.26,2.33,4.65,1.4,1.0474999999999999
2.68,2.01,0.0,0.0,0.0,23.49,5.37,6.71,11.41,4.03,11.41,0.67,0.0
4.51,3.76,3.01,0.0,0.0,17.29,1.5,13.53,1.5,2.26,5.26,1.125,1.315
0.0,6.34,4.23,0.0,0.7,22.54,3.52,16.2,2.11,0.7,6.34,2.1149999999999998,0.5275
4.22,2.41,0.0,0.0,0.6,16.87,2.41,7.23,8.43,1.2,7.83,0.0,0.6024999999999999
3.95,3.95,0.66,0.0,0.66,15.79,3.29,9.21,0.0,3.29,10.53,2.96,0.6575
2.08,3.13,1.04,0.0,1.04,23.96,2.08,11.46,2.08,5.21,6.25,1.565,1.5625
1.61,0.54,0.0,0.0,0.0,15.05,2.69,10.22,5.38,0.0,11.29,0.81,0.5375
1.92,3.85,1.28,0.0,0.0,16.67,3.85,7.69,0.0,2.56,5.13,0.0,0.64
1.69,1.69,1.69,0.0,0.0,18.64,5.08,11.86,1.69,1.69,15.25,0.0,0.845
0.75,1.88,0.75,0.0,0.75,14.66,4.14,9.02,4.51,5.26,10.9,0.19,1.6925
0.32,2.24,0.64,0.64,0.32,10.54,3.51,9.9,6.71,2.24,6.71,0.16,0.32000000000000006
1.32,0.66,0.0,0.0,0.33,12.83,3.29,8.88,3.95,2.3,9.54,0.495,0.6575
1.05,0.79,0.0,0.53,0.0,8.42,1.84,8.42,1.32,0.79,8.16,2.235,0.195
2.19,0.31,0.0,0.0,0.0,23.2,3.13,2.51,14.73,0.31,2.51,0.155,0.6275000000000001
0.81,1.63,0.27,0.0,0.0,16.26,2.98,4.34,10.57,1.9,4.61,0.135,1.085
0.9,4.05,0.9,0.45,0.9,14.86,2.25,4.05,18.92,3.15,5.86,1.125,1.125
0.79,0.39,0.0,0.0,0.0,20.08,5.91,4.33,8.66,0.39,2.76,0.0,1.3775
0.86,2.0,0.29,0.0,0.86,26.86,6.86,8.29,13.14,0.0,3.14,0.43,1.785
0.76,0.51,0.0,0.0,0.0,20.2,3.54,4.04,16.92,0.25,4.8,0.0,1.58
0.0,1.79,0.0,0.0,0.0,9.82,0.89,11.61,4.46,1.79,13.39,1.34,0.8925000000000001
2.49,4.56,0.0,1.24,0.83,16.18,2.9,3.73,11.2,2.9,5.39,2.0749999999999997,0.62
1.01,4.02,0.5,0.0,2.01,11.56,0.0,7.54,11.06,0.5,8.04,1.5099999999999998,1.255
0.98,1.72,0.25,0.98,0.49,16.46,2.7,13.02,6.88,1.72,5.9,0.245,0.9199999999999999
0.0,5.71,4.29,0.0,0.0,15.71,1.43,8.57,7.14,1.43,4.29,0.0,0.0
0.52,4.15,2.07,0.52,0.0,17.1,2.07,15.54,2.59,1.55,4.66,0.52,0.1275
0.58,5.23,2.91,0.58,0.58,18.6,7.56,9.3,2.33,2.33,8.72,0.58,0.435
5.41,0.0,0.0,0.0,0.0,15.32,0.9,10.81,0.9,0.0,9.91,0.45,0.225
3.09,2.47,2.47,0.0,0.0,8.64,1.23,7.41,0.62,1.23,11.11,0.62,0.3075
1.27,3.8,2.53,0.0,0.0,7.59,1.27,10.76,0.0,0.63,13.29,0.315,0.475
0.0,3.83,1.91,0.48,0.48,14.35,1.44,9.57,6.7,1.44,7.18,0.48,0.8375
1.23,3.68,3.68,0.0,0.0,7.36,0.61,7.98,1.23,6.75,10.43,0.92,1.9925
0.54,3.78,3.24,0.0,0.0,11.35,2.7,8.65,1.62,5.95,10.81,0.27,1.35
1.91,3.82,3.82,0.0,0.0,12.1,4.46,5.1,0.0,6.37,7.01,0.635,0.6375
0.0,8.33,4.17,0.0,0.0,27.08,14.58,4.17,4.17,0.0,4.17,0.0,-1.0425
0.84,2.52,1.68,0.0,0.0,10.92,2.52,14.29,2.52,0.84,8.4,1.26,0.42
0.0,4.79,4.11,0.0,0.0,13.7,3.42,9.59,1.37,2.05,8.9,0.0,0.6825
0.0,7.09,2.36,0.0,0.0,21.26,3.15,14.96,0.0,2.36,7.87,1.9649999999999999,0.59
0.0,4.3,2.15,1.08,0.0,23.66,1.08,8.6,3.23,4.3,6.45,0.0,1.075
0.0,4.47,2.79,0.0,0.0,15.64,2.23,9.5,3.35,2.79,8.94,0.0,0.8375
0.65,3.25,1.95,0.0,0.0,12.34,2.6,9.74,0.65,7.14,10.39,0.0,1.4600000000000002
2.86,1.71,1.71,0.0,0.0,15.43,3.43,13.14,1.14,2.86,9.71,0.0,0.8575
2.5,1.25,1.25,0.0,0.0,10.0,2.5,11.25,1.25,1.88,11.88,0.315,0.9375
0.76,1.53,0.76,0.0,0.76,18.32,7.63,9.92,0.76,0.76,12.98,0.0,0.19
0.48,1.91,1.44,0.0,0.0,14.35,4.78,5.74,3.83,4.78,10.05,0.0,1.1975
0.52,3.09,1.03,0.0,0.0,10.82,4.12,10.31,0.0,4.12,12.37,2.3200000000000003,1.4175
1.38,0.0,0.0,0.0,0.0,12.41,2.07,9.66,0.0,1.38,15.86,0.0,0.345
1.02,2.38,1.7,0.34,0.0,14.29,2.72,7.82,4.76,3.74,8.16,0.34,1.445
1.25,0.83,0.83,0.0,0.0,9.17,2.5,10.83,2.08,1.25,8.33,1.04,0.625
3.03,0.76,0.76,0.0,0.0,12.88,4.55,11.36,0.76,0.0,10.61,0.0,0.38
0.44,1.33,1.33,0.0,0.0,10.62,0.44,11.06,0.88,1.33,12.39,0.22,0.4425
0.48,2.87,2.87,0.0,0.0,16.75,2.87,9.09,0.96,1.91,9.09,0.0,1.0775000000000001
1.96,3.27,1.31,0.0,0.0,17.65,6.54,5.88,3.27,1.31,7.19,0.0,0.0
0.0,7.32,4.88,0.0,2.44,9.76,2.44,9.76,0.0,0.0,2.44,0.0,0.0
1.09,3.26,3.26,0.0,0.0,19.57,2.17,15.22,0.0,3.26,7.61,0.0,0.815
6.71,2.01,2.01,0.0,0.0,15.44,3.36,11.41,0.0,1.34,11.41,0.0,0.5025
1.99,3.31,2.65,0.0,0.66,19.87,4.64,11.26,0.0,0.66,9.27,0.0,0.165
0.0,2.52,2.52,0.0,0.0,24.37,3.36,11.76,1.68,1.68,10.08,0.0,0.42
0.0,4.09,2.73,0.0,0.0,14.09,0.45,10.0,1.82,6.82,10.91,1.36,1.59
2.07,4.14,4.14,0.0,0.0,20.69,2.07,11.03,0.69,4.14,8.28,0.0,1.035
0.0,3.57,3.57,0.0,0.0,15.48,1.19,10.71,1.19,5.95,4.76,0.0,0.595
1.56,3.13,3.13,0.0,0.0,14.06,3.65,10.42,0.52,2.08,11.46,0.0,0.7825
2.22,1.11,1.11,0.0,0.0,16.67,2.22,10.0,0.0,2.22,12.22,0.0,0.555
3.25,3.25,0.65,0.0,0.0,12.34,0.65,11.69,0.65,4.55,14.29,2.6,1.3
0.99,0.99,0.0,0.0,0.0,15.84,0.99,9.9,1.98,1.98,10.89,0.99,1.485
1.16,2.91,1.74,0.0,0.0,18.6,2.91,8.72,2.33,5.23,7.56,0.58,0.5825
0.0,1.67,0.83,0.0,0.0,12.5,1.67,7.5,10.0,0.83,2.5,0.0,0.0
1.16,2.32,1.54,0.0,0.0,15.06,0.77,8.11,6.95,3.86,6.18,0.0,0.38749999999999996
1.03,0.69,0.0,0.0,0.0,13.75,1.72,4.81,18.21,1.72,7.22,0.0,0.6875000000000001
2.19,0.55,0.0,0.0,0.0,8.74,0.55,9.29,4.37,1.09,16.39,0.8200000000000001,0.9550000000000001
1.42,1.9,1.42,0.0,0.47,12.32,0.47,10.43,0.0,3.32,14.69,0.0,1.185
0.8,0.4,0.4,0.0,0.0,14.74,1.59,6.77,16.33,1.99,7.97,0.4,0.2
3.22,0.0,0.0,0.0,0.0,9.06,0.88,7.6,7.6,5.56,11.4,0.29,1.755
0.61,0.31,0.31,0.0,0.0,11.04,1.23,6.13,6.44,7.36,12.27,0.0,0.9974999999999999
0.31,1.25,0.47,0.0,0.0,11.88,1.09,6.72,15.16,2.81,6.41,0.39,0.47
0.84,1.12,0.28,0.0,0.28,10.36,1.4,7.0,3.92,3.92,12.61,1.12,0.9800000000000001
3.57,0.4,0.4,0.0,0.0,12.7,0.4,7.94,7.14,0.79,11.51,0.0,1.9849999999999999
4.65,1.16,0.78,0.0,0.0,10.47,1.55,7.75,3.1,1.55,15.89,0.7749999999999999,1.4525000000000001
1.11,1.11,0.89,0.22,0.0,12.89,1.33,6.22,12.0,6.22,9.56,0.0,0.72
1.06,0.53,0.0,0.27,0.27,12.73,1.33,3.98,13.53,4.77,7.43,0.0,0.995
0.48,1.44,0.48,0.24,0.0,12.74,2.4,3.85,18.51,2.16,6.49,0.36,0.78
0.0,3.57,2.04,0.0,0.0,15.31,3.57,4.59,9.69,4.08,4.08,0.765,0.3825
0.91,3.64,1.82,0.0,0.0,11.36,1.36,13.64,4.55,1.36,7.27,0.0,0.45249999999999996
3.79,2.27,0.0,1.52,0.0,10.61,4.55,12.12,6.82,3.03,15.91,0.76,0.7575
0.26,1.56,1.56,0.0,0.0,12.73,2.34,7.53,4.68,5.97,10.65,0.0,0.9099999999999999
0.0,1.87,0.93,0.0,0.0,17.13,2.18,6.23,9.35,4.98,9.66,0.0,0.7000000000000001
4.1,1.49,1.49,0.0,0.0,7.46,1.12,10.82,1.87,2.24,12.31,0.56,0.4675
0.0,0.0,0.0,0.0,0.0,10.1,0.51,3.03,3.54,9.6,14.65,0.0,1.515
0.0,0.56,0.0,0.0,0.0,10.67,2.81,7.87,3.93,7.3,12.36,0.28,0.4225
2.26,1.36,0.45,0.0,0.0,11.31,2.26,11.76,3.17,3.17,13.12,0.9,1.1325
0.63,0.63,0.0,0.0,0.0,11.32,2.52,6.92,6.29,5.66,11.95,0.9450000000000001,1.5750000000000002
1.19,0.6,0.6,0.0,0.0,13.1,2.38,13.69,0.6,6.55,9.52,0.0,1.7850000000000001
2.07,1.55,0.52,0.0,0.0,9.84,1.04,11.92,2.07,1.55,10.36,0.52,1.0375
0.0,0.0,0.0,0.0,0.0,26.53,2.04,8.16,0.0,6.12,8.16,1.02,0.51
2.82,4.93,1.41,0.0,0.0,17.61,2.11,11.27,5.63,4.93,4.23,0.705,0.5300000000000001
0.0,2.47,1.23,0.0,0.0,9.88,0.0,17.28,1.23,1.23,4.94,1.235,0.3075
3.6,6.47,4.32,0.0,0.0,14.39,5.04,11.51,0.0,2.16,8.63,0.72,0.54
0.63,6.96,3.16,0.0,0.63,14.56,1.9,12.03,0.0,1.27,6.96,2.215,0.6325
0.0,1.79,0.0,0.0,0.0,14.29,3.57,5.36,14.29,0.0,7.14,1.79,0.0
1.39,2.78,2.78,0.0,0.0,17.36,2.08,11.11,16.67,0.69,6.94,0.0,0.1725
0.0,3.85,1.92,1.92,0.0,14.42,0.96,6.73,11.54,4.81,6.73,0.0,0.0
1.85,2.78,0.93,1.85,0.0,7.41,0.93,8.33,4.63,5.56,4.63,0.0,0.4624999999999999
0.58,5.23,2.91,0.0,0.0,8.14,0.0,11.63,1.16,2.91,6.4,2.325,1.1625
2.67,4.67,4.0,0.0,0.67,10.67,2.0,8.67,0.67,2.0,13.33,0.335,0.6675
0.0,6.3,3.15,0.0,0.0,7.09,0.79,12.6,0.0,0.0,10.24,2.755,0.0
0.0,5.71,3.81,0.0,0.0,12.38,2.86,4.76,1.9,0.95,11.43,1.43,0.475
1.04,9.38,3.13,0.0,0.0,14.58,0.0,12.5,0.0,4.17,6.25,1.04,0.52
0.0,2.69,1.54,0.0,1.15,19.62,0.38,12.69,4.62,0.0,6.15,0.19,0.2875
1.22,1.63,1.63,0.0,0.0,15.45,0.81,8.94,8.54,3.66,6.91,0.205,0.3075
0.99,0.49,0.49,0.0,0.0,12.32,1.48,6.9,0.49,0.49,11.33,0.0,0.4925
2.14,2.14,1.6,0.0,0.0,15.51,2.67,11.76,0.53,0.53,8.56,0.53,0.535
0.0,1.38,1.38,0.0,0.0,15.6,0.46,11.01,5.5,5.05,10.09,0.23,1.0325
0.0,2.02,1.21,0.0,0.0,16.6,1.62,6.88,9.31,4.86,4.05,0.0,0.0
1.94,2.58,2.58,0.0,0.0,7.74,0.65,10.97,2.58,3.23,10.32,0.0,0.3225
2.65,1.59,1.06,0.0,0.0,16.93,3.17,10.58,4.76,3.7,8.47,0.0,0.3975
0.7,1.41,1.41,0.0,0.0,16.2,2.11,10.56,0.7,1.41,14.08,0.0,0.5275
0.0,4.3,4.3,0.0,0.0,21.51,5.38,8.6,1.08,1.08,17.2,0.0,0.5375
2.82,3.52,3.52,0.0,0.0,11.27,1.41,7.75,0.7,1.41,19.01,0.0,0.3525
0.61,2.42,2.42,0.0,0.0,18.79,4.24,7.88,5.45,0.61,6.67,0.0,0.6074999999999999
0.0,1.71,1.71,0.0,0.0,18.29,4.0,9.71,0.0,3.43,13.14,0.0,0.5725
0.0,0.74,0.0,0.0,0.0,11.11,2.22,2.96,0.74,5.93,13.33,0.0,0.925
0.0,3.97,0.66,0.0,2.65,9.27,0.0,7.28,9.93,4.64,8.61,0.33,2.3175
0.0,5.68,3.41,2.27,0.0,19.32,1.14,13.64,14.77,3.41,9.09,0.0,0.0
0.73,3.66,0.73,0.0,0.37,17.22,4.76,9.16,5.86,1.83,10.99,1.465,0.09249999999999997
0.62,2.77,1.85,0.62,0.31,9.85,0.92,7.69,2.77,4.31,8.92,2.0,0.69
0.43,2.61,2.17,0.0,0.43,13.91,1.3,10.87,2.17,2.61,13.48,0.65,0.87
2.68,2.68,1.34,0.0,0.0,15.44,3.36,10.07,1.34,2.68,12.75,1.34,0.5025000000000001
1.64,3.28,2.05,0.0,0.0,17.21,3.28,9.02,4.51,3.28,8.61,0.41,0.3075
0.63,3.16,1.27,0.0,0.63,15.19,3.16,9.49,9.49,2.53,7.59,0.95,0.31500000000000006
0.65,4.25,1.96,0.0,0.0,18.63,5.56,9.48,2.61,0.98,10.46,1.145,0.24499999999999997
2.01,3.69,2.01,0.0,0.67,15.77,4.03,8.39,4.7,1.34,10.4,0.675,0.25250000000000006
0.55,2.21,1.1,0.0,0.0,12.15,2.76,9.39,4.97,2.76,9.39,0.55,1.1025
1.08,3.76,3.23,0.0,0.0,20.97,3.76,11.83,0.54,1.61,16.13,0.81,0.6725
0.84,3.38,0.42,0.0,0.0,15.19,4.22,8.44,5.49,1.69,8.44,0.63,-0.4225
1.36,1.36,0.68,0.0,0.0,12.24,1.36,8.16,11.56,2.04,10.88,1.7000000000000002,0.8500000000000001
1.26,2.09,2.09,0.0,0.0,15.48,2.93,7.53,5.02,1.67,13.39,0.0,0.6275
0.57,1.72,0.57,0.0,0.0,12.07,4.02,6.32,6.32,6.9,11.49,0.0,1.1475
0.0,1.97,0.99,0.0,0.0,15.27,2.46,8.87,18.23,7.39,3.45,0.0,0.74
0.87,3.06,0.87,1.31,0.0,16.59,2.18,7.86,13.54,2.18,7.86,0.0,-0.10750000000000004
4.35,4.35,1.86,0.0,0.62,12.42,1.24,9.94,6.83,0.0,14.29,3.105,0.465
5.07,0.72,0.0,0.0,0.72,9.42,1.45,8.7,2.17,0.72,23.19,0.0,0.5425
4.52,1.13,0.0,0.0,0.0,16.95,6.21,7.91,8.47,0.56,8.47,0.0,0.8475
2.51,2.51,1.26,0.42,0.0,16.74,5.02,6.28,10.88,4.18,7.95,0.0,0.5225
2.66,1.6,1.06,0.0,0.0,17.55,3.72,10.11,0.53,1.06,14.36,0.53,0.665
5.41,2.25,1.8,0.0,0.0,9.91,1.35,10.36,0.0,1.8,9.91,0.45,0.5625
5.38,1.08,0.54,0.0,0.54,10.75,1.61,13.44,1.61,1.61,12.9,1.345,0.94
3.35,3.35,1.91,0.0,0.0,13.4,2.87,11.96,2.39,0.48,11.48,1.195,0.48
4.64,0.66,0.0,0.0,0.66,13.25,3.31,9.93,8.61,0.66,11.26,0.0,-0.8275
2.69,2.69,1.61,0.54,0.0,16.13,3.23,15.59,3.23,1.61,11.83,0.54,1.0750000000000002
3.7,1.06,1.06,0.0,0.0,11.11,3.7,8.47,4.23,2.65,12.7,0.265,-0.66
1.79,2.24,0.9,0.45,0.0,15.7,2.24,9.87,9.87,2.24,11.21,0.0,0.45
1.43,0.71,0.71,0.0,0.0,10.71,2.14,7.14,10.71,2.14,11.43,0.355,0.7150000000000001
3.57,7.14,7.14,0.0,0.0,19.64,3.57,5.36,0.0,1.79,12.5,0.0,0.0
1.23,1.23,0.0,0.82,0.41,11.52,1.23,8.23,4.53,2.88,10.29,0.0,0.925
2.17,0.36,0.36,0.0,0.0,7.94,1.81,5.78,10.11,1.44,9.75,0.0,1.8949999999999998
0.78,0.0,0.0,0.0,0.0,7.0,0.0,5.84,7.39,0.0,9.73,0.0,0.9725
0.0,0.0,0.0,0.0,0.0,10.26,0.51,10.26,4.1,1.54,8.72,0.0,0.8975
0.2,1.2,0.6,0.0,0.0,11.58,2.2,7.78,5.39,3.19,7.78,0.0,0.6
0.0,0.99,0.66,0.0,0.0,12.17,2.3,6.91,10.53,3.29,9.21,0.0,0.8225
0.95,1.58,1.27,0.0,0.0,12.34,2.22,10.76,5.06,3.48,8.54,0.0,0.7925
3.03,1.01,0.0,0.0,1.01,6.06,2.02,4.04,3.03,2.02,20.2,0.0,0.2525
1.83,2.13,1.22,0.0,0.3,7.93,1.22,3.96,8.54,2.13,8.23,0.915,1.83
1.21,0.0,0.0,0.0,0.0,7.77,1.46,2.43,15.78,0.49,7.77,0.0,3.155
0.19,0.58,0.39,0.0,0.0,11.05,2.71,7.17,4.07,3.1,9.3,0.29000000000000004,0.485
0.75,0.5,0.25,0.0,0.0,12.44,0.5,9.95,4.48,4.23,7.96,0.5,0.81
0.57,0.85,0.85,0.0,0.0,13.07,2.84,9.09,5.97,5.11,11.65,0.0,1.2774999999999999
0.85,2.54,2.54,0.0,0.0,13.56,1.98,10.17,5.08,6.21,9.04,0.0,0.7050000000000001
0.0,3.7,1.85,0.0,0.0,14.81,0.0,7.41,0.0,11.11,12.96,2.7750000000000004,1.39
1.94,1.94,0.97,0.49,0.0,12.14,1.94,7.28,3.88,3.4,9.22,0.0,0.9724999999999999
1.03,1.03,0.0,1.03,0.0,13.4,1.03,8.25,2.06,2.06,13.4,0.0,0.5149999999999999
2.0,0.0,0.0,0.0,0.0,12.0,0.0,10.0,0.0,2.0,16.0,0.0,0.5
0.0,4.35,2.9,0.0,0.0,11.59,1.45,4.35,8.7,5.8,7.25,1.45,0.725
3.19,3.19,2.13,0.0,0.0,12.77,0.0,9.57,3.19,3.19,9.57,1.065,1.33
0.71,1.43,0.71,0.0,0.71,17.14,4.29,7.86,10.71,5.71,5.71,0.0,0.8925
0.0,3.57,0.0,0.89,0.89,8.93,0.89,7.14,5.36,2.68,8.93,0.89,0.0
2.33,0.0,0.0,0.0,0.0,18.6,4.65,6.98,0.0,6.98,11.63,0.0,1.745
1.59,3.17,1.59,1.59,0.0,7.94,0.0,14.29,7.94,1.59,12.7,0.0,0.0
3.51,5.26,5.26,0.0,0.0,12.28,0.0,12.28,0.0,1.75,15.79,0.0,0.4375
0.89,1.79,0.0,0.0,0.0,15.18,1.79,11.61,4.46,5.36,13.39,0.89,1.115
2.6,10.39,2.6,0.0,0.0,14.29,2.6,10.39,0.0,5.19,7.79,1.3,0.65
0.0,6.38,2.13,0.0,0.0,14.89,2.13,12.77,0.0,2.13,6.38,0.0,0.5325
1.01,2.02,0.34,0.0,0.0,10.77,1.35,9.43,5.05,1.35,7.07,1.01,0.5900000000000001
1.31,1.96,0.65,0.65,0.0,14.38,2.61,9.15,3.92,1.31,7.19,0.325,0.165
0.44,1.97,0.44,0.22,0.0,18.78,4.8,8.95,4.37,3.71,5.68,1.31,1.0925
0.36,1.09,0.0,0.0,0.0,13.82,4.0,6.55,10.18,4.36,6.91,0.905,0.1825
0.35,2.42,1.38,0.0,0.0,13.15,2.08,5.54,7.96,3.81,9.0,0.0,0.9525
0.9,4.5,0.6,0.9,1.2,12.01,3.3,7.21,5.11,1.8,9.61,1.5,0.14999999999999997
0.0,2.07,0.59,0.59,0.3,15.98,4.44,8.28,11.24,2.07,4.73,0.0,0.2225
0.0,1.34,0.0,0.0,0.0,12.75,2.01,11.41,2.68,2.01,7.38,2.0100000000000002,0.6699999999999999
1.09,4.35,0.0,1.09,0.0,15.22,0.0,9.78,13.04,1.09,5.43,3.26,0.0
2.31,3.47,3.47,0.0,0.0,16.76,4.05,9.25,0.58,2.89,9.25,0.865,0.5775
3.67,2.75,2.75,0.0,0.0,10.09,0.92,12.84,1.83,1.83,11.01,0.0,0.9175
3.88,2.91,2.43,0.0,0.0,11.65,0.97,10.19,1.94,0.49,10.68,0.0,0.73
0.57,3.43,3.43,0.0,0.0,15.43,5.71,8.0,0.0,2.86,12.0,0.0,0.715
0.52,4.69,1.56,1.04,0.0,20.31,4.17,8.33,3.65,3.13,5.21,0.52,0.26
2.04,1.53,1.53,0.0,0.0,18.37,6.12,8.67,1.02,1.53,8.16,0.765,0.51
5.17,1.15,0.57,0.0,0.0,14.94,5.75,6.9,2.3,1.72,9.2,0.57,0.7174999999999999
2.2,2.75,2.2,0.0,0.0,13.19,3.85,10.99,1.1,1.65,9.89,0.55,0.55
0.42,1.67,0.83,0.0,0.0,14.17,1.25,9.58,0.42,2.5,9.17,0.42,0.3125
1.65,1.65,1.65,0.0,0.0,9.89,2.2,12.09,3.3,0.55,7.69,0.0,1.1
0.94,1.41,0.47,0.0,0.0,20.19,4.69,9.86,2.82,0.94,5.63,0.0,0.3525
3.1,3.1,2.65,0.0,0.44,11.95,2.65,10.62,3.1,3.54,8.41,0.0,0.8825
3.35,2.87,2.39,0.0,0.0,9.57,1.44,8.61,0.48,1.44,9.57,1.435,0.24
0.0,2.56,2.56,0.0,0.0,5.13,1.28,3.85,5.13,5.13,14.1,0.0,1.6025
4.19,1.8,1.2,0.0,0.0,10.78,0.6,10.78,0.6,2.4,14.97,0.0,0.75
1.14,1.7,1.7,0.0,0.0,9.66,0.57,5.68,0.57,1.7,14.2,0.285,0.71
1.83,2.75,1.83,0.0,0.0,14.68,3.67,11.01,1.83,1.83,14.68,0.46,0.4575
0.0,5.26,3.76,0.0,0.0,12.03,3.01,8.27,0.0,1.5,9.77,0.75,0.565
0.7,3.5,1.4,0.0,0.0,14.69,4.9,7.69,0.0,3.5,10.49,0.35,1.225
4.05,2.03,2.03,0.0,0.0,11.49,3.38,6.76,0.0,2.7,12.16,0.675,0.845
1.86,3.73,1.86,0.0,0.0,11.18,1.86,8.07,2.48,2.48,16.15,0.93,1.0875
2.84,3.55,2.84,0.0,0.0,14.18,2.13,10.64,2.13,2.13,16.31,0.0,1.2425
2.67,1.07,0.0,0.53,0.53,13.9,1.6,8.56,5.35,1.6,10.7,0.265,0.8
1.36,3.4,2.04,0.0,0.0,19.73,2.04,7.48,0.68,2.04,11.56,0.0,1.02
2.27,4.55,3.03,1.52,0.0,11.36,1.52,7.58,4.55,0.76,12.88,0.0,0.5675
0.0,2.44,2.44,0.0,0.0,14.02,2.44,7.93,0.61,4.27,11.59,0.0,0.61
0.0,4.49,2.81,0.0,1.69,12.92,1.12,10.11,1.69,3.93,13.48,0.28,1.2649999999999997
0.0,7.0,2.0,0.0,1.0,16.0,3.0,5.0,13.0,2.0,8.0,0.5,0.0
1.69,1.13,1.13,0.0,0.0,10.17,1.69,10.17,9.04,1.13,11.86,0.0,1.6925
0.42,2.08,1.67,0.42,0.0,15.42,2.5,7.92,17.92,0.42,6.67,0.0,0.625
0.0,3.95,1.69,0.0,0.0,11.86,0.0,4.52,11.3,2.82,6.78,0.28,0.0
2.11,0.7,0.7,0.0,0.0,14.08,0.7,10.56,1.41,4.23,6.34,0.35,0.7050000000000001
0.0,1.51,1.01,0.0,0.0,15.08,2.01,8.54,2.51,7.04,9.05,0.0,0.755
0.0,2.67,1.33,0.0,0.0,16.0,0.0,10.67,11.33,5.33,4.0,1.335,1.1675
0.0,2.98,1.19,0.6,0.0,13.69,3.57,7.74,7.74,4.17,11.9,1.79,0.895
1.99,0.0,0.0,0.0,0.0,9.27,1.32,10.6,11.26,0.66,7.28,0.0,1.49
3.76,1.61,0.54,0.0,0.0,10.75,1.61,11.83,9.14,1.08,7.53,1.885,1.615
0.0,1.7,0.57,0.0,0.0,14.2,2.27,7.95,6.25,2.27,9.09,1.42,0.71
0.55,2.75,1.1,0.0,0.0,11.54,1.65,7.69,6.59,4.95,7.69,1.1,0.8250000000000001
0.56,1.13,1.13,0.0,0.0,15.25,2.26,7.91,3.95,2.82,3.95,0.0,0.705
1.75,2.34,0.58,0.0,0.0,3.51,0.58,7.02,2.34,8.77,11.11,1.75,1.1675
0.0,0.76,0.76,0.0,0.0,11.36,0.76,3.79,6.06,3.03,14.39,0.38,0.9475
0.0,5.65,4.84,0.0,0.0,14.52,2.42,7.26,3.23,3.23,8.06,0.405,0.40249999999999997
1.48,4.44,2.96,0.0,0.0,11.11,2.96,8.89,2.96,6.67,11.85,0.74,1.2974999999999999
0.0,3.81,0.0,0.0,0.0,18.1,2.86,2.86,6.67,3.81,9.52,0.95,-0.0025000000000000577
0.35,1.76,0.7,0.0,0.0,13.03,2.46,6.69,2.11,4.93,13.03,0.7,0.705
0.96,2.25,1.61,0.32,0.0,14.47,3.54,6.11,0.96,6.43,16.08,0.16,1.4475
1.03,2.58,2.32,0.0,0.0,10.05,1.29,8.76,3.09,5.93,14.69,0.13,1.0325
0.0,1.96,1.63,0.0,0.0,14.38,2.61,7.84,4.25,8.5,10.46,0.325,1.3075
0.88,1.75,1.75,0.0,0.0,11.84,3.07,7.89,0.44,6.58,15.79,0.0,1.315
0.58,2.03,0.58,0.0,0.0,10.72,2.32,6.67,4.35,4.93,15.94,0.435,0.435
0.0,1.67,0.83,0.0,0.0,15.0,2.5,9.58,7.08,4.17,10.0,1.04,0.52
1.56,1.04,1.04,0.0,0.0,6.77,1.04,8.85,1.56,6.77,14.06,0.26,0.7825
2.02,1.01,1.01,0.0,0.0,10.1,3.03,10.1,1.01,5.05,12.12,0.0,0.2525
0.0,1.74,0.0,0.0,0.0,11.05,1.74,5.81,2.33,2.33,11.63,0.0,0.7275
0.46,5.05,1.38,0.46,0.0,16.51,6.88,3.67,3.21,2.29,10.55,0.92,0.11499999999999999
0.41,1.24,0.41,0.0,0.0,17.84,7.47,6.64,0.41,5.39,11.62,1.2449999999999999,1.2425
0.4,2.37,0.79,0.0,0.0,13.83,5.53,8.7,0.79,3.16,12.25,1.19,0.6925
0.0,2.11,0.7,0.0,0.0,12.68,2.11,9.86,0.0,3.52,13.38,0.7,0.705
0.0,4.35,1.45,2.17,0.0,9.42,1.45,10.14,4.35,4.35,13.77,0.0,0.36249999999999993
3.47,1.49,0.5,0.99,0.0,13.86,4.46,11.39,4.95,1.98,13.37,0.0,1.2375
3.55,0.0,0.0,0.0,0.0,11.35,1.42,7.8,4.26,0.0,12.77,0.0,1.5975
2.99,3.42,0.0,0.85,0.85,15.81,3.42,8.97,5.56,2.99,9.4,0.855,-0.10750000000000004
0.0,2.73,1.64,0.0,0.0,8.2,2.19,5.46,3.83,3.83,14.75,0.55,1.365
0.62,2.48,1.24,0.0,0.0,11.8,3.73,9.32,1.24,4.35,13.04,0.62,1.5525
0.75,2.24,1.49,0.0,0.0,11.19,1.49,11.94,2.24,2.24,11.94,0.0,1.3074999999999999
0.0,1.64,1.64,0.0,0.0,9.84,0.0,4.92,11.48,3.28,18.03,0.0,1.23
3.28,1.64,0.0,0.0,0.0,8.2,0.0,14.75,0.0,1.64,8.2,1.64,0.82
1.6,3.72,2.66,0.0,0.0,17.02,1.6,12.77,3.72,2.66,7.98,0.53,1.5950000000000002
2.88,1.92,1.92,0.0,0.0,11.54,0.96,9.62,4.81,5.77,7.69,0.0,0.72
2.09,3.14,2.09,0.0,0.0,10.47,0.0,11.52,3.14,3.14,7.85,0.0,1.7025
1.08,1.08,0.54,0.0,0.0,9.19,1.08,10.81,3.78,2.16,5.95,0.27,1.4849999999999999
1.85,5.56,0.0,0.0,0.0,11.11,3.7,11.11,1.85,0.0,9.26,1.85,0.4625
0.0,3.9,1.3,0.0,0.0,9.09,0.0,10.39,3.9,0.0,1.3,2.6,0.0
1.38,2.76,1.38,0.0,0.69,15.17,2.07,11.03,3.45,1.38,5.52,0.0,0.345
0.0,7.84,0.0,3.92,0.0,15.69,1.96,9.8,7.84,1.96,3.92,3.92,-0.49
1.05,1.58,1.05,0.0,0.0,13.16,1.05,10.53,2.11,0.53,5.79,0.265,0.5275000000000001
0.0,2.77,1.19,0.0,0.0,9.49,1.58,7.11,4.35,3.56,5.93,1.78,0.595
0.0,0.0,0.0,0.0,0.0,2.0,0.0,2.0,6.0,2.0,0.0,0.0,0.0
0.87,2.17,0.0,0.87,0.0,15.22,1.3,11.3,8.7,4.35,5.22,0.43,0.5425
2.28,1.83,0.46,1.37,0.0,18.26,3.65,10.96,9.13,3.2,6.85,0.0,1.3725
0.0,1.87,0.47,0.0,0.0,18.22,5.14,12.62,4.21,2.8,12.62,0.9349999999999999,1.2875
3.47,0.69,0.69,0.0,0.0,18.75,2.78,6.94,0.69,3.47,15.28,0.0,0.695
0.0,2.36,1.18,0.79,0.0,14.17,1.97,7.87,7.09,3.94,10.24,0.0,0.49250000000000005
0.45,2.27,1.36,0.91,0.0,17.27,2.73,10.45,1.36,4.09,12.27,0.225,0.0
0.53,1.07,0.0,0.0,0.0,22.46,5.88,3.74,16.04,2.14,5.35,0.0,0.135
1.45,0.72,0.0,0.0,0.0,14.49,1.45,5.8,7.97,0.0,4.35,0.0,0.5425
1.05,5.24,2.62,1.57,1.05,17.28,1.05,7.85,4.19,4.71,6.81,0.26,0.9175000000000001
2.73,1.82,0.0,0.91,0.0,16.36,4.55,10.0,2.73,1.82,10.91,1.365,0.2275
2.16,2.16,0.0,0.0,0.0,20.86,4.32,13.67,0.72,0.72,8.63,0.72,0.18
0.46,3.69,2.3,0.0,0.0,19.35,5.07,8.29,0.92,1.84,7.37,0.23,0.23
0.0,3.02,2.16,0.0,0.0,12.93,1.29,9.91,7.76,2.59,6.9,0.43,0.32500000000000007
0.0,5.17,1.15,1.72,0.57,17.24,2.87,8.62,14.37,1.15,4.6,0.57,-0.14499999999999996
0.0,4.19,1.8,0.0,1.2,13.17,2.99,6.59,5.39,2.4,4.19,0.3,0.0
0.0,7.64,0.0,1.39,0.0,18.06,6.25,15.97,2.08,1.39,6.25,3.82,0.1725
0.0,8.7,1.45,0.0,0.0,14.49,4.35,14.49,2.9,1.45,1.45,4.35,0.3625
0.64,3.21,0.0,0.0,0.0,17.31,3.21,12.18,0.64,1.28,8.97,2.565,0.8025
2.55,3.06,0.0,3.06,0.0,19.9,6.12,11.73,9.69,1.53,8.16,0.0,1.1475
0.0,2.27,0.0,0.45,0.0,15.91,2.27,8.18,11.36,5.0,8.18,0.91,0.11000000000000004
0.37,4.1,0.37,1.12,0.75,19.78,3.73,9.7,8.96,3.73,3.73,0.0,0.18500000000000005
0.8,2.01,1.2,0.4,0.0,21.69,6.02,10.44,3.21,2.81,6.02,0.6000000000000001,0.9025
2.3,1.38,0.92,0.46,0.0,17.05,3.23,11.52,7.37,5.99,6.45,0.0,1.035
2.25,1.41,0.56,0.0,0.0,17.75,5.35,7.89,4.79,3.38,6.2,0.565,0.7075
1.46,2.44,0.0,1.95,0.0,15.61,2.93,7.8,8.78,3.41,11.71,0.0,0.7300000000000001
4.03,0.67,0.0,0.67,0.0,14.09,2.01,11.41,4.03,0.67,11.41,0.0,0.8374999999999999
0.63,2.53,0.63,0.32,0.0,19.94,5.38,9.81,4.43,2.53,6.96,0.79,0.7925
3.18,4.55,2.73,0.45,0.0,15.45,5.0,8.18,3.18,1.36,7.73,0.225,0.455
1.5,0.5,0.0,0.0,0.0,15.5,4.0,9.0,3.0,4.0,6.0,0.75,0.75
1.83,3.05,0.61,0.0,0.0,15.24,4.27,8.54,4.27,1.83,9.15,0.0,1.3724999999999998
1.2,0.6,0.0,0.0,0.0,18.07,3.61,13.86,7.23,1.81,7.83,0.6,1.2025
4.53,1.13,0.38,0.0,0.0,10.19,1.89,13.21,5.66,1.51,9.06,1.13,0.8475
1.32,1.32,1.32,0.0,0.0,10.53,2.63,11.18,3.29,1.32,11.18,0.0,1.975
0.3,3.89,1.5,0.3,0.0,15.27,2.1,5.99,7.78,2.4,5.99,0.6,0.3
0.0,4.82,2.41,1.2,0.0,9.64,1.2,9.64,7.23,7.23,8.43,0.6,1.505
0.57,4.57,1.71,0.57,0.0,15.14,2.86,10.29,9.43,4.57,5.14,0.0,0.07249999999999995
0.0,6.39,1.88,0.75,0.0,12.78,2.63,8.65,5.64,1.5,5.64,0.0,-0.37749999999999995
0.77,4.83,0.97,0.58,0.19,13.13,2.32,5.6,11.97,3.28,5.6,0.195,-0.19499999999999995
1.27,3.16,1.27,0.0,0.0,15.82,1.27,11.39,1.9,0.63,9.49,0.0,0.0
2.53,2.02,2.02,0.0,0.0,9.09,0.51,8.59,2.02,3.54,12.12,0.0,0.76
0.9,3.29,2.1,0.0,0.6,19.16,5.09,8.98,3.59,0.9,5.69,0.15,0.525
0.81,4.59,1.08,2.7,0.27,11.35,2.97,7.3,14.86,0.81,7.3,0.135,-0.2025
3.19,3.19,1.59,0.0,0.0,20.72,3.59,7.57,2.79,1.2,6.77,0.2,0.29750000000000004
0.27,4.36,1.36,1.91,0.0,13.9,1.36,6.81,13.9,2.72,8.17,0.0,-0.20500000000000002
0.93,3.12,1.56,0.31,0.0,17.45,4.05,7.17,5.92,1.87,10.28,0.62,0.39
1.81,4.07,2.26,0.0,0.0,11.76,1.36,10.86,2.71,1.81,6.33,4.3,1.3575
1.35,3.59,1.79,0.0,0.0,16.14,3.59,9.42,2.24,1.79,8.52,2.02,1.0075
1.87,3.74,2.8,0.31,0.0,14.95,1.25,10.28,1.87,3.12,7.79,0.62,0.545
0.0,7.73,3.38,0.48,0.0,20.29,5.31,7.25,6.76,1.93,7.73,1.93,-0.3625
1.11,3.32,1.39,0.0,0.0,13.3,0.0,8.59,3.05,2.49,9.14,1.7999999999999998,0.3475
0.91,1.83,0.91,0.0,0.0,13.24,1.83,4.57,4.57,3.65,12.33,0.685,0.22750000000000004
0.95,3.33,1.43,0.95,0.0,11.9,2.86,8.1,4.29,0.95,9.05,0.0,0.1175
1.45,1.09,0.36,0.0,0.0,9.42,1.09,9.78,1.09,2.17,12.32,0.905,0.9949999999999999
3.7,0.74,0.37,0.0,0.0,10.74,1.11,10.37,0.0,0.37,9.26,0.74,0.4625
0.66,4.95,1.32,0.0,0.0,12.87,2.31,6.27,4.95,1.32,11.22,0.825,-0.16500000000000004
0.31,4.38,0.94,1.25,0.0,12.81,3.44,7.5,2.81,0.94,7.81,2.19,0.0
0.0,2.09,1.05,0.0,0.0,8.01,1.05,9.06,2.44,3.14,10.8,0.5249999999999999,0.43750000000000006
3.92,1.31,1.31,0.0,0.0,7.52,0.33,9.48,0.98,1.96,11.11,0.655,0.735
2.66,1.33,0.66,0.0,0.0,11.3,1.99,9.63,0.0,0.33,9.3,3.65,0.4975
2.59,0.32,0.0,0.0,0.0,7.12,0.97,6.15,0.65,0.65,9.39,1.615,0.1625
1.38,0.92,0.46,0.0,0.0,8.76,2.3,8.29,0.0,1.84,12.9,0.46,0.575
0.0,3.14,1.05,0.0,0.0,9.76,1.74,8.36,2.79,2.79,10.45,0.7,0.5225
0.0,2.33,2.33,0.0,0.0,15.12,1.16,9.88,0.58,2.33,9.3,0.29,0.5825
0.0,4.0,0.0,0.0,0.0,18.67,0.0,9.33,6.67,1.33,2.67,0.0,0.0
2.82,1.41,0.0,0.0,0.94,19.72,3.76,10.8,2.35,3.29,7.98,0.47,1.4075
0.56,1.12,0.56,0.0,0.0,20.79,4.49,13.48,0.56,2.81,7.87,0.8400000000000001,0.8425
2.93,3.77,2.93,0.0,0.0,20.08,4.18,10.04,2.09,2.09,7.95,1.05,0.7324999999999999
3.01,0.75,0.38,0.38,0.0,12.41,3.01,10.53,6.77,1.5,6.39,0.375,1.0325
1.01,2.02,2.02,0.0,0.0,14.65,0.51,10.1,5.56,6.57,8.08,0.505,1.7675
7.08,1.42,0.47,0.0,0.0,11.79,4.25,10.38,9.43,3.77,7.08,0.235,1.2974999999999999
2.3,0.0,0.0,0.0,0.0,17.82,2.87,9.77,2.3,5.75,8.62,0.0,0.43000000000000005
5.83,0.83,0.83,0.0,0.0,10.0,0.83,12.5,10.0,2.5,7.5,1.25,1.46
1.85,0.0,0.0,0.0,0.0,6.48,0.0,10.19,6.48,0.93,9.26,0.0,2.315
2.7,0.0,0.0,0.0,0.0,6.31,0.9,9.91,0.9,7.21,9.01,0.45,2.0275
1.76,1.06,0.35,0.0,0.7,17.61,1.41,8.1,1.41,0.7,8.8,0.0,0.3525
2.4,0.6,0.0,0.0,0.6,8.98,2.4,6.59,2.99,1.8,9.58,0.0,0.6
3.47,2.31,1.73,0.0,0.0,6.94,2.31,9.83,9.25,0.0,10.4,0.29,-1.59
2.19,2.19,2.19,0.0,0.0,16.94,3.83,9.29,4.37,1.09,4.92,0.0,-0.1375
0.0,2.44,0.0,0.0,0.0,17.07,1.22,4.88,1.22,4.88,7.32,0.0,0.305
1.18,3.15,1.57,0.0,0.0,14.57,2.36,7.87,3.15,5.12,9.06,0.39,1.18
1.26,0.63,0.0,0.63,0.0,13.84,1.89,10.69,0.63,1.26,8.18,0.63,0.31499999999999995
0.0,1.34,0.0,0.67,0.0,17.45,4.7,6.71,9.4,3.36,8.72,0.67,1.175
0.0,1.25,0.0,0.0,0.0,17.5,1.88,6.88,2.5,3.75,14.38,0.0,0.15749999999999997
7.41,0.0,0.0,0.0,0.0,9.26,0.0,7.41,0.0,1.85,9.26,0.0,0.4625
0.0,1.43,0.95,0.0,0.0,15.71,1.9,9.05,2.38,1.9,9.05,0.715,0.355
0.68,0.68,0.68,0.0,0.0,9.46,2.7,10.14,2.03,2.03,5.41,0.0,0.5075
0.0,3.96,2.97,0.99,0.0,17.82,5.94,8.91,2.97,6.93,11.88,0.0,0.99
1.18,1.18,0.0,0.0,0.59,17.06,4.12,8.24,1.18,1.76,13.53,0.295,0.7350000000000001
0.0,3.8,1.27,2.53,0.0,13.92,0.0,10.13,1.27,2.53,8.86,0.0,0.6325
1.33,4.0,4.0,0.0,0.0,5.33,0.0,8.0,1.33,5.33,10.67,0.665,2.0
0.0,2.48,2.48,0.0,0.0,15.35,3.96,8.42,4.95,3.96,6.44,0.25,1.24
0.81,1.62,1.62,0.0,0.0,13.77,2.83,5.26,3.24,6.07,11.74,0.0,0.505
1.29,0.86,0.43,0.0,0.43,11.59,1.72,8.58,3.86,0.86,11.59,0.43,0.645
1.18,2.36,1.18,0.0,0.79,11.02,1.18,8.66,6.3,3.15,9.06,0.195,0.4925
2.01,3.02,2.01,0.0,0.0,14.07,4.52,9.55,4.02,3.02,7.04,0.505,0.37499999999999994
0.39,2.76,1.57,0.0,0.0,8.27,1.57,9.06,3.54,1.18,11.02,3.15,0.7875
0.0,1.66,0.41,0.0,0.0,14.94,2.9,8.3,7.88,6.22,11.62,2.28,0.725
0.41,2.87,0.82,0.82,0.41,11.89,2.46,9.02,5.74,1.64,13.52,0.0,0.20500000000000002
0.0,2.22,2.22,0.0,0.0,14.67,2.67,6.22,4.89,1.78,14.22,0.0,1.0
1.08,1.08,1.08,0.0,0.0,9.68,0.0,9.68,8.6,3.23,5.38,0.0,1.0775000000000001
0.44,4.37,1.75,0.44,0.0,13.1,2.18,7.42,5.68,4.37,11.35,0.44,0.3275
0.44,5.29,2.2,0.0,0.0,17.18,6.17,10.57,5.73,1.32,12.33,1.1,0.22000000000000003
0.0,1.4,0.93,0.0,0.0,12.15,2.8,10.28,2.8,1.4,11.21,0.47,0.7000000000000001
0.0,2.37,1.18,0.59,0.0,10.06,2.96,4.73,10.06,4.73,8.28,0.295,0.74
1.25,1.25,1.25,0.0,0.0,16.25,3.75,7.5,2.5,3.75,17.5,0.0,1.25
0.84,2.09,0.84,0.0,0.0,14.64,3.35,7.95,0.84,1.67,11.72,0.63,0.9425
0.0,1.97,0.79,0.0,0.0,15.35,3.15,9.06,1.97,1.97,15.75,0.39,0.69
0.72,1.8,1.8,0.0,0.0,10.79,1.08,9.35,2.16,3.6,13.31,0.0,1.62
2.29,1.53,1.15,0.0,0.0,12.98,2.67,9.16,3.05,2.29,16.79,0.38,1.7174999999999998
1.44,2.89,2.17,0.0,0.0,9.39,0.36,8.3,2.53,1.81,13.0,0.72,1.4449999999999998
0.38,3.05,2.29,0.0,0.0,14.5,3.05,8.02,0.0,3.05,15.27,0.38,0.6675
0.0,2.53,2.11,0.0,0.0,9.7,1.69,7.17,2.53,5.06,8.44,3.165,0.6325
1.34,2.68,1.34,0.0,0.0,16.78,4.03,8.05,2.68,1.34,10.07,1.34,1.3425
0.75,1.87,1.5,0.37,0.0,14.98,2.62,11.24,1.87,2.62,8.24,0.56,1.7775
0.69,2.42,2.08,0.0,0.0,14.88,3.11,7.96,1.38,3.11,17.99,0.35,1.2975
0.9,1.35,1.35,0.0,0.0,10.76,1.79,10.76,3.59,2.24,13.9,0.0,1.235
0.85,1.27,0.85,0.0,0.0,7.63,0.42,7.2,0.42,2.12,21.19,0.42,1.165
0.83,1.25,1.25,0.0,0.0,12.92,4.17,5.83,2.08,2.92,11.67,0.21,1.5625
0.0,6.76,4.05,1.35,0.0,17.57,4.05,8.11,8.11,1.35,8.11,0.675,-0.3375
0.0,5.81,2.58,0.0,1.94,14.19,1.29,8.39,3.23,1.29,9.03,1.29,0.645
1.36,3.4,2.04,0.0,1.36,20.41,5.44,8.16,8.16,0.0,8.84,0.0,0.34
3.75,1.25,1.25,0.0,0.0,13.75,2.5,11.25,2.5,2.5,16.25,0.0,0.3125
1.85,2.78,1.85,0.0,0.0,15.74,0.93,13.89,0.0,1.85,11.11,1.3900000000000001,0.925
2.27,3.41,1.7,1.14,0.57,21.02,2.27,7.95,3.98,0.57,9.09,0.285,-0.1425
2.3,3.45,1.15,0.0,2.3,19.54,5.75,9.2,1.15,0.0,10.34,0.0,0.0
0.0,7.04,4.23,0.0,2.82,16.9,2.82,8.45,2.82,0.0,8.45,0.0,0.3525
1.21,7.88,3.03,1.82,0.61,7.27,0.0,7.88,9.09,0.61,6.67,0.61,0.15250000000000002
1.92,4.81,1.92,1.92,0.0,19.23,4.81,11.54,3.85,0.0,8.65,0.0,0.48
0.95,2.86,0.95,0.0,0.0,11.43,1.9,11.43,0.95,2.86,13.33,0.0,0.9525
2.24,5.97,1.49,2.99,0.0,17.16,3.73,7.46,7.46,2.99,8.96,0.75,-0.56
0.89,8.93,2.68,0.89,0.89,19.64,5.36,7.14,7.14,1.79,5.36,0.445,-0.22500000000000003
1.9,6.67,2.86,2.86,0.0,13.33,4.76,8.57,6.67,3.81,9.52,0.0,0.0
0.0,6.9,3.45,0.86,0.0,25.0,4.31,8.62,5.17,2.59,5.17,0.86,0.21500000000000002
0.0,4.94,1.23,1.23,1.23,25.93,19.75,8.64,2.47,1.23,8.64,1.23,0.31000000000000005
2.48,2.48,0.0,0.83,0.0,29.75,15.7,11.57,0.83,3.31,5.79,0.83,0.62
1.21,4.24,0.0,1.21,0.0,12.12,0.61,9.09,2.42,2.42,10.91,2.7249999999999996,0.3025
0.83,6.67,0.0,0.83,0.0,19.17,5.83,10.0,1.67,2.5,6.67,5.0,0.21
1.49,2.97,0.5,1.49,0.0,17.82,5.94,7.92,6.44,3.96,12.38,0.5,0.6199999999999999
0.0,2.56,0.0,0.0,0.0,12.82,0.0,12.82,0.0,0.0,7.69,2.56,0.0
0.81,4.03,0.0,0.0,0.0,10.48,0.81,10.48,1.61,5.65,12.1,4.03,1.0075
1.75,1.75,0.0,0.0,0.0,19.3,12.28,5.26,1.75,1.75,14.04,0.0,0.43999999999999995
0.0,4.03,0.0,0.81,0.81,15.32,2.42,11.29,2.42,1.61,8.06,0.81,0.0
0.87,6.09,2.61,0.0,0.0,10.43,1.74,7.83,6.09,4.35,9.57,1.74,1.9575
2.04,3.57,1.02,0.0,0.51,10.2,1.53,7.65,2.04,3.06,11.73,2.04,1.275
1.49,1.49,0.0,0.0,0.75,10.45,0.75,11.19,0.75,2.99,12.69,0.75,0.7475
0.0,2.78,2.78,0.0,0.0,12.96,3.7,10.19,2.78,2.78,12.96,0.0,0.6950000000000001
1.72,0.0,0.0,0.0,0.0,5.17,0.0,10.34,5.17,0.0,12.07,0.0,0.86
1.53,1.53,0.0,0.0,0.76,11.45,1.53,9.92,0.0,0.76,10.69,3.055,0.3825
2.42,2.42,0.81,0.0,0.81,12.1,1.61,9.68,1.61,2.42,12.1,0.805,1.4125
5.1,2.04,0.0,0.0,0.0,10.2,2.04,9.18,0.0,2.04,14.29,3.0599999999999996,0.51
5.77,1.92,0.0,0.0,0.0,11.54,1.92,11.54,1.92,0.0,11.54,0.96,0.96
0.96,1.92,0.0,0.0,0.0,1.92,0.0,12.5,6.73,2.88,9.62,0.96,1.2025000000000001
1.75,0.88,0.88,0.0,0.0,5.26,1.75,11.4,0.88,1.75,20.18,0.0,0.8775
1.69,0.85,0.85,0.0,0.0,3.39,0.0,10.17,2.54,2.54,12.71,0.425,1.27
2.63,2.63,0.0,0.0,0.0,11.4,3.51,10.53,5.26,6.14,12.28,1.315,1.315
0.0,3.85,3.85,0.0,0.0,19.23,5.77,7.69,1.92,0.0,9.62,0.0,0.0
0.0,3.87,2.58,0.0,0.0,12.9,1.94,7.1,0.65,1.94,7.74,1.615,0.48750000000000004
0.0,6.0,4.0,0.0,0.0,14.0,2.0,8.0,0.0,4.0,6.0,2.0,1.0
1.64,3.28,3.28,0.0,0.0,9.84,1.64,11.48,6.56,1.64,8.2,0.0,0.82
0.87,5.22,4.35,0.0,0.0,20.87,2.61,8.7,0.87,1.74,7.83,1.305,0.435
1.65,4.13,1.65,0.0,0.0,19.83,7.44,5.79,0.83,0.83,7.44,0.0,0.4125
0.0,6.94,4.17,0.0,0.0,20.83,1.39,15.28,1.39,1.39,6.94,2.78,0.695
0.0,6.15,3.08,0.77,0.77,16.15,2.31,7.69,2.31,0.77,5.38,1.155,-0.1925
0.0,3.96,3.96,0.0,0.0,16.83,1.98,11.88,0.0,0.99,7.92,0.0,0.2475
0.76,5.34,5.34,0.0,0.0,14.5,2.29,12.98,0.0,0.76,6.11,0.0,0.19
0.74,6.62,3.68,0.0,0.0,16.91,2.21,8.82,0.74,2.94,8.09,2.21,0.0
3.77,3.77,0.0,0.0,0.0,15.09,1.89,9.43,0.0,0.0,1.89,0.945,0.0
0.0,3.17,3.17,0.0,0.0,15.87,1.59,12.7,4.76,1.59,6.35,0.0,0.3975
0.57,6.25,3.98,0.0,0.0,15.91,1.14,9.66,0.57,2.84,3.41,1.9849999999999999,0.285
0.0,3.57,3.57,0.0,0.0,12.5,1.79,8.93,0.0,1.79,10.71,0.895,0.4475
0.0,2.4,1.6,0.0,0.0,16.0,1.6,7.2,0.8,3.2,13.6,0.0,1.2
1.11,1.67,0.0,0.0,0.0,15.56,3.89,7.78,0.56,1.11,7.22,1.11,0.0
1.16,1.16,0.0,0.58,0.0,20.23,2.89,5.78,0.0,2.31,17.34,0.0,0.8675
2.61,1.96,1.31,0.0,0.0,11.11,0.65,9.15,0.0,1.31,9.8,0.325,0.3275
0.0,1.56,0.0,0.0,0.0,15.63,0.52,7.29,5.21,2.6,10.42,1.3,0.39
0.81,0.81,0.81,0.0,0.0,20.97,5.65,4.84,0.81,2.42,8.87,0.805,0.4025
1.08,1.08,1.08,0.0,0.0,14.52,5.38,6.99,1.61,2.15,11.29,0.0,0.5375
0.0,1.05,0.0,0.0,0.0,9.47,2.63,8.95,1.05,5.79,17.37,0.53,1.315
0.0,1.02,1.02,0.0,0.0,11.22,2.04,11.22,0.0,4.08,17.35,0.0,1.02
0.84,0.84,0.42,0.0,0.0,10.92,1.68,9.24,0.84,4.2,14.29,0.63,0.63
0.98,0.98,0.0,0.0,0.0,13.73,0.98,12.75,1.96,0.0,7.84,0.0,0.245
0.0,4.17,0.0,0.0,0.0,14.58,0.0,8.33,0.0,0.0,18.75,0.0,1.0425
2.87,0.48,0.48,0.0,0.0,12.92,1.91,7.66,0.48,3.83,17.7,0.24,1.0775
0.68,0.68,0.68,0.0,0.0,17.01,2.04,6.8,2.72,3.4,9.52,0.0,0.34
0.0,0.0,0.0,0.0,0.0,19.51,1.63,12.2,0.81,2.44,3.25,0.405,1.22
0.0,7.32,7.32,0.0,0.0,14.63,2.44,4.88,12.2,0.0,7.32,0.0,0.0
0.0,9.72,2.78,5.56,1.39,12.5,1.39,8.33,8.33,1.39,6.94,0.0,-1.0425
1.23,3.68,3.07,0.0,0.61,14.11,1.84,6.75,3.68,5.52,3.07,0.305,0.6125
0.0,7.59,7.59,0.0,0.0,25.32,2.53,10.13,0.0,6.33,16.46,0.0,1.5825
0.0,5.0,5.0,0.0,0.0,25.0,5.0,12.5,0.0,6.25,6.25,0.0,1.5625
0.0,6.32,6.32,0.0,0.0,17.89,3.16,5.26,3.16,4.21,8.42,0.0,0.2625
1.48,5.19,2.96,0.0,0.0,18.52,5.93,6.67,2.22,0.74,8.15,1.48,0.0
0.0,9.29,5.0,0.71,0.0,7.14,1.43,2.86,6.43,2.86,8.57,0.0,-0.5375
3.49,4.65,2.33,0.0,0.0,15.12,2.33,5.81,2.33,0.0,9.3,0.0,-0.5825
0.0,3.85,3.85,0.0,0.0,16.92,3.08,7.69,0.0,5.38,8.46,0.0,1.155
1.79,3.57,3.57,0.0,0.0,13.39,1.79,8.93,0.0,4.46,6.25,0.0,1.3375
0.83,5.79,4.96,0.0,0.0,19.83,4.13,8.26,0.0,6.61,9.92,0.0,1.6525
0.0,5.81,4.52,0.0,0.0,15.48,0.65,8.39,1.94,4.52,8.39,0.0,0.645
4.11,4.79,4.11,0.0,0.0,15.75,2.05,10.27,0.68,2.05,7.53,0.0,0.3424999999999999
3.06,3.06,3.06,0.0,0.0,14.29,0.0,10.2,0.0,0.0,4.08,0.0,0.0
4.08,1.36,1.36,0.0,0.0,19.73,2.04,10.2,6.8,2.72,6.8,0.0,1.02
2.4,2.05,0.68,0.0,0.0,12.33,3.77,5.82,6.16,2.4,11.99,0.51,0.42750000000000005
0.73,2.43,1.21,0.0,0.0,11.89,0.97,11.65,3.64,1.94,10.19,1.21,0.425
1.54,1.85,0.62,0.0,0.0,11.38,1.85,11.08,3.08,0.62,10.15,1.385,0.9225
0.9,2.69,0.3,0.0,0.3,14.37,2.69,12.57,3.59,0.3,7.49,1.8,0.6
0.63,1.56,0.94,0.0,0.0,10.31,0.94,9.69,6.56,2.81,15.63,1.095,1.5625
0.28,1.12,0.56,0.0,0.0,9.27,0.28,10.39,1.69,4.78,9.83,0.7,0.9125
1.33,1.59,0.27,0.0,0.0,13.0,4.24,9.81,4.77,1.86,11.14,0.93,1.725
0.82,2.47,0.55,0.0,0.27,13.7,2.47,7.95,6.3,2.47,9.59,0.41,1.1624999999999999
0.26,1.57,0.26,0.0,0.0,13.32,2.09,8.62,7.83,3.39,7.05,0.52,1.8275
1.42,2.27,0.57,0.0,0.0,11.65,2.84,11.08,4.55,1.7,11.65,1.705,1.065
0.8,0.8,0.8,0.0,0.0,12.06,1.07,12.6,2.68,1.61,10.72,0.0,0.805
0.0,0.61,0.0,0.0,0.0,7.93,3.05,2.44,6.71,4.27,10.37,0.61,1.5250000000000001
0.0,1.16,0.0,0.0,1.16,15.61,1.73,10.4,5.78,1.73,8.09,0.0,0.58
3.65,0.36,0.0,0.0,0.36,15.69,4.74,10.58,4.38,1.82,9.12,0.18,0.8200000000000001
0.0,7.45,2.13,1.06,0.0,15.96,5.32,8.51,12.77,1.06,4.26,1.06,-1.065
1.8,2.16,0.72,0.0,0.36,14.39,3.24,8.99,2.88,1.08,10.07,1.44,0.26999999999999996
2.53,4.11,0.63,0.95,0.0,14.24,3.16,4.75,6.33,2.85,10.13,0.315,0.23750000000000004
1.4,1.4,0.7,0.0,0.0,11.19,2.1,11.19,3.5,0.0,8.39,0.0,0.7
2.75,0.55,0.0,0.0,0.0,9.89,1.1,7.69,0.55,3.3,23.08,0.0,1.2375
1.45,1.93,0.48,0.0,0.0,17.39,2.9,9.66,1.45,3.86,15.46,0.48,0.845
0.45,3.15,0.45,0.9,0.0,16.22,3.6,5.41,8.11,0.9,9.01,0.0,0.0
2.23,6.25,0.45,1.79,0.0,12.5,1.79,7.59,5.8,1.79,8.04,0.0,-1.0025
0.54,3.26,1.09,0.0,1.09,16.85,4.35,12.5,0.54,1.09,8.15,1.9,0.4075
1.95,2.28,0.33,0.0,0.0,15.96,3.58,9.45,1.3,2.28,9.77,1.305,0.7324999999999999
1.32,1.32,0.66,0.0,0.0,13.86,2.97,8.58,0.66,0.33,8.25,0.8250000000000001,0.4125
0.85,1.28,0.43,0.0,0.0,12.39,2.56,9.83,1.71,0.43,11.54,0.64,0.32
2.42,3.46,0.69,0.0,0.35,14.53,4.15,6.92,4.15,3.11,11.07,0.175,0.43499999999999994
0.79,1.57,0.79,0.0,0.0,14.17,3.15,7.87,2.36,3.15,8.66,0.985,0.39249999999999996
2.5,4.17,4.17,0.0,0.0,14.17,4.17,12.5,1.67,0.0,10.0,0.0,0.4175
4.42,0.44,0.44,0.0,0.0,5.75,1.33,8.41,1.33,3.98,10.18,0.0,0.5525
3.4,0.38,0.38,0.0,0.0,8.68,2.26,10.57,4.53,1.51,7.92,0.375,1.0375
2.08,0.0,0.0,0.0,0.0,5.83,0.0,9.58,4.17,0.0,7.08,0.0,1.04
1.41,0.71,0.0,0.0,0.0,8.83,0.35,9.19,5.3,0.0,12.37,0.71,0.795
0.71,0.71,0.0,0.0,0.0,5.67,0.0,9.22,2.84,0.0,4.26,0.71,0.1775
0.8,1.2,0.8,0.0,0.0,16.0,3.2,9.6,1.2,0.4,10.4,0.4,0.7
0.0,2.6,0.0,0.0,0.52,14.58,0.52,13.54,1.04,2.08,11.46,2.08,0.52
0.0,0.81,0.0,0.0,0.0,11.29,2.02,7.26,3.63,4.84,8.87,0.4,1.0074999999999998
1.16,0.0,0.0,0.0,0.0,10.85,2.71,5.04,3.1,1.55,9.3,0.0,0.6799999999999999
0.0,0.0,0.0,0.0,0.0,12.0,0.44,8.0,2.67,0.0,5.78,0.0,0.6675
0.36,0.0,0.0,0.0,0.0,12.64,1.44,5.42,2.17,0.0,4.69,0.0,0.09
0.36,1.81,0.36,0.72,0.0,10.47,0.72,6.5,4.33,3.25,6.5,0.18,0.27
0.0,0.39,0.39,0.0,0.0,12.02,1.55,6.2,2.71,2.71,8.91,0.0,0.485
0.67,0.0,0.0,0.0,0.0,8.67,1.33,7.33,4.0,2.0,14.0,1.0,0.3325
0.91,4.55,4.55,0.0,0.0,10.91,0.0,9.09,4.55,7.27,10.0,0.91,2.045
0.0,4.41,2.94,0.0,0.0,1.47,0.0,8.82,2.94,4.41,13.24,1.47,0.3675
3.39,1.13,0.56,0.56,0.0,12.99,1.69,11.86,0.56,2.26,11.3,0.0,0.42499999999999993
3.63,1.55,0.0,1.04,0.0,6.74,0.52,12.95,2.59,1.04,10.88,0.0,0.645
1.8,0.9,0.0,0.0,0.0,6.31,0.0,9.91,4.05,2.25,11.71,0.45,1.5750000000000002
0.0,1.31,0.65,0.0,0.0,9.15,1.31,9.15,0.65,3.92,8.5,0.65,1.3075
0.0,1.89,0.94,0.0,0.0,12.74,0.94,11.32,0.47,6.6,9.91,0.94,1.8875
1.08,1.62,1.62,0.0,0.0,7.57,0.54,10.27,2.16,7.03,11.89,0.0,2.1625
1.99,0.66,0.66,0.0,0.0,13.91,1.32,10.6,4.64,3.31,16.56,0.0,2.815
0.49,0.49,0.49,0.0,0.0,13.11,0.49,11.17,1.46,1.46,12.14,0.0,0.48500000000000004
2.02,1.52,1.52,0.0,0.0,14.14,1.01,11.62,0.0,2.53,14.14,0.0,1.39
0.0,1.83,1.22,0.0,0.0,12.8,2.44,9.15,0.61,5.49,12.8,0.61,2.135
0.0,1.91,1.91,0.0,0.0,15.92,1.91,12.1,0.0,4.46,7.64,0.0,0.6375
0.0,2.29,1.53,0.76,0.0,15.27,1.53,12.21,3.82,5.34,6.87,0.0,2.865
0.68,2.03,2.03,0.0,0.0,12.16,2.7,8.78,0.68,5.41,10.14,0.0,1.1824999999999999
1.21,3.64,3.24,0.0,0.0,14.57,1.62,8.1,1.62,3.64,6.07,0.2,0.505
1.21,3.02,2.11,0.0,0.6,15.41,1.51,7.85,5.44,4.53,12.39,0.3,1.285
1.1,3.02,2.47,0.0,0.27,14.01,1.65,8.79,4.67,4.67,6.59,0.135,1.0299999999999998
0.31,2.19,1.88,0.0,0.0,13.75,2.19,9.38,0.94,1.56,13.75,0.0,0.5475
0.32,2.27,2.27,0.0,0.0,10.36,2.59,6.47,4.53,8.09,12.62,0.0,1.6175
0.0,1.57,1.57,0.0,0.0,15.72,2.52,5.66,5.35,5.35,10.38,0.0,1.415
0.46,3.21,2.75,0.46,0.0,13.76,1.38,6.42,5.5,6.42,10.09,0.0,1.1475
1.53,1.84,1.84,0.0,0.0,10.74,0.92,6.44,0.61,4.6,12.27,0.0,1.15
0.98,1.95,1.63,0.0,0.0,14.01,2.61,8.14,6.19,3.91,12.38,0.0,1.22
0.99,2.97,2.97,0.0,0.0,9.9,1.98,9.9,0.99,0.99,3.96,0.0,0.495
2.74,1.83,1.37,0.0,0.0,12.33,0.91,10.5,3.65,0.46,10.96,0.0,0.2275
0.0,2.66,1.33,0.0,0.0,12.96,2.99,5.65,5.32,3.65,13.29,0.66,0.9125000000000001
0.48,2.38,1.43,0.0,0.0,14.76,3.33,5.71,9.05,2.86,6.67,0.0,1.785
0.29,3.54,2.95,0.0,0.0,15.34,3.83,6.49,4.72,4.13,9.73,0.0,0.81
0.87,1.3,1.3,0.0,0.0,12.55,2.16,5.63,4.76,4.76,9.09,0.0,0.5425
0.0,2.35,1.18,0.59,0.0,20.59,4.12,4.71,11.18,0.59,7.06,0.0,0.29500000000000004
1.63,1.63,1.63,0.0,0.0,18.78,5.31,6.12,3.27,4.49,8.16,0.0,0.715
1.53,2.3,1.15,0.0,0.0,11.11,1.53,10.34,0.38,0.77,8.43,1.15,0.2875
1.57,2.36,0.79,0.0,0.79,13.78,1.57,10.24,0.39,0.0,9.84,1.18,0.0975
3.93,2.62,2.18,0.0,0.0,13.54,3.93,6.11,2.18,1.75,12.23,0.0,0.8725
1.98,1.19,0.4,0.0,0.0,9.52,0.4,8.33,3.97,1.59,8.33,0.4,0.2975
0.53,1.58,0.53,0.0,0.0,12.63,2.63,4.74,4.21,1.05,14.74,0.0,0.26500000000000007
1.8,2.7,0.0,0.0,0.9,12.61,3.15,6.31,2.7,1.8,13.06,0.45,0.11250000000000002
2.88,1.92,0.0,0.0,0.0,14.9,2.4,7.21,8.65,1.44,11.06,0.72,-0.12
1.93,1.45,0.48,0.0,0.0,16.91,0.97,9.66,0.48,0.0,13.04,0.0,0.4825
2.49,2.07,0.41,0.0,0.83,14.11,2.9,9.54,0.0,0.0,17.84,0.205,0.31
0.45,0.91,0.45,0.45,0.0,8.64,1.36,9.09,0.45,3.18,13.18,0.225,0.6825
0.43,0.86,0.86,0.0,0.0,12.45,2.58,6.44,1.29,1.72,10.3,0.0,0.3225
5.75,1.77,0.88,0.0,0.0,10.18,2.21,5.75,0.0,0.44,8.41,0.0,0.4425
1.1,1.1,0.0,0.0,0.0,10.5,1.1,8.84,1.1,0.0,12.71,0.275,0.1375
0.0,2.22,2.22,0.0,0.0,17.78,2.22,11.11,2.22,0.0,4.44,0.0,0.0
0.58,5.81,1.74,0.0,0.0,19.77,2.91,6.4,3.49,1.74,6.98,0.0,-0.29250000000000004
1.6,4.0,2.4,0.0,0.0,9.6,0.8,8.0,0.0,4.0,16.0,2.0,1.2
0.0,5.38,2.15,0.0,0.0,11.83,2.15,12.9,2.15,3.23,8.6,1.08,0.5375
0.5,3.48,1.0,0.0,0.0,15.92,3.98,3.98,8.96,3.98,6.47,1.0,0.0
0.62,1.86,1.86,0.0,0.0,26.09,5.59,6.21,6.83,1.24,4.35,0.31,0.465
0.0,6.1,1.83,0.61,0.0,21.95,8.54,7.93,3.66,1.83,4.27,0.61,0.0
1.65,3.85,2.2,0.0,0.0,18.68,2.75,12.64,4.4,0.55,6.04,0.825,0.275
1.22,3.66,1.22,0.0,0.0,19.51,3.66,12.2,4.88,0.0,9.76,1.22,0.6100000000000001
0.0,6.25,1.56,0.0,1.56,12.5,4.69,10.94,3.13,3.13,7.81,2.3449999999999998,0.7825
0.0,3.85,3.85,0.0,0.0,9.62,0.0,11.54,3.85,9.62,19.23,0.0,2.405
0.45,2.69,1.35,0.45,0.45,13.45,1.79,4.48,5.38,4.48,8.97,0.45,0.2225
0.0,8.42,4.21,1.05,0.0,12.63,4.21,1.05,12.63,4.21,9.47,0.0,0.0
0.0,4.92,4.92,0.0,0.0,18.03,2.46,7.38,3.28,3.28,10.66,0.0,0.615
0.0,5.41,2.7,0.0,0.0,27.03,8.11,10.81,0.0,2.7,5.41,4.055,0.675
1.59,2.38,2.38,0.0,0.0,16.67,3.17,9.52,0.0,3.97,11.9,0.0,1.19
0.57,1.14,0.0,0.0,0.0,11.93,1.7,10.23,1.14,1.7,11.36,1.42,0.8524999999999999
0.0,1.9,0.95,0.95,0.0,15.24,1.9,14.29,1.9,0.0,12.38,2.38,0.0
0.0,0.0,0.0,0.0,0.0,9.33,1.55,10.88,1.55,1.55,10.88,1.555,1.2974999999999999
1.47,0.74,0.74,0.0,0.0,9.56,0.74,8.09,0.74,2.21,9.56,0.0,1.2875
1.39,3.47,3.47,0.0,0.0,24.31,6.94,10.42,0.69,2.78,10.42,0.345,0.8675
1.07,1.07,0.0,0.0,0.53,17.65,4.81,8.02,6.42,5.35,8.02,0.265,1.0675
2.39,1.91,1.91,0.0,0.0,13.4,2.39,8.61,3.83,2.87,10.53,0.955,1.075
0.48,0.96,0.0,0.0,0.0,11.48,0.96,10.53,0.96,1.91,15.79,0.96,0.9575
1.56,0.0,0.0,0.0,0.0,10.94,0.0,7.81,0.0,3.13,14.06,0.0,0.39
0.52,2.59,1.04,0.52,0.0,13.47,3.63,5.7,4.15,1.04,11.92,0.0,0.13
0.0,2.94,1.47,0.0,0.0,20.1,6.37,9.8,2.45,1.96,10.29,0.0,0.735
0.0,6.15,3.91,0.0,0.0,20.11,5.59,11.17,1.68,1.12,10.61,1.955,0.14
1.32,4.39,3.51,0.0,0.88,14.91,3.95,8.77,2.19,1.32,10.53,0.0,0.3275
0.85,2.98,2.55,0.43,0.0,17.02,2.98,11.49,8.09,2.13,4.26,0.215,0.8524999999999999
2.35,1.57,1.18,0.39,0.0,15.29,0.39,11.76,0.78,5.1,9.8,0.0,1.08
3.48,1.74,0.87,0.0,0.0,15.65,4.35,13.04,0.87,0.87,9.57,0.435,0.435
1.59,2.79,1.99,0.4,0.0,20.32,1.2,13.55,3.19,3.59,11.95,0.2,1.295
0.63,1.25,0.94,0.0,0.31,15.31,2.19,9.06,3.44,5.31,12.81,0.155,1.6425
1.78,2.85,1.42,0.0,0.36,16.37,3.91,12.46,3.91,3.2,12.46,0.0,0.8900000000000001
1.54,2.63,1.54,0.22,0.22,18.64,5.92,11.18,9.87,1.54,6.36,0.11,0.9874999999999999
2.35,0.78,0.78,0.0,0.0,11.76,1.18,11.37,0.0,3.53,12.94,0.0,0.8825
1.9,0.76,0.0,0.0,0.0,12.17,2.66,11.79,0.0,1.52,14.45,0.76,0.38
2.03,0.81,0.81,0.0,0.0,12.6,2.03,9.76,0.41,2.03,16.26,0.61,0.915
0.0,2.21,2.21,0.0,0.0,17.98,2.21,10.41,3.15,1.58,6.62,0.16,0.63
1.02,3.74,2.38,0.0,0.0,15.65,2.72,11.56,2.38,1.7,10.2,0.8500000000000001,0.33999999999999997
1.08,3.76,0.54,0.0,0.54,8.6,1.08,12.9,2.15,3.23,12.9,1.885,1.4775
1.25,1.88,1.25,0.0,0.0,17.5,1.25,8.75,3.75,0.0,7.5,0.63,0.9375
0.0,1.42,0.94,0.0,0.0,13.21,3.3,7.08,1.89,0.47,12.26,0.0,1.0625
0.78,1.55,0.78,0.0,0.0,12.4,0.78,6.2,6.2,6.2,7.75,1.165,0.97
0.55,2.75,0.0,0.55,0.55,12.64,0.55,13.19,1.65,0.0,11.54,0.55,0.275
0.33,4.92,0.33,0.0,0.66,11.8,1.31,13.11,1.31,0.33,9.18,3.44,0.41000000000000003
0.29,3.24,2.06,0.29,0.0,12.68,1.77,10.91,7.37,1.77,5.31,1.475,0.7374999999999999
0.82,2.17,1.09,0.82,0.0,16.58,1.9,9.51,9.24,4.62,4.08,0.27,1.29
0.0,1.61,0.54,0.8,0.27,23.06,0.8,6.43,6.43,5.63,9.38,0.0,1.07
0.0,2.06,1.03,0.0,0.0,15.46,0.52,11.86,5.15,2.58,6.19,1.29,1.16
0.63,2.21,1.26,0.0,0.0,11.67,0.32,10.09,7.26,2.21,7.57,1.2650000000000001,0.7875
2.33,0.39,0.39,0.0,0.0,5.45,0.78,10.12,5.06,3.89,9.73,1.17,1.165
0.95,0.48,0.48,0.0,0.0,13.81,1.9,6.67,12.86,10.0,6.67,0.0,2.26
0.7,0.7,0.35,0.35,0.0,11.62,0.7,6.34,7.75,6.69,7.75,0.175,1.9375
0.41,0.0,0.0,0.0,0.0,12.2,1.63,6.5,6.91,6.91,7.72,0.0,1.6275
0.3,1.81,0.0,1.2,0.0,10.24,0.9,7.53,13.86,8.73,7.53,0.6,1.8849999999999998
0.0,0.47,0.0,0.0,0.0,15.17,2.37,10.43,7.11,5.21,9.48,0.71,0.8325
0.0,0.75,0.0,0.75,0.0,12.78,0.0,10.53,6.77,4.51,9.02,0.0,1.6949999999999998
0.0,9.38,6.25,3.13,0.0,15.63,3.13,6.25,21.88,0.0,9.38,0.0,0.0
3.16,1.58,1.58,0.0,0.0,11.05,1.58,12.63,1.58,2.63,13.68,0.0,0.79
2.04,6.12,2.04,0.0,0.68,10.2,2.04,9.52,0.0,4.08,9.52,2.04,1.02
2.5,1.5,1.0,0.0,0.0,11.5,0.5,8.5,4.0,4.0,13.0,0.0,2.0
1.03,1.55,1.55,0.0,0.0,15.98,2.58,10.31,1.03,4.12,9.79,0.515,1.29
1.93,1.45,0.97,0.0,0.0,14.49,1.45,9.18,1.45,4.35,9.66,0.0,1.2075
4.17,1.39,0.69,0.0,0.0,11.81,1.39,9.72,7.64,0.69,12.5,0.69,1.0425
0.95,2.86,2.38,0.0,0.0,16.19,4.29,7.62,0.0,5.24,9.05,0.0,1.0725
3.08,1.76,1.32,0.0,0.0,12.78,2.2,10.13,0.44,4.41,10.57,0.88,0.77
1.97,2.96,1.97,0.0,0.49,15.27,5.42,8.87,1.48,4.43,14.29,0.0,0.8625
1.0,2.0,1.5,0.0,0.0,11.0,3.5,11.0,0.5,6.5,14.5,0.25,1.25
0.52,4.12,2.58,0.0,0.52,15.98,3.09,6.7,1.03,4.12,6.19,0.52,0.7725
0.49,4.43,2.46,0.0,1.48,18.23,0.49,11.82,1.48,4.43,9.36,0.0,0.9850000000000001
0.82,0.82,0.82,0.0,0.0,11.43,1.63,10.61,2.86,2.04,15.1,0.0,0.815
1.52,3.03,1.52,0.0,0.0,13.64,6.06,6.06,1.52,1.52,15.15,0.0,0.37749999999999995
3.35,0.48,0.48,0.0,0.0,11.48,0.96,9.57,6.7,3.35,9.09,0.0,2.035
0.93,0.93,0.47,0.0,0.0,8.41,2.34,10.28,5.14,3.27,12.62,0.465,0.815
1.24,3.11,0.62,0.62,0.0,13.04,3.73,9.94,3.73,0.62,11.8,0.0,0.15499999999999997
0.96,0.48,0.48,0.0,0.0,10.1,0.96,7.21,1.44,1.44,12.5,0.24,0.6
1.35,4.5,0.45,0.0,0.0,8.56,2.25,7.21,4.95,2.7,11.71,0.45,0.0
1.41,2.35,0.94,0.0,0.0,9.86,0.94,10.33,3.76,0.47,12.68,0.94,0.94
0.43,3.43,1.72,1.29,0.0,9.01,0.0,9.01,8.58,5.58,11.59,0.0,1.2875
0.84,1.68,1.68,0.0,0.0,9.24,2.1,8.82,3.78,3.78,13.87,0.0,1.155
0.34,1.36,0.68,0.0,0.34,8.81,0.68,10.51,3.73,4.41,8.47,0.51,0.6775
1.92,1.15,0.77,0.0,0.0,7.66,1.92,8.43,4.21,3.83,13.79,0.575,1.055
0.86,3.02,2.16,0.0,0.0,9.48,3.02,3.88,3.88,6.9,11.64,0.0,1.0775
0.97,4.37,1.94,0.97,0.0,13.59,2.91,7.28,3.88,2.43,11.65,0.0,0.3650000000000001
3.57,0.4,0.4,0.0,0.0,5.16,0.4,9.52,2.38,1.19,16.27,0.0,0.595
0.0,2.65,0.88,0.0,0.0,15.04,2.65,10.62,4.42,2.65,4.42,0.0,0.22
0.55,1.64,1.64,0.0,0.0,14.75,0.55,10.38,0.55,1.64,12.02,0.275,0.6825
0.0,3.57,2.86,0.0,0.0,18.57,4.29,8.57,2.86,1.43,12.86,0.0,1.605
0.0,2.72,2.72,0.0,0.0,20.41,6.12,8.84,3.4,3.4,9.52,0.0,0.68
0.0,2.68,2.68,0.0,0.0,18.12,1.34,10.07,11.41,0.67,8.05,0.0,0.67
1.16,5.81,1.16,3.49,0.0,11.63,1.16,11.63,12.79,3.49,3.49,0.0,0.29000000000000004
0.0,5.71,0.0,0.0,0.0,8.57,0.0,20.0,2.86,2.86,0.0,0.0,0.715
1.87,1.87,1.87,0.0,0.0,14.02,5.61,10.28,7.48,0.0,8.41,0.0,0.0
1.37,1.83,0.46,0.46,0.0,12.33,2.28,8.22,6.85,3.2,6.85,0.455,0.3425
0.0,2.07,1.65,0.0,0.0,17.36,7.85,7.85,4.55,4.96,9.09,0.0,0.8275
1.09,1.09,0.72,0.0,0.0,14.86,3.26,3.99,3.62,3.62,11.59,0.54,0.5425
0.64,1.91,0.43,0.0,0.0,16.81,3.62,6.17,8.3,3.19,5.32,1.17,1.0625
0.88,1.33,1.33,0.0,0.0,11.5,0.88,10.62,0.88,1.33,12.39,0.22,0.4425
0.0,2.28,0.0,0.0,0.0,14.16,2.28,10.96,1.37,1.83,11.87,1.83,0.6849999999999999
0.0,1.9,0.24,0.24,0.0,14.05,2.62,4.05,10.0,3.81,9.76,1.075,1.0725
0.22,2.9,0.67,0.0,0.0,16.52,2.46,5.58,8.71,1.56,10.94,0.45,0.16749999999999998
0.48,5.26,1.91,0.0,0.0,11.0,1.44,7.18,5.26,0.96,11.96,0.0,-0.23750000000000004
0.0,2.81,1.4,0.0,0.0,17.13,3.37,4.49,7.3,1.97,8.43,0.7,0.7725000000000001
0.0,1.72,0.49,0.0,0.0,15.27,3.2,4.68,8.87,2.46,9.85,0.74,1.0475
0.0,2.67,1.78,0.0,0.44,13.33,4.44,6.67,1.33,0.89,9.33,0.0,0.11
0.0,2.11,0.26,0.26,0.53,12.63,2.11,6.32,7.63,2.89,11.05,0.66,0.7225
0.0,2.42,1.04,0.0,0.0,19.72,5.54,5.54,9.34,1.38,9.69,0.345,1.2975000000000003
2.12,2.65,1.59,0.0,0.0,11.11,2.12,12.17,2.12,2.12,11.11,0.265,0.795
0.0,4.62,3.47,0.0,0.0,15.03,1.73,8.67,3.47,0.58,9.83,0.29,0.145
2.08,3.47,2.08,0.0,0.0,17.36,2.08,6.94,4.86,2.78,7.64,0.0,0.0
1.9,3.16,1.27,0.0,0.0,11.39,0.63,11.39,5.7,1.9,6.33,0.0,0.7925
2.55,1.27,0.0,0.0,0.0,5.1,0.0,12.1,0.0,0.0,7.01,1.275,0.0
2.03,1.52,0.0,0.0,0.0,8.63,0.0,14.72,1.52,1.52,4.57,0.765,0.1275
0.0,2.54,1.52,0.0,0.0,15.23,1.52,10.66,2.03,1.52,6.6,1.0150000000000001,0.3825
1.53,4.58,3.05,0.0,0.0,12.98,4.58,9.92,2.29,3.05,5.34,0.38,0.19
1.79,1.79,1.79,0.0,0.0,7.14,3.57,8.93,0.0,0.0,1.79,0.0,0.0
1.92,3.85,3.85,0.0,0.0,9.62,1.92,7.69,1.92,3.85,11.54,0.0,0.9625
0.0,6.43,2.14,0.0,0.0,12.14,5.0,9.29,0.0,0.71,5.0,2.5,0.1775
2.46,2.46,0.0,0.0,0.0,5.74,0.0,11.48,5.74,0.0,4.1,1.64,0.82
0.53,3.72,0.0,0.0,0.0,5.85,0.0,10.11,1.06,0.0,5.85,1.8599999999999999,0.0
1.19,3.57,1.79,0.0,0.0,8.93,0.0,9.52,2.98,3.57,7.14,1.19,0.15
1.43,5.71,0.0,1.43,0.0,14.29,1.43,11.43,8.57,7.14,5.71,3.575,0.7150000000000001
0.0,3.89,0.9,2.1,0.0,13.17,2.69,9.58,1.5,0.3,10.78,0.44999999999999996,0.0
0.0,0.49,0.49,0.0,0.0,13.73,2.45,16.18,0.49,1.96,13.73,0.245,0.3675
0.33,4.68,0.33,2.34,0.33,16.05,2.68,8.7,3.01,1.67,10.03,1.17,0.25249999999999995
0.35,4.15,1.38,1.73,0.0,17.65,2.77,8.3,3.46,3.11,11.07,0.52,0.345
3.28,1.64,0.55,0.0,0.0,14.75,2.73,10.93,4.92,0.55,7.65,0.55,1.775
2.1,1.68,0.42,0.0,0.0,18.49,3.78,8.4,1.26,1.68,7.56,0.0,0.105
1.08,4.84,1.08,1.08,0.0,26.34,8.6,7.53,0.54,1.61,12.37,1.3450000000000002,0.2675
0.87,6.11,0.44,2.18,0.44,20.96,7.86,8.3,5.24,2.62,7.42,1.09,-0.10750000000000004
0.3,1.81,0.6,0.3,0.3,15.11,3.32,9.06,3.32,2.42,12.08,0.3,0.605
1.02,3.73,2.37,0.68,0.0,19.32,3.73,11.19,1.69,2.71,9.15,0.0,0.5925
0.82,1.92,1.1,0.0,0.0,17.26,4.11,7.4,6.3,4.66,9.32,0.27,1.4375
8.15,0.0,0.0,0.0,0.0,17.78,0.74,12.59,0.74,0.0,6.67,0.0,0.185
0.88,1.76,1.32,0.0,0.0,13.22,3.08,9.69,2.64,2.2,12.78,0.0,0.44
0.8,1.6,0.0,1.6,0.0,16.0,3.2,8.8,1.6,2.4,21.6,0.0,0.19999999999999996
0.49,0.97,0.97,0.0,0.0,24.27,5.34,4.85,18.45,2.91,2.91,0.0,2.7925000000000004
0.77,4.98,1.15,0.77,0.0,12.26,1.53,7.66,10.73,3.45,12.64,0.96,-0.6725
0.0,4.4,1.6,0.4,0.0,16.8,2.4,9.6,2.8,4.4,10.4,3.0,0.7000000000000001
1.13,3.77,1.13,0.0,0.0,16.6,3.02,6.79,6.42,1.13,15.09,0.38,0.47
0.0,2.47,2.47,0.0,0.0,13.58,0.0,9.88,1.23,4.94,18.52,0.0,0.925
1.72,5.17,2.59,0.43,0.0,21.98,4.31,6.47,3.88,3.02,11.21,0.86,0.8624999999999999
1.12,6.74,1.69,3.37,0.0,14.04,2.25,12.36,5.06,2.25,6.74,1.69,-0.5625
2.05,5.82,1.37,0.34,0.0,14.38,3.08,6.85,8.22,1.71,8.22,2.74,0.0
0.87,2.16,0.87,0.0,0.0,17.75,3.46,8.23,4.76,1.3,11.69,0.215,1.0825
0.46,1.83,0.92,0.0,0.0,18.35,4.13,8.26,5.05,2.29,14.22,0.46,0.69
0.0,2.67,0.0,0.0,0.0,16.0,0.0,12.0,0.0,2.67,9.33,1.33,1.3325
1.17,2.73,1.95,0.0,0.0,14.84,2.73,9.38,1.56,4.3,8.98,0.0,0.9775
1.49,3.96,0.5,0.0,2.48,11.88,1.98,6.93,2.48,0.99,15.35,0.495,0.6225
2.41,3.01,1.2,0.0,1.2,16.87,3.01,7.83,8.43,2.41,7.83,0.3,1.0525
1.94,3.49,0.78,1.16,0.0,15.5,2.71,9.69,9.3,1.94,7.75,0.585,0.09749999999999998
0.6,3.57,2.38,0.6,0.0,9.52,1.79,9.52,2.38,2.38,14.29,0.0,0.44499999999999995
2.78,2.78,2.78,0.0,0.0,8.33,0.0,11.11,0.69,2.78,13.89,0.0,0.695
1.2,2.8,2.4,0.0,0.0,11.6,1.6,8.8,5.6,1.6,9.6,0.0,0.7
0.35,2.13,1.42,0.0,0.35,14.54,3.9,9.22,3.19,2.48,11.7,0.53,1.0625
0.61,1.23,1.23,0.0,0.0,12.27,2.45,11.66,2.45,5.52,12.88,0.305,2.145
0.63,2.52,1.26,0.0,0.0,13.21,1.89,8.18,2.52,3.14,12.58,0.0,0.9425000000000001
1.78,3.11,1.33,0.44,0.0,13.78,1.33,11.56,2.22,1.33,6.67,1.335,0.89
2.88,0.48,0.48,0.0,0.0,10.1,0.48,10.1,2.4,2.4,12.5,0.0,0.72
1.9,1.9,1.27,0.0,0.63,8.23,0.0,7.59,1.27,1.27,13.29,0.0,0.475
0.5,1.5,0.5,1.0,0.0,13.0,2.5,11.5,4.5,5.5,11.0,0.0,1.75
1.49,1.99,1.0,1.0,0.0,9.95,1.99,8.46,8.46,4.48,12.44,0.5,0.7475
2.76,2.07,0.69,0.69,0.69,8.28,0.69,8.97,5.52,3.45,12.41,0.69,1.38
2.88,4.81,1.92,0.96,0.0,11.54,0.96,9.62,7.69,6.73,5.77,0.96,0.24
1.44,1.44,1.44,0.0,0.0,5.04,1.44,5.04,5.04,3.6,12.95,0.0,1.08
3.14,0.0,0.0,0.0,0.0,16.98,3.14,9.43,0.0,0.0,14.47,0.0,0.4725
0.78,3.13,0.78,0.0,1.56,14.84,1.56,10.16,1.56,1.56,16.41,0.0,0.975
2.21,0.74,0.0,0.0,0.0,11.03,3.68,6.62,0.0,0.0,13.24,0.0,0.3675
1.14,1.14,0.0,0.0,0.0,10.23,1.7,6.82,4.55,0.57,12.5,0.0,-0.1425
2.42,0.61,0.0,0.0,0.0,11.52,3.64,8.48,4.85,1.82,12.73,0.305,1.0574999999999999
1.98,0.5,0.5,0.0,0.0,7.43,0.5,12.87,3.96,1.49,8.91,0.25,1.24
1.16,2.33,0.58,0.0,0.0,5.81,0.58,8.72,2.33,0.58,9.88,1.16,0.2899999999999999
0.6,1.2,0.0,0.0,0.0,7.23,2.41,9.04,0.0,0.0,14.46,1.805,0.4525
1.03,2.06,0.0,0.0,0.0,13.4,1.03,12.37,1.03,1.03,10.31,1.03,0.7725
0.0,2.34,0.0,0.0,0.78,10.94,0.78,8.59,0.78,2.34,17.19,2.3449999999999998,0.9775
1.23,0.0,0.0,0.0,0.0,6.17,1.23,9.88,3.7,1.23,17.28,0.0,2.47
2.1,0.7,0.0,0.0,0.0,9.09,2.1,7.69,2.8,2.8,13.99,0.0,0.875
1.87,0.93,0.93,0.0,0.0,10.28,2.8,9.35,1.87,2.8,14.95,0.0,0.7
1.15,9.2,2.3,0.0,0.0,11.49,1.15,11.49,0.0,2.3,12.64,2.3,0.8625
0.0,3.92,1.96,0.0,0.0,14.71,2.94,10.78,0.0,1.96,5.88,1.96,0.49
0.65,0.65,0.65,0.0,0.0,5.19,1.3,7.79,1.95,0.65,12.99,0.65,0.975
0.0,0.0,0.0,0.0,0.0,2.33,0.0,8.14,5.81,0.0,11.63,0.0,0.8725
0.43,0.43,0.0,0.0,0.0,8.62,1.72,8.19,2.59,1.72,10.78,0.215,0.6475
1.0,0.0,0.0,0.0,0.0,6.0,0.0,9.0,4.0,3.0,9.0,0.0,0.5
0.0,4.76,3.17,0.0,0.0,15.87,7.94,14.29,0.0,0.0,4.76,2.38,0.0
0.0,0.73,0.73,0.0,0.0,5.84,0.73,5.84,4.38,0.73,2.92,2.555,0.1825
0.0,1.64,1.09,0.0,0.0,14.21,3.28,8.2,1.09,4.37,10.93,0.55,1.0925
1.72,1.03,0.34,0.0,0.0,12.37,1.37,12.37,0.0,2.41,8.25,0.345,1.2875
1.32,2.2,1.76,0.0,0.0,15.86,3.08,9.69,0.88,3.08,7.93,0.66,0.77
5.13,1.71,1.28,0.0,0.0,14.1,2.14,14.53,0.85,0.0,7.69,0.425,0.32
1.76,0.0,0.0,0.0,0.0,12.94,0.0,12.94,0.59,1.18,11.18,0.59,0.44
1.65,3.7,1.65,0.0,0.0,17.7,2.47,11.11,1.23,2.47,6.17,1.23,1.0275
2.75,2.35,1.96,0.0,0.0,10.2,0.78,10.2,0.78,3.53,9.41,0.0,0.8825
2.82,1.88,1.25,0.31,0.0,14.73,2.82,10.97,1.25,2.82,8.78,0.31,0.86
1.69,1.69,1.69,0.0,0.0,14.58,3.05,12.54,1.36,4.07,5.76,0.68,1.2725
1.36,1.81,0.9,0.0,0.0,13.57,4.52,11.31,2.26,2.71,8.6,0.225,1.0175
0.94,1.57,0.31,0.0,0.0,9.43,1.26,14.47,0.94,1.57,5.66,1.415,1.02
1.2,2.0,0.8,0.0,0.4,13.2,3.2,11.2,0.8,1.6,7.2,1.2,0.7
1.8,0.0,0.0,0.0,0.0,14.75,2.16,14.03,0.36,3.24,6.83,0.54,1.44
0.48,1.45,0.97,0.0,0.0,9.66,2.42,12.56,1.93,3.86,9.66,0.24,1.45
1.16,1.16,0.0,0.0,0.0,11.63,0.0,13.95,1.16,0.0,3.49,1.16,0.0
4.43,0.63,0.63,0.0,0.0,10.13,3.16,11.39,5.06,1.27,10.76,0.315,1.4224999999999999
0.4,1.62,0.0,0.0,0.4,12.15,2.43,10.12,2.43,0.0,6.07,0.81,0.0
0.0,2.21,0.0,1.77,0.0,17.26,2.65,10.62,3.1,3.1,4.42,0.44,0.5525000000000001
3.47,1.16,1.16,0.0,0.0,13.51,1.54,9.27,3.47,1.16,6.95,0.77,0.675
2.22,5.19,0.37,0.37,0.0,15.19,2.22,11.11,1.11,0.74,6.67,2.59,0.27749999999999997
2.74,4.57,2.28,1.37,0.46,14.61,2.74,6.85,2.28,0.46,4.11,0.23,0.5700000000000001
1.43,3.57,1.43,0.0,1.43,17.86,3.57,6.79,3.93,0.0,3.21,1.0699999999999998,1.4275
4.5,1.35,0.9,0.0,0.0,19.37,4.05,11.26,0.0,0.0,4.95,0.45,0.1125
1.46,1.82,0.73,0.0,0.36,17.15,3.28,12.77,1.09,0.36,6.2,0.9099999999999999,0.4575
0.67,1.34,0.34,0.0,0.0,12.75,1.34,11.41,1.34,0.34,5.7,0.17,0.335
7.03,0.61,0.61,0.0,0.0,13.15,2.14,11.31,4.59,0.92,6.42,0.305,0.6875
2.11,4.21,1.05,1.4,0.7,15.79,5.96,8.42,2.46,0.35,5.61,0.35,0.35
0.57,2.87,1.15,1.43,0.0,14.04,2.87,9.17,4.58,1.72,9.17,0.43,0.21499999999999997
0.0,2.94,1.18,0.0,0.0,12.94,2.35,10.59,2.94,1.76,2.94,1.765,0.4425
0.0,3.56,1.07,0.0,0.0,14.23,4.98,7.83,11.03,2.85,9.25,0.0,0.445
0.0,6.2,2.33,0.0,0.0,8.53,0.0,8.53,6.98,1.55,10.08,2.715,0.0
0.0,4.58,3.92,0.0,0.0,15.03,5.23,12.42,7.19,2.61,10.46,0.65,0.98
0.0,5.85,1.75,0.58,0.0,12.28,4.68,9.94,8.77,1.75,5.26,1.17,0.4375
0.0,2.18,0.36,0.36,0.0,15.64,2.91,4.73,9.45,3.64,9.09,0.905,0.5449999999999999
0.63,2.2,0.94,0.31,0.0,11.64,2.52,7.55,3.14,4.09,15.72,0.7849999999999999,1.1
0.57,0.76,0.57,0.19,0.0,11.76,1.33,10.44,5.12,0.57,9.3,0.095,1.1875
0.0,0.58,0.0,0.0,0.0,10.37,0.86,12.1,2.88,0.86,14.41,0.72,0.4325
0.0,3.05,1.69,0.34,0.0,11.86,3.39,8.81,6.78,3.39,7.12,0.8500000000000001,0.6775
0.24,2.16,1.2,0.0,0.0,11.78,2.16,6.25,7.93,1.92,10.34,0.48,0.36
0.0,2.08,0.0,0.52,1.04,7.29,1.56,7.29,7.29,0.0,6.77,0.26,1.5625
0.0,1.0,0.0,0.0,0.0,5.97,0.5,9.45,2.49,0.5,8.46,0.75,0.25
0.91,0.91,0.0,0.0,0.0,18.18,6.36,10.91,0.0,0.0,8.18,0.91,0.2275
0.0,5.26,1.32,1.32,0.0,13.16,2.63,7.89,9.21,3.95,2.63,0.66,0.0
1.54,3.85,0.77,0.77,0.0,16.92,4.62,9.23,3.08,3.08,8.46,1.54,0.77
1.05,3.16,2.63,0.0,0.0,22.63,5.26,10.53,0.53,1.58,8.42,0.79,0.5275
1.55,2.06,0.52,0.0,0.0,14.43,2.58,10.82,3.09,1.55,10.82,0.52,1.5474999999999999
0.0,3.52,0.5,0.0,0.0,16.08,3.52,8.04,2.51,4.02,10.55,2.26,1.0050000000000001
0.0,7.41,1.48,0.0,0.0,11.11,2.22,1.48,10.37,5.19,3.7,1.85,-0.3700000000000001
1.5,3.0,0.5,0.0,0.0,13.0,2.5,6.0,10.5,6.0,9.0,0.75,0.5
1.88,4.38,1.25,0.0,0.0,14.38,3.75,8.13,1.88,3.75,12.5,0.94,0.7825
2.17,1.09,0.0,0.54,0.0,11.41,1.63,9.24,5.43,2.17,11.41,0.0,0.5425
0.43,2.61,0.87,0.0,0.0,17.83,5.65,10.43,3.04,4.35,6.09,0.87,1.0875
2.68,0.0,0.0,0.0,0.0,7.14,0.0,11.61,8.04,4.46,8.04,0.0,1.7850000000000001
0.0,3.09,0.52,0.52,0.0,13.92,2.58,10.31,3.61,3.09,9.28,1.55,0.7749999999999999
1.68,1.68,0.56,0.56,0.0,12.29,2.23,6.7,4.47,2.23,12.29,0.0,0.8375000000000001
1.65,2.48,0.83,0.0,0.0,12.4,1.65,9.09,9.92,3.31,12.4,0.415,1.2374999999999998
0.0,1.02,0.0,1.02,0.0,17.35,0.0,8.16,10.2,2.04,5.1,0.0,0.0
1.02,5.1,4.08,0.0,0.0,20.41,4.08,9.18,6.12,3.06,8.16,0.0,0.765
0.0,2.29,0.0,1.53,0.0,16.03,2.29,14.5,3.05,0.0,5.34,0.0,0.19
0.0,9.09,7.27,0.0,0.0,16.36,10.91,7.27,0.0,1.82,5.45,0.91,0.0
1.33,2.67,2.67,0.0,0.0,12.0,1.33,13.33,0.0,2.67,12.0,0.0,0.6675
0.0,6.0,6.0,0.0,0.0,22.0,12.0,6.0,0.0,8.0,10.0,0.0,1.5
0.0,8.47,8.47,0.0,0.0,10.17,3.39,10.17,1.69,0.0,8.47,0.0,0.0
0.0,11.54,7.69,0.0,0.0,15.38,0.0,7.69,0.0,0.0,3.85,3.85,0.0
0.0,6.25,3.13,0.0,0.0,26.56,7.81,10.94,0.0,0.0,3.13,3.13,0.0
0.0,3.17,3.17,0.0,0.0,12.7,3.17,6.35,3.17,0.0,11.11,0.795,0.0
6.78,1.69,1.69,0.0,0.0,8.47,1.69,13.56,0.0,5.08,11.86,0.0,0.4225
0.0,2.17,2.17,0.0,0.0,19.57,8.7,6.52,4.35,8.7,4.35,0.0,1.63
0.0,4.17,2.08,0.0,2.08,35.42,12.5,6.25,0.0,0.0,6.25,0.0,0.0
0.0,5.88,2.94,2.94,0.0,14.71,5.88,10.29,8.82,4.41,4.41,0.0,0.36750000000000005
7.84,3.92,3.92,0.0,0.0,9.8,1.96,13.73,5.88,3.92,5.88,0.0,0.98
0.0,4.48,4.48,0.0,0.0,13.43,2.99,13.43,1.49,1.49,8.96,2.24,0.3725
12.07,0.0,0.0,0.0,0.0,3.45,0.0,6.9,8.62,1.72,15.52,0.0,1.2925
3.39,3.39,1.69,0.0,0.0,3.39,1.69,8.47,0.0,1.69,6.78,2.54,0.0
0.0,2.59,1.72,0.0,0.0,18.1,5.17,6.9,12.07,2.59,5.17,0.0,0.43000000000000005
4.0,1.33,1.33,0.0,0.0,9.33,4.0,8.0,9.33,5.33,1.33,0.0,1.0
0.0,4.55,4.55,0.0,0.0,23.86,6.82,9.09,0.0,0.0,6.82,0.0,1.1375
0.0,1.44,0.72,0.72,0.0,15.83,3.6,8.63,3.6,2.16,7.91,0.0,0.54
0.0,4.89,4.89,0.0,0.0,22.83,8.15,8.7,4.89,0.0,5.43,0.0,0.2725
0.0,8.75,8.75,0.0,0.0,5.0,1.25,7.5,3.75,0.0,11.25,0.0,0.3125
1.83,2.75,2.75,0.0,0.0,14.68,5.5,10.09,0.92,0.92,9.17,0.0,1.1475
2.38,0.0,0.0,0.0,0.0,5.95,0.0,9.52,1.19,1.19,15.48,0.0,0.595
0.0,5.49,1.1,0.0,0.0,6.59,1.1,8.79,1.1,2.2,10.99,3.85,1.1
0.0,5.1,5.1,0.0,0.0,22.45,3.06,8.16,2.04,0.0,3.06,0.0,0.255
1.18,4.71,3.53,1.18,0.0,17.65,3.53,9.41,1.18,0.0,14.12,0.0,0.0
0.0,2.01,0.67,0.0,0.0,7.38,0.67,7.38,0.67,0.0,6.71,0.335,0.0
2.91,1.94,0.0,0.0,0.0,14.56,3.88,12.62,1.94,0.97,12.62,0.0,0.97
1.69,2.03,0.68,1.01,0.0,19.59,4.39,11.49,3.38,0.0,6.08,0.0,0.5925
0.0,0.0,0.0,0.0,0.0,22.22,2.78,19.44,5.56,5.56,13.89,0.0,2.7775
2.08,1.04,1.04,0.0,0.0,18.75,5.21,11.46,3.13,0.0,16.67,0.0,0.7825
1.61,4.84,1.61,0.0,0.0,24.19,1.61,11.29,9.68,1.61,12.9,0.0,0.4025
0.0,7.5,7.5,0.0,0.0,12.5,2.5,7.5,0.0,2.5,12.5,0.0,0.625
0.0,10.53,5.26,5.26,0.0,10.53,0.0,7.89,0.0,2.63,2.63,0.0,0.0
3.13,3.13,3.13,0.0,0.0,9.38,0.0,6.25,18.75,0.0,6.25,0.0,1.5625
5.26,5.26,5.26,0.0,0.0,5.26,0.0,10.53,0.0,0.0,10.53,0.0,0.0
2.44,7.32,2.44,2.44,0.0,14.63,2.44,9.76,4.88,0.0,14.63,0.0,0.0
2.7,2.7,2.7,0.0,0.0,16.22,2.7,10.81,5.41,0.0,8.11,0.0,1.35
0.0,10.0,0.0,0.0,3.33,13.33,0.0,16.67,0.0,0.0,3.33,5.0,0.0
1.96,1.96,1.96,0.0,0.0,33.33,7.84,9.8,13.73,3.92,3.92,0.0,1.47
2.0,2.0,2.0,0.0,0.0,14.0,0.0,12.0,2.0,0.0,12.0,0.0,-0.5
0.0,4.76,4.76,0.0,0.0,14.29,4.76,9.52,0.0,0.0,9.52,0.0,0.0
0.0,1.92,1.92,0.0,0.0,17.31,5.77,11.54,1.92,1.92,5.77,0.0,0.0
0.0,2.08,0.0,0.0,2.08,12.5,2.08,14.58,0.0,0.0,8.33,0.0,2.0825
11.43,0.0,0.0,0.0,0.0,8.57,5.71,11.43,0.0,0.0,14.29,0.0,0.0
5.45,1.82,1.82,0.0,0.0,7.27,1.82,7.27,0.0,0.0,14.55,0.0,0.455
7.14,0.0,0.0,0.0,0.0,7.14,0.0,9.52,2.38,0.0,16.67,0.0,1.19
6.98,0.0,0.0,0.0,0.0,6.98,0.0,9.3,4.65,0.0,13.95,0.0,1.745
6.98,0.0,0.0,0.0,0.0,6.98,0.0,16.28,2.33,4.65,11.63,0.0,2.3275
5.26,5.26,0.0,0.0,5.26,13.16,0.0,10.53,0.0,0.0,13.16,0.0,0.0
4.69,1.56,0.0,0.0,0.0,7.81,0.0,10.94,4.69,3.13,12.5,1.56,0.7825
6.67,0.0,0.0,0.0,0.0,2.22,0.0,8.89,2.22,4.44,13.33,0.0,0.0
2.0,0.0,0.0,0.0,0.0,14.0,4.0,8.0,2.0,2.0,14.0,0.0,1.5
9.68,3.23,0.0,0.0,0.0,12.9,3.23,12.9,0.0,0.0,22.58,3.23,1.6125
1.82,0.0,0.0,0.0,0.0,3.64,0.0,7.27,0.0,1.82,16.36,0.0,0.455
0.0,3.23,0.0,0.0,0.0,3.23,0.0,9.68,0.0,6.45,19.35,3.23,1.6125
2.27,0.0,0.0,0.0,0.0,2.27,0.0,6.82,4.55,2.27,9.09,0.0,2.2725
0.0,4.55,0.0,4.55,0.0,22.73,0.0,13.64,18.18,0.0,0.0,0.0,2.2725
0.0,1.5,1.5,0.0,0.0,13.53,2.26,12.03,6.02,6.77,5.26,0.0,0.94
1.43,0.0,0.0,0.0,0.0,10.0,1.43,8.57,4.29,0.0,7.14,0.0,0.715
1.3,1.3,1.3,0.0,0.0,15.58,2.6,10.39,2.6,1.3,7.79,0.0,0.325
0.0,1.43,1.43,0.0,0.0,12.86,1.43,10.0,0.0,4.29,8.57,0.0,1.785
3.95,2.63,1.32,0.0,0.0,19.74,3.95,13.16,0.0,0.0,7.89,3.29,0.0
0.0,1.67,1.67,0.0,0.0,15.0,3.33,8.33,1.67,5.0,8.33,0.0,0.4175
1.49,2.99,2.99,0.0,0.0,20.9,5.97,4.48,1.49,2.99,8.96,0.745,0.3725
0.0,1.61,1.61,0.0,0.0,8.06,0.0,16.13,0.0,0.0,16.13,0.0,0.4025
2.3,3.45,2.3,0.0,0.0,21.84,5.75,12.64,0.0,0.0,9.2,0.575,0.575
2.56,2.56,1.28,0.0,0.0,12.82,2.56,6.41,1.28,5.13,7.69,0.0,0.6425000000000001
2.67,1.33,1.33,0.0,0.0,17.33,4.0,8.0,0.0,2.67,10.67,0.0,0.6675
1.75,7.02,2.63,2.63,0.88,14.04,1.75,11.4,1.75,0.0,7.89,1.755,0.43999999999999995
0.0,4.76,4.76,0.0,0.0,14.29,0.0,9.52,0.0,0.0,14.29,2.38,0.0
2.04,4.08,4.08,0.0,0.0,12.24,0.0,10.2,0.0,2.04,14.29,0.0,0.51
0.0,4.76,4.76,0.0,0.0,16.67,0.0,14.29,0.0,2.38,7.14,1.19,1.19
0.0,7.14,2.38,2.38,0.0,7.14,0.0,9.52,7.14,2.38,7.14,0.0,0.595
0.0,10.0,7.5,0.0,0.0,7.5,0.0,15.0,0.0,0.0,7.5,5.0,0.0
0.0,1.39,1.39,0.0,0.0,18.06,4.17,8.33,13.89,5.56,4.17,0.0,1.0425
0.0,3.51,3.51,0.0,0.0,14.04,1.75,8.77,7.02,1.75,7.02,0.0,0.4375
0.0,3.64,3.64,0.0,0.0,9.09,0.0,10.91,0.0,0.0,5.45,4.545,0.0
2.17,4.35,2.17,0.0,0.0,19.57,2.17,13.04,0.0,4.35,8.7,2.17,1.63
0.0,2.67,2.67,0.0,0.0,30.67,9.33,8.0,1.33,0.0,2.67,0.0,0.0
5.88,3.92,1.96,0.0,0.0,9.8,0.0,7.84,0.0,1.96,11.76,2.94,0.49
1.73,2.16,0.0,1.3,0.87,19.05,3.03,14.72,8.66,0.43,3.46,0.215,0.5425
3.03,1.01,1.01,0.0,0.0,21.21,4.04,5.05,3.03,2.02,8.08,0.0,0.7575000000000001
4.3,3.23,0.0,1.08,1.08,32.26,11.83,13.98,3.23,1.08,4.3,0.54,0.27
0.0,3.57,3.57,0.0,0.0,10.71,0.0,7.14,0.0,0.0,5.36,0.0,0.4475
0.0,3.64,3.64,0.0,0.0,12.73,0.0,9.09,0.0,0.0,5.45,0.0,0.0
2.33,4.65,4.65,0.0,0.0,4.65,0.0,4.65,0.0,2.33,4.65,0.0,0.0
1.72,1.72,1.72,0.0,0.0,8.62,1.72,8.62,0.0,1.72,12.07,0.0,0.43
0.0,3.45,1.72,0.0,0.0,5.17,0.0,8.62,1.72,6.9,17.24,1.72,0.43
3.7,1.85,1.85,0.0,0.0,9.26,1.85,12.96,1.85,5.56,3.7,0.0,0.4625
2.7,1.35,0.0,0.0,0.0,9.46,1.35,10.81,2.7,2.7,6.76,1.35,0.3375
6.52,2.17,2.17,0.0,0.0,15.22,0.0,15.22,0.0,0.0,8.7,0.0,0.5425
0.0,3.03,3.03,0.0,0.0,12.12,1.52,10.61,0.0,3.03,10.61,0.0,1.1375
2.6,1.3,1.3,0.0,0.0,10.39,0.0,10.39,0.0,3.9,9.09,0.0,0.325
0.0,1.35,1.35,0.0,0.0,16.22,1.35,9.46,1.35,1.35,16.22,0.0,1.35
1.92,0.0,0.0,0.0,0.0,11.54,1.92,9.62,5.77,5.77,3.85,0.0,0.48
0.45,0.9,0.9,0.0,0.0,19.28,2.69,1.35,7.62,4.04,8.07,0.0,1.01
1.02,0.51,0.0,0.51,0.0,17.86,6.12,7.65,5.1,7.14,10.71,0.51,0.255
1.12,1.12,0.56,0.56,0.0,10.06,1.12,5.59,5.03,4.47,4.47,0.28,0.42000000000000004
2.01,0.0,0.0,0.0,0.0,13.42,3.36,8.72,2.68,4.03,10.74,1.005,0.6699999999999999
0.0,0.0,0.0,0.0,0.0,16.78,4.9,2.8,11.89,3.5,1.4,0.0,0.175
0.0,0.82,0.82,0.0,0.0,10.66,1.64,8.2,13.11,0.0,20.49,0.0,1.4349999999999998
1.94,0.65,0.65,0.0,0.0,8.39,1.94,10.32,10.97,0.0,7.1,0.645,1.13
0.0,0.6,0.6,0.0,0.0,10.78,2.99,1.8,5.39,7.19,10.78,0.0,0.7475
0.0,0.56,0.56,0.0,0.0,17.78,4.44,0.0,4.44,3.33,2.22,0.28,-0.27749999999999997
0.0,0.0,0.0,0.0,0.0,13.53,2.94,3.53,8.24,1.18,4.12,0.0,1.175
3.57,0.71,0.0,0.0,0.0,18.57,7.86,7.86,7.14,3.57,8.57,1.43,1.4274999999999998
0.93,0.93,0.93,0.0,0.0,17.59,6.48,5.56,20.37,0.0,3.7,1.39,2.315
0.0,0.47,0.0,0.0,0.0,18.01,1.42,4.74,8.06,4.27,3.32,0.47,0.71
0.0,2.33,2.33,0.0,0.0,16.28,3.49,9.3,13.95,1.16,6.98,0.0,0.8725
0.0,0.0,0.0,0.0,0.0,5.17,1.72,10.34,1.72,6.9,17.24,0.86,1.2925
0.0,2.82,2.82,0.0,0.0,14.08,2.82,8.45,2.82,1.41,9.86,0.0,1.0575
3.75,2.5,1.25,0.0,0.0,15.0,1.25,7.5,3.75,5.0,7.5,0.0,1.25
1.14,2.27,2.27,0.0,0.0,14.77,2.27,6.82,2.27,4.55,11.36,0.0,1.705
0.0,8.89,6.67,2.22,0.0,31.11,11.11,6.67,4.44,0.0,6.67,0.0,-0.555
0.0,5.62,5.62,0.0,0.0,12.36,3.37,5.62,6.74,4.49,6.74,0.0,0.0
0.0,0.92,0.0,0.0,0.92,18.35,4.59,10.09,8.26,2.75,9.17,0.0,1.605
0.0,8.11,8.11,0.0,0.0,18.92,0.0,8.11,5.41,2.7,2.7,0.0,0.0
0.0,10.71,3.57,0.0,0.0,3.57,0.0,10.71,0.0,3.57,10.71,7.14,0.8925
2.7,2.7,2.7,0.0,0.0,5.41,0.0,5.41,5.41,8.11,16.22,0.0,2.7024999999999997
0.0,5.71,5.71,0.0,0.0,5.71,0.0,5.71,0.0,2.86,8.57,0.0,0.0
0.0,4.44,4.44,0.0,0.0,15.56,2.22,15.56,6.67,0.0,8.89,0.0,2.22
1.89,7.55,7.55,0.0,0.0,15.09,1.89,11.32,0.0,0.0,9.43,0.945,0.0
2.74,1.37,1.37,0.0,0.0,12.33,0.0,12.33,0.0,0.0,6.85,2.055,0.0
0.0,4.69,1.56,0.0,0.0,20.31,9.38,10.94,6.25,1.56,7.81,0.0,0.39
0.0,10.0,5.0,0.0,0.0,22.5,2.5,7.5,0.0,5.0,2.5,0.0,1.25
0.0,1.75,1.75,0.0,0.0,8.77,1.75,10.53,3.51,5.26,8.77,0.0,1.7525
5.56,8.33,2.78,0.0,2.78,22.22,0.0,16.67,0.0,0.0,2.78,1.39,0.0
0.0,4.26,4.26,0.0,0.0,6.38,0.0,12.77,4.26,2.13,6.38,2.13,1.065
0.0,3.13,3.13,0.0,0.0,6.25,0.0,12.5,0.0,9.38,3.13,0.0,2.345
0.0,4.31,3.45,0.0,0.0,12.93,0.0,12.07,4.31,1.72,3.45,0.86,1.51
1.3,3.9,3.9,0.0,0.0,19.48,3.9,6.49,0.0,0.0,7.79,0.0,0.325
0.0,4.84,3.23,0.0,0.0,20.97,9.68,9.68,3.23,0.0,1.61,0.805,0.0
0.0,0.0,0.0,0.0,0.0,20.37,12.96,5.56,0.0,0.0,3.7,0.0,0.0
5.13,0.0,0.0,0.0,0.0,2.56,0.0,7.69,2.56,0.0,7.69,0.0,0.64
0.0,5.26,0.0,0.0,0.0,15.79,10.53,10.53,0.0,0.0,5.26,0.0,0.0
0.0,2.56,2.56,0.0,0.0,12.82,2.56,10.26,0.0,0.0,5.13,0.0,0.0
0.0,0.0,0.0,0.0,0.0,8.33,2.78,5.56,2.78,0.0,5.56,0.0,0.695
3.03,0.0,0.0,0.0,0.0,3.03,0.0,18.18,12.12,0.0,6.06,0.0,2.2725
0.0,4.92,3.28,0.0,0.0,6.56,1.64,11.48,0.0,0.0,11.48,0.0,0.0
0.0,2.5,2.5,0.0,0.0,11.25,2.5,13.75,0.0,3.75,6.25,1.25,0.3125
0.0,6.67,3.33,0.0,0.0,11.67,3.33,10.0,0.0,0.0,6.67,0.835,0.4175
0.0,6.06,3.03,0.0,0.0,15.15,0.0,9.09,6.06,0.0,9.09,0.0,2.2725
0.0,1.72,1.72,0.0,0.0,6.9,1.72,13.79,0.0,0.0,12.07,0.0,0.0
0.0,11.76,5.88,0.0,0.0,5.88,0.0,17.65,0.0,0.0,5.88,5.88,0.0
0.0,5.88,2.94,0.0,0.0,23.53,2.94,8.82,0.0,0.0,2.94,1.47,0.0
0.0,1.75,1.75,0.0,0.0,19.3,5.26,9.65,8.77,0.0,5.26,0.0,0.44
1.56,4.69,1.56,0.0,0.0,10.94,4.69,10.94,3.13,3.13,12.5,3.91,1.1724999999999999
0.0,4.55,3.03,0.0,0.0,15.15,3.03,6.06,3.03,3.03,6.06,1.52,0.38
0.0,7.14,7.14,0.0,0.0,14.29,2.38,14.29,0.0,0.0,7.14,0.0,0.0
0.0,3.64,1.82,1.82,0.0,10.91,1.82,9.09,3.64,3.64,3.64,0.0,0.455
0.0,5.75,3.45,0.0,2.3,17.24,1.15,14.94,6.9,2.3,2.3,0.0,1.4375
1.55,3.1,2.33,0.0,0.78,29.46,3.1,17.05,5.43,0.78,3.1,0.39,0.5825
0.7,2.1,0.7,0.0,0.0,9.79,2.8,12.59,10.49,0.0,4.9,1.0499999999999998,1.75
1.41,4.23,2.82,0.0,0.0,9.86,1.41,14.08,8.45,0.0,4.23,0.0,1.7625000000000002
0.0,6.25,1.25,5.0,0.0,21.25,3.75,16.25,12.5,0.0,6.25,0.0,0.625
1.23,3.7,1.23,0.0,1.23,19.75,6.17,17.28,3.7,2.47,4.94,0.0,0.3075
1.82,5.45,1.82,0.0,3.64,9.09,0.0,14.55,0.0,0.0,7.27,1.82,0.0
0.0,3.33,3.33,0.0,0.0,15.0,1.67,16.67,8.33,0.0,6.67,0.0,0.4175
0.0,1.37,0.0,0.0,0.0,12.33,1.37,9.59,0.0,0.0,5.48,1.37,0.0
0.0,2.86,0.0,1.43,0.0,4.29,1.43,8.57,5.71,0.0,7.14,0.715,0.0
6.06,3.03,3.03,0.0,0.0,24.24,9.09,6.06,0.0,0.0,12.12,0.0,0.0
2.86,2.86,1.43,0.0,0.0,18.57,1.43,11.43,5.71,0.0,8.57,0.0,0.715
0.0,4.26,4.26,0.0,0.0,12.77,2.13,8.51,0.0,0.0,8.51,1.065,0.0
0.0,4.86,2.16,0.0,0.0,14.05,2.7,9.19,12.97,3.24,3.24,0.0,0.27
0.0,1.28,1.28,0.0,0.0,6.41,0.0,3.85,10.26,7.69,2.56,0.0,0.9625
0.0,6.9,6.9,0.0,0.0,20.69,3.45,5.17,0.0,1.72,10.34,0.0,1.2925
0.0,1.89,1.89,0.0,0.0,1.89,0.0,5.66,0.0,5.66,13.21,0.0,1.8875
0.0,0.0,0.0,0.0,0.0,17.5,2.5,5.0,7.5,7.5,7.5,0.0,1.875
0.0,1.87,0.0,0.0,0.93,6.54,0.93,9.35,20.56,0.93,3.74,2.805,2.5700000000000003
1.23,7.41,2.47,1.23,0.0,14.81,6.17,12.35,9.88,1.23,4.94,0.0,0.0
0.0,1.77,0.0,0.88,0.0,14.16,1.77,9.73,12.39,0.88,5.31,0.88,0.0
0.79,3.97,1.59,0.0,0.79,19.05,5.56,8.73,3.17,4.76,10.32,1.19,0.0
0.0,1.65,0.0,0.0,0.0,15.7,1.65,12.4,13.22,0.0,0.83,1.655,1.86
0.0,2.94,1.47,0.0,1.47,29.41,5.88,10.29,1.47,1.47,5.88,0.0,0.735
0.0,4.0,4.0,0.0,0.0,9.33,0.0,1.33,4.0,6.67,6.67,0.0,0.3325
0.0,3.9,2.6,0.0,0.0,19.48,2.6,6.49,3.9,1.3,5.19,0.0,0.325
0.0,4.26,4.26,0.0,0.0,21.28,0.0,6.38,0.0,2.13,12.77,0.0,1.595
0.0,4.92,3.28,0.0,0.0,13.11,0.0,8.2,0.0,4.92,11.48,1.64,0.82
0.0,0.85,0.0,0.0,0.85,20.51,5.13,11.97,5.13,2.56,5.98,0.0,1.2825
3.15,0.0,0.0,0.0,0.0,14.96,3.15,12.6,11.81,1.57,9.45,0.0,1.965
0.0,2.67,1.33,0.0,0.0,20.0,2.67,13.33,2.67,1.33,2.67,1.33,1.665
2.63,2.63,1.32,1.32,0.0,15.79,0.0,15.79,6.58,1.32,2.63,0.0,0.33
1.04,0.0,0.0,0.0,0.0,12.5,3.13,9.38,2.08,2.08,3.13,0.0,0.26
4.26,2.13,2.13,0.0,0.0,12.77,0.0,14.89,2.13,0.0,8.51,0.0,0.5325
0.0,6.58,2.63,0.0,0.0,14.47,1.32,9.21,5.26,2.63,2.63,0.66,0.33000000000000007
0.0,7.14,3.57,0.0,0.0,10.71,0.0,12.5,7.14,1.79,8.93,3.57,0.4475
0.0,3.09,2.06,0.0,0.0,13.4,3.09,11.34,11.34,1.03,5.15,1.545,0.2575
0.0,4.92,1.64,0.0,1.64,18.03,4.92,11.48,3.28,1.64,4.92,0.82,0.0
0.0,8.77,3.51,5.26,0.0,21.05,0.0,8.77,10.53,0.0,5.26,0.0,-0.43999999999999995
0.0,6.98,6.98,0.0,0.0,23.26,2.33,11.63,0.0,0.0,2.33,0.0,0.0
0.0,6.56,3.28,0.0,0.0,8.2,0.0,11.48,0.0,4.92,13.11,3.28,0.82
0.0,2.56,0.0,0.0,0.0,17.95,5.13,5.13,0.0,5.13,15.38,0.0,1.2825
2.5,3.75,1.25,0.0,0.0,17.5,1.25,13.75,7.5,3.75,5.0,0.0,1.5625
0.0,6.58,2.63,2.63,0.0,13.16,2.63,15.79,9.21,7.89,7.89,0.0,1.6424999999999998
0.0,1.71,0.0,1.71,0.0,17.95,4.27,11.11,9.4,3.42,5.13,0.0,1.0675000000000001
0.0,1.37,0.0,1.37,0.0,15.07,0.0,6.85,2.74,4.11,9.59,0.0,0.685
0.0,1.39,0.0,0.0,0.0,16.67,1.39,9.72,5.56,2.78,6.94,0.0,0.695
0.0,0.0,0.0,0.0,0.0,11.59,1.45,8.7,0.0,2.9,15.94,0.0,0.3625
2.13,4.26,4.26,0.0,0.0,4.26,0.0,10.64,2.13,0.0,10.64,0.0,0.0
0.0,0.0,0.0,0.0,0.0,7.69,0.0,7.69,2.56,0.0,7.69,0.0,1.28
3.57,0.0,0.0,0.0,0.0,25.0,7.14,3.57,7.14,10.71,10.71,0.0,0.8925
2.38,1.19,0.0,0.0,0.0,7.14,0.0,14.29,7.14,0.0,9.52,1.19,1.785
1.19,0.0,0.0,0.0,0.0,7.14,1.19,14.29,3.57,0.0,7.14,0.0,1.4874999999999998
0.0,0.0,0.0,0.0,0.0,17.91,0.0,8.96,8.96,1.49,7.46,0.0,1.8675000000000002
0.0,1.82,1.82,0.0,0.0,16.36,1.82,10.91,7.27,3.64,7.27,0.0,0.91
2.94,0.0,0.0,0.0,0.0,8.82,0.0,14.71,0.0,2.94,17.65,0.0,0.735
1.37,4.11,1.37,0.0,0.0,12.33,0.0,16.44,0.0,2.74,9.59,4.11,1.37
0.0,4.62,0.0,0.0,0.0,10.77,1.54,10.77,4.62,4.62,9.23,3.08,0.0
1.72,3.45,1.72,0.0,0.0,6.9,0.0,10.34,1.72,3.45,12.07,5.17,0.0
2.7,2.7,2.7,0.0,0.0,10.81,0.0,8.11,0.0,0.0,13.51,0.0,0.675
8.33,1.67,0.0,0.0,0.0,13.33,0.0,10.0,0.0,1.67,15.0,1.67,0.4175
8.33,2.78,2.78,0.0,0.0,5.56,0.0,8.33,0.0,0.0,22.22,0.0,0.0
0.0,4.76,0.0,0.0,0.0,7.14,0.0,14.29,4.76,9.52,7.14,0.0,1.19
0.0,9.3,6.98,0.0,0.0,16.28,4.65,6.98,0.0,2.33,11.63,2.33,0.5825
0.0,2.83,2.83,0.0,0.0,10.38,0.0,9.43,4.72,0.0,2.83,0.0,0.0
0.0,5.33,5.33,0.0,0.0,17.33,10.67,12.0,1.33,0.0,9.33,0.0,0.0
0.0,4.76,0.0,4.76,0.0,5.71,0.95,6.67,13.33,0.0,4.76,0.0,0.2375
0.0,7.14,1.43,0.0,0.0,12.86,0.0,14.29,0.0,2.86,8.57,4.285,0.715
1.45,4.35,0.0,0.0,0.0,14.49,5.8,7.25,0.0,2.9,4.35,6.5200000000000005,1.8125
0.0,6.74,2.25,4.49,0.0,15.73,0.0,7.87,7.87,4.49,4.49,0.0,0.8425
0.0,2.82,2.82,0.0,0.0,11.27,1.41,5.63,0.0,0.0,8.45,0.0,0.0
0.0,6.33,1.27,2.53,0.0,13.92,2.53,3.8,6.33,0.0,12.66,1.9,-0.6325
0.0,4.29,0.0,2.86,0.0,10.0,1.43,5.71,8.57,1.43,10.0,0.0,0.3575
5.0,6.67,0.0,0.0,6.67,18.33,3.33,8.33,1.67,3.33,8.33,0.835,0.4175
2.27,4.55,4.55,0.0,0.0,18.18,11.36,11.36,2.27,0.0,9.09,0.0,0.0
0.84,3.36,0.84,1.68,0.0,11.76,2.52,11.76,6.72,0.0,8.4,0.0,0.21000000000000002
0.0,0.0,0.0,0.0,0.0,30.19,1.89,11.32,3.77,9.43,7.55,0.0,0.4725
0.0,3.48,3.48,0.0,0.0,23.48,3.48,11.3,0.87,1.74,7.83,0.0,0.6525
0.0,5.06,1.9,1.27,1.9,19.62,2.53,11.39,3.8,1.9,6.96,0.0,0.31499999999999995
0.0,1.82,1.82,0.0,0.0,20.0,7.27,7.27,3.64,0.0,9.09,0.0,0.0
0.0,3.85,2.56,1.28,0.0,29.49,3.85,10.26,7.69,1.28,0.0,0.0,0.64
4.11,1.37,1.37,0.0,0.0,9.59,4.11,5.48,1.37,0.0,13.7,0.0,0.0
0.0,5.45,5.45,0.0,0.0,9.09,1.82,10.91,0.0,5.45,7.27,0.0,0.455
0.0,2.2,2.2,0.0,0.0,18.68,1.1,8.79,9.89,1.1,7.69,0.0,0.0
1.19,1.19,0.0,1.19,0.0,17.86,3.57,5.95,4.76,10.71,3.57,0.0,1.19
0.0,4.48,2.99,0.0,0.0,5.97,0.0,10.45,0.0,0.0,10.45,1.49,0.3725
0.0,3.06,2.04,1.02,0.0,7.14,1.02,12.24,5.1,1.02,11.22,0.0,0.0
0.0,3.96,0.99,0.0,0.0,10.89,1.98,10.89,1.98,2.97,10.89,2.475,0.99
1.65,3.31,0.83,0.0,0.0,14.88,4.13,11.57,7.44,5.79,7.44,1.65,3.515
0.0,4.35,0.0,0.0,0.0,9.78,1.09,8.7,6.52,6.52,6.52,0.545,1.9024999999999999
2.13,5.32,1.06,0.0,1.06,23.4,6.38,15.96,0.0,2.13,10.64,3.19,1.33
0.0,2.59,0.0,0.0,0.86,12.07,2.59,13.79,3.45,4.31,7.76,0.86,1.2925
4.62,1.54,0.0,0.0,0.0,13.08,0.77,11.54,0.77,0.77,10.0,1.925,0.0
0.0,3.13,2.08,0.0,0.0,6.25,0.0,6.25,3.13,1.04,10.42,1.56,0.52
0.0,0.93,0.93,0.0,0.0,8.33,0.0,6.48,6.48,0.93,12.96,0.0,0.2325
2.61,0.65,0.65,0.0,0.0,15.69,2.61,7.19,5.23,3.92,9.15,0.98,0.8175
0.67,4.67,1.0,0.0,0.0,17.67,4.67,3.67,18.0,3.33,3.67,0.0,-0.33499999999999996
0.63,1.26,1.26,0.0,0.0,8.81,0.63,9.43,10.69,4.4,3.14,0.0,0.47250000000000003
0.0,1.21,1.21,0.0,0.0,16.6,4.45,5.67,10.93,6.88,6.88,0.0,1.3125
1.64,0.0,0.0,0.0,0.0,8.2,0.0,13.11,6.56,1.64,8.2,0.0,0.82
0.0,2.24,1.35,0.0,0.0,16.14,2.69,7.17,9.87,2.69,4.93,0.9,1.12
0.51,2.55,2.55,0.0,0.0,10.2,1.02,7.14,4.59,8.16,10.2,0.0,1.785
0.0,4.17,4.17,0.0,0.0,13.89,1.39,12.5,2.78,6.94,9.72,0.0,0.3475
1.32,3.51,2.19,0.88,0.0,17.98,3.95,9.21,4.39,0.88,9.65,0.22,0.66
0.0,2.26,1.5,0.0,0.0,21.05,3.01,10.53,6.02,1.5,6.02,0.0,0.94
0.0,2.52,1.68,0.0,0.0,10.08,2.52,6.72,3.36,5.04,11.76,0.0,1.05
2.38,2.38,2.38,0.0,0.0,19.05,0.0,2.38,4.76,4.76,11.9,0.0,0.0
3.03,3.03,3.03,0.0,0.0,19.7,4.55,9.09,0.0,3.03,7.58,0.0,0.38
5.66,0.0,0.0,0.0,0.0,13.21,0.0,7.55,0.0,5.66,9.43,0.0,1.415
0.93,0.0,0.0,0.0,0.0,22.22,11.11,6.48,0.0,4.63,6.48,0.0,1.39
0.0,3.33,2.22,1.11,0.0,12.22,4.44,7.78,10.0,3.33,7.78,0.0,0.0
0.0,6.45,1.61,3.23,0.0,11.29,0.0,11.29,0.0,1.61,9.68,1.615,0.4025
0.0,0.0,0.0,0.0,0.0,24.19,0.0,12.9,4.84,0.0,3.23,0.0,1.6125
0.0,1.85,1.85,0.0,0.0,18.52,3.7,5.56,0.0,7.41,9.26,0.0,1.39
0.0,2.63,0.0,0.0,0.0,18.42,0.0,5.26,7.89,2.63,5.26,0.0,0.0
0.0,2.0,2.0,0.0,0.0,28.0,2.0,4.0,4.0,2.0,8.0,0.0,0.5
3.28,1.64,1.64,0.0,0.0,16.39,6.56,9.84,1.64,3.28,13.11,0.0,1.23
1.32,0.66,0.66,0.0,0.0,9.93,3.97,5.3,3.97,0.0,13.25,0.0,0.165
0.88,1.32,0.44,0.0,0.0,15.35,3.95,8.33,3.95,2.63,9.21,0.0,0.33
1.03,2.07,1.38,0.0,0.69,14.48,5.17,8.28,6.21,4.14,4.14,0.345,0.8599999999999999
0.84,0.28,0.0,0.0,0.28,26.12,9.83,8.15,4.78,1.12,8.15,0.14,1.1225
0.0,4.55,4.55,0.0,0.0,19.7,1.52,10.61,0.0,0.0,6.06,0.0,0.0
1.64,1.64,0.0,0.0,0.0,27.87,6.56,14.75,1.64,1.64,4.92,0.0,0.41
0.0,0.0,0.0,0.0,0.0,15.58,2.6,10.39,0.0,5.19,10.39,0.0,1.6225
0.0,0.0,0.0,0.0,0.0,6.58,1.32,14.47,0.0,2.63,7.89,0.0,0.33
1.23,2.47,2.47,0.0,0.0,12.35,3.7,8.64,0.0,3.7,8.64,0.0,0.925
0.0,2.15,2.15,0.0,0.0,22.58,5.38,10.75,1.08,0.0,6.45,0.0,0.5375
1.41,1.41,1.41,0.0,0.0,14.08,1.41,11.27,1.41,5.63,21.13,1.41,0.7050000000000001
2.27,4.55,0.0,0.0,0.0,15.91,2.27,11.36,6.82,0.0,2.27,0.0,0.5675
0.0,1.3,1.3,0.0,0.0,29.87,2.6,7.79,1.3,0.0,2.6,0.65,1.3
0.0,5.13,5.13,0.0,0.0,12.82,5.13,7.69,5.13,2.56,10.26,0.0,0.64
0.0,1.52,1.52,0.0,0.0,16.67,3.03,3.03,4.55,4.55,9.09,0.0,0.0
2.3,2.3,2.3,0.0,0.0,11.49,3.45,9.2,5.75,1.15,5.75,0.0,1.4375
0.0,8.11,8.11,0.0,0.0,17.57,2.7,17.57,0.0,1.35,12.16,0.0,0.675
0.0,3.74,3.74,0.0,0.0,14.95,2.8,11.21,9.35,3.74,8.41,0.0,0.2325
0.47,2.84,2.84,0.0,0.0,18.96,3.32,4.74,5.69,1.42,9.95,0.0,0.5925
0.0,4.94,4.94,0.0,0.0,19.75,4.94,6.17,0.0,3.7,12.35,0.0,0.3075
0.0,1.23,0.92,0.0,0.0,20.0,5.23,5.54,8.62,4.62,4.92,0.0,1.3875
1.25,3.13,1.88,0.0,1.25,17.5,2.5,8.75,7.5,0.63,5.0,0.0,1.095
1.03,3.09,2.06,0.0,0.0,18.56,3.09,11.34,3.09,1.03,9.28,1.03,0.7725
0.0,5.0,5.0,0.0,0.0,16.67,1.67,8.33,3.33,3.33,6.67,0.0,0.4175
1.54,3.08,3.08,0.0,0.0,16.92,0.0,15.38,0.0,3.08,12.31,0.0,1.9225
0.0,1.61,1.61,0.0,0.0,8.06,1.61,6.45,0.0,0.0,8.06,3.225,0.0
2.94,4.41,4.41,0.0,0.0,17.65,2.94,11.76,1.47,0.0,5.88,0.0,0.3675
0.0,3.7,3.7,0.0,0.0,7.41,1.85,3.7,0.0,9.26,12.96,0.0,1.39
0.0,1.67,0.0,0.0,0.0,15.0,1.67,6.67,15.0,0.0,10.0,0.0,-0.4175
0.0,6.25,3.13,0.0,0.0,12.5,1.56,6.25,9.38,0.0,10.94,0.0,-0.7825
0.0,5.63,1.41,0.0,0.0,16.9,2.82,2.82,8.45,0.0,8.45,2.82,-0.3525
0.0,3.33,1.67,0.0,0.0,15.0,0.0,10.0,6.67,5.0,5.0,0.0,0.0
0.0,5.71,2.86,0.0,0.0,12.86,2.86,4.29,18.57,1.43,4.29,0.0,0.0
0.0,7.32,7.32,0.0,0.0,14.63,4.88,2.44,0.0,0.0,12.2,0.0,0.0
0.0,6.78,3.39,0.0,3.39,23.73,1.69,10.17,0.0,0.0,6.78,0.0,0.0
0.0,6.41,1.28,0.0,1.28,15.38,1.28,5.13,11.54,0.0,3.85,3.85,1.2825
0.0,7.14,7.14,0.0,0.0,14.29,2.38,4.76,4.76,0.0,9.52,0.0,0.595
8.51,2.13,2.13,0.0,0.0,8.51,2.13,10.64,2.13,2.13,8.51,0.0,0.0
0.0,4.44,4.44,0.0,0.0,20.0,3.33,11.11,0.0,2.22,8.89,0.0,0.555
0.0,10.61,4.55,3.03,1.52,15.15,1.52,9.09,3.03,0.0,6.06,0.76,-0.38
2.04,2.04,1.02,0.0,0.0,7.14,1.02,8.16,9.18,0.0,8.16,0.0,0.51
1.64,3.28,3.28,0.0,0.0,19.67,3.28,8.2,0.0,0.0,13.11,0.0,0.0
0.0,6.06,1.52,3.03,0.0,18.18,6.06,10.61,1.52,0.0,9.09,0.0,0.0
0.0,6.25,3.13,3.13,0.0,14.06,3.13,7.81,3.13,0.0,3.13,0.0,0.0
0.0,5.88,4.41,0.0,1.47,17.65,4.41,5.88,4.41,1.47,7.35,0.0,0.735
0.0,8.2,6.56,0.0,0.0,24.59,3.28,8.2,9.84,1.64,0.0,0.0,0.41
0.0,4.35,4.35,0.0,0.0,23.19,2.9,11.59,4.35,1.45,1.45,0.0,0.725
0.0,6.33,5.06,0.0,0.0,13.92,2.53,10.13,6.33,2.53,12.66,0.0,0.31499999999999995
0.0,2.33,1.33,1.0,0.0,7.97,1.33,10.3,9.97,2.33,6.98,0.995,0.41500000000000004
0.0,0.65,0.0,0.0,0.0,8.5,1.31,11.11,0.0,3.27,10.46,0.65,0.8175
0.0,3.39,0.0,0.0,0.0,16.95,5.93,10.17,0.0,3.39,9.32,2.965,0.8475
0.0,0.96,0.0,0.0,0.0,5.77,1.92,5.77,0.0,10.58,9.62,0.48,0.9625
0.0,2.13,2.13,0.0,0.0,8.51,3.19,11.7,5.32,2.13,7.45,0.0,0.5325
1.27,2.53,2.53,0.0,0.0,10.13,2.53,7.59,12.66,0.0,11.39,0.0,0.6325
1.61,3.23,3.23,0.0,0.0,14.52,1.61,11.29,8.06,1.61,8.06,0.0,1.21
0.0,1.89,1.89,0.0,0.0,10.38,4.72,10.38,2.83,0.94,8.49,0.47,0.235
0.0,0.82,0.0,0.0,0.0,14.75,3.28,12.3,6.56,6.56,0.82,0.82,2.05
0.0,0.0,0.0,0.0,0.0,0.0,0.0,8.11,0.0,8.11,9.46,0.675,0.675
0.0,1.69,1.69,0.0,0.0,8.47,2.54,9.32,0.85,1.69,5.93,0.0,0.2125
0.0,4.22,2.41,0.6,0.6,20.48,1.81,11.45,0.6,0.6,10.84,0.3,0.3025
0.0,3.92,0.98,2.94,0.0,8.82,0.98,9.8,1.96,0.0,6.86,0.49,-0.49
0.0,5.97,5.97,0.0,0.0,13.43,1.49,11.94,4.48,2.99,5.97,0.0,0.745
0.52,1.05,1.05,0.0,0.0,14.14,1.05,8.38,0.52,2.09,7.85,1.83,0.3925
0.0,4.69,3.13,0.0,1.56,25.0,7.81,9.38,1.56,0.0,10.94,0.0,0.78
0.0,2.1,0.3,0.9,0.0,12.01,1.8,10.51,2.1,1.8,8.11,1.05,0.07499999999999998
0.56,2.82,0.56,1.69,0.0,12.43,1.69,11.3,5.65,0.56,9.04,0.565,0.845
0.0,1.75,0.0,0.88,0.0,8.77,0.88,9.65,0.88,1.75,14.04,1.755,0.4375
2.13,4.26,2.13,2.13,0.0,21.28,8.51,10.64,2.13,0.0,4.26,0.0,-0.5325
0.0,4.76,3.17,0.0,0.0,9.52,0.0,12.7,4.76,0.0,11.11,0.795,0.795
0.0,2.33,2.33,0.0,0.0,9.3,0.0,11.63,4.65,2.33,13.95,0.0,0.0
1.64,1.64,0.0,0.0,0.0,13.11,0.0,9.84,1.64,6.56,11.48,1.64,2.05
0.0,4.92,0.0,1.64,3.28,9.84,0.0,14.75,13.11,1.64,4.92,0.0,1.23
0.0,1.54,0.0,0.0,0.0,10.77,3.08,9.23,7.69,0.0,4.62,0.0,0.0
0.0,2.8,1.87,0.0,0.93,14.95,1.87,6.54,8.41,4.67,14.95,0.0,0.4675
0.0,2.33,2.33,0.0,0.0,6.98,0.0,5.81,2.33,4.65,17.44,0.0,0.8725
0.0,0.0,0.0,0.0,0.0,13.64,2.27,10.23,14.77,2.27,5.68,0.0,2.8375
0.0,2.63,1.32,0.0,0.0,6.58,1.32,9.21,5.26,3.95,13.16,1.32,1.975
0.0,1.41,1.41,0.0,0.0,14.08,0.0,8.45,2.82,7.04,9.86,0.0,1.76
0.0,2.8,0.0,0.0,0.0,8.41,0.93,13.08,4.67,2.8,5.61,1.87,0.9325000000000001
0.0,7.04,1.41,1.41,0.0,7.04,1.41,12.68,15.49,0.0,7.04,0.0,1.0575
0.0,1.54,0.0,0.0,1.54,21.54,0.0,10.77,6.15,4.62,4.62,0.0,1.54
0.0,9.8,9.8,0.0,0.0,7.84,0.0,11.76,3.92,5.88,7.84,0.0,0.0
0.0,5.13,3.85,0.0,0.0,19.23,2.56,11.54,11.54,5.13,8.97,0.0,0.9625
0.0,8.33,8.33,0.0,0.0,8.33,0.0,8.33,12.5,4.17,12.5,0.0,2.0825
0.0,2.63,1.32,0.0,0.0,11.84,1.32,11.84,1.32,1.32,9.21,1.32,0.0
0.0,1.49,1.49,0.0,0.0,11.94,1.49,11.94,4.48,1.49,8.96,0.0,1.4925000000000002
0.0,1.61,1.61,0.0,0.0,6.45,0.0,8.06,4.84,9.68,9.68,0.0,3.225
0.0,5.56,5.56,0.0,0.0,19.44,2.78,9.72,8.33,2.78,4.17,0.0,0.0
0.0,3.23,3.23,0.0,0.0,16.13,0.0,9.68,0.0,4.84,9.68,0.0,2.015
0.0,3.88,3.88,0.0,0.0,22.33,2.91,13.59,12.62,3.88,2.91,0.0,0.7275
2.5,5.0,5.0,0.0,0.0,7.5,0.0,15.0,0.0,2.5,2.5,0.0,0.625
0.0,6.98,6.98,0.0,0.0,18.6,0.0,9.3,6.98,2.33,2.33,0.0,0.0
1.64,6.56,6.56,0.0,0.0,14.75,1.64,14.75,1.64,1.64,4.92,0.0,0.41
0.0,4.69,4.69,0.0,0.0,20.31,3.13,10.94,1.56,7.81,3.13,0.0,1.9525
0.0,1.72,1.72,0.0,0.0,13.79,0.0,13.79,0.0,8.62,10.34,0.0,2.155
4.44,2.22,2.22,0.0,0.0,15.56,0.0,17.78,2.22,4.44,11.11,0.0,0.555
0.0,0.0,0.0,0.0,0.0,3.23,0.0,11.29,0.0,3.23,8.06,0.805,0.4025
0.0,4.3,0.0,1.08,2.15,8.6,0.0,10.75,8.6,2.15,5.38,0.0,1.0749999999999997
3.03,1.01,0.0,0.0,0.0,13.13,1.01,15.15,4.04,3.03,9.09,2.02,1.01
5.08,0.0,0.0,0.0,0.0,15.25,1.69,10.17,1.69,1.69,8.47,0.0,0.42500000000000004
0.0,6.15,0.0,0.0,3.08,7.69,0.0,10.77,3.08,1.54,12.31,2.31,1.155
1.52,0.0,0.0,0.0,0.0,18.18,3.03,12.12,4.55,3.03,9.09,0.0,0.7575
1.09,0.0,0.0,0.0,0.0,16.3,1.09,8.7,3.26,2.17,14.13,0.0,0.815
1.54,0.0,0.0,0.0,0.0,10.77,0.0,6.15,4.62,6.15,15.38,0.0,0.385
2.38,0.0,0.0,0.0,0.0,10.71,1.19,9.52,3.57,3.57,8.33,0.0,0.595
0.95,0.0,0.0,0.0,0.0,4.76,0.0,8.57,7.62,0.0,5.71,0.0,1.19
2.33,0.0,0.0,0.0,0.0,9.3,2.33,9.3,0.0,2.33,9.3,0.0,0.29
0.0,0.82,0.82,0.0,0.0,10.66,0.0,5.74,12.3,3.28,5.74,0.41,2.255
1.64,0.0,0.0,0.0,0.0,5.74,0.0,4.92,9.02,3.28,9.02,0.0,0.82
1.22,0.0,0.0,0.0,0.0,4.88,1.22,6.1,1.22,2.44,14.63,0.0,0.305
0.0,3.51,3.51,0.0,0.0,21.05,3.51,5.26,3.51,1.75,5.26,0.0,0.8775
0.0,5.63,5.63,0.0,0.0,16.9,2.82,14.08,0.0,0.0,15.49,1.41,0.0
0.0,3.08,3.08,0.0,0.0,16.92,3.08,10.77,0.0,0.0,12.31,0.0,0.385
0.0,5.26,5.26,0.0,0.0,8.77,0.0,10.53,1.75,5.26,8.77,0.0,1.7525
0.0,8.33,6.25,0.0,0.0,16.67,4.17,10.42,8.33,4.17,4.17,0.0,0.52
0.0,2.99,2.99,0.0,0.0,13.43,0.0,7.46,1.49,5.97,10.45,0.0,0.3725
0.0,2.91,2.91,0.0,0.0,5.83,0.97,7.77,0.0,2.91,13.59,0.0,0.485
2.44,0.0,0.0,0.0,0.0,4.88,0.0,7.32,1.22,1.22,9.76,0.0,0.915
0.0,1.49,1.49,0.0,0.0,10.45,2.99,8.96,4.48,5.97,5.97,0.0,0.3725
1.16,3.49,1.16,2.33,0.0,10.47,2.33,5.81,6.98,2.33,12.79,0.0,-0.0025000000000000577
0.0,2.25,2.25,0.0,0.0,13.48,4.49,5.62,1.12,0.0,3.37,0.0,0.0
0.0,3.16,3.16,0.0,0.0,12.63,3.16,8.42,13.68,4.21,11.58,0.0,1.055
1.74,2.61,2.61,0.0,0.0,10.43,1.74,7.83,3.48,3.48,9.57,0.0,0.435
0.0,5.68,3.41,2.27,0.0,15.91,3.41,12.5,3.41,2.27,5.68,0.0,-0.5675
0.0,6.12,3.06,0.0,0.0,7.14,0.0,7.14,2.04,2.04,4.08,3.06,0.0
0.0,7.14,7.14,0.0,0.0,21.43,3.57,14.29,10.71,0.0,7.14,0.0,0.8925
0.0,5.88,2.94,2.94,0.0,23.53,0.0,8.82,8.82,0.0,5.88,0.0,0.0
0.0,3.13,2.08,1.04,0.0,10.42,2.08,14.58,8.33,2.08,5.21,0.0,-0.26
0.0,3.51,1.75,0.0,0.0,19.3,7.02,12.28,1.75,5.26,7.02,0.0,1.315
0.0,9.62,1.92,5.77,0.0,13.46,1.92,13.46,7.69,0.0,3.85,0.0,0.9625
0.0,5.08,1.69,0.0,1.69,18.64,0.0,11.86,5.08,0.0,6.78,2.54,1.27
0.0,1.49,1.49,0.0,0.0,16.42,0.0,14.93,1.49,4.48,14.93,0.0,1.865
0.0,3.77,3.77,0.0,0.0,15.09,0.0,7.55,0.0,7.55,7.55,0.0,2.3575
0.0,3.85,2.56,0.0,0.0,11.54,2.56,10.26,0.0,3.85,11.54,0.64,0.64
0.0,4.29,0.0,0.0,0.0,11.43,2.86,12.86,1.43,0.0,10.0,5.0,0.0
0.0,0.0,0.0,0.0,0.0,17.65,2.94,8.82,17.65,10.29,7.35,0.0,2.94
0.51,2.05,2.05,0.0,0.0,25.13,3.59,7.18,5.13,1.54,3.59,0.0,0.0
2.86,2.86,2.86,0.0,0.0,8.57,2.86,11.43,8.57,2.86,2.86,0.0,0.715
0.0,5.63,2.82,0.0,0.0,9.86,0.0,14.08,1.41,1.41,7.04,4.225,0.3525
1.52,4.55,3.03,0.0,1.52,15.15,0.0,6.06,3.03,3.03,9.09,0.0,0.7575
0.0,4.71,3.53,0.0,0.0,15.29,1.18,9.41,2.35,4.71,8.24,1.18,1.1775
0.0,3.75,3.75,0.0,0.0,30.0,3.75,8.75,1.25,2.5,8.75,0.0,2.5
0.0,6.38,0.0,0.0,0.0,12.77,4.26,6.38,4.26,2.13,6.38,3.195,0.0
3.66,1.22,1.22,0.0,0.0,15.85,2.44,12.2,6.1,0.0,8.54,0.0,0.61
5.56,1.85,1.85,0.0,0.0,11.11,1.85,7.41,12.96,1.85,11.11,0.0,1.3875000000000002
0.0,3.92,1.96,1.96,0.0,19.61,3.92,9.8,1.96,1.96,5.88,0.0,-0.49
1.39,4.17,2.78,1.39,0.0,15.28,4.17,8.33,6.94,2.78,11.11,0.0,0.3475
5.63,1.41,1.41,0.0,0.0,7.04,2.82,12.68,5.63,1.41,18.31,0.0,1.4100000000000001
0.0,1.06,0.0,1.06,0.0,7.45,1.06,11.7,1.06,5.32,14.89,0.0,1.595
0.0,3.08,3.08,0.0,0.0,16.92,1.54,9.23,0.0,4.62,12.31,0.0,1.155
0.0,5.13,3.85,0.0,0.0,21.79,1.28,14.1,0.0,1.28,6.41,1.28,0.0
1.9,3.81,3.81,0.0,0.0,15.24,2.86,11.43,11.43,0.0,8.57,0.0,1.905
0.94,2.83,1.89,0.0,0.94,22.64,4.72,12.26,7.55,0.0,3.77,0.0,1.415
2.83,2.83,1.89,0.0,0.0,12.26,0.0,10.38,0.0,0.94,16.04,0.94,0.235
0.0,4.81,4.81,0.0,0.0,21.15,7.69,11.54,1.92,1.92,6.73,0.0,1.2
0.0,7.89,6.58,0.0,0.0,26.32,11.84,11.84,2.63,1.32,5.26,0.66,0.0
0.0,3.94,2.36,0.0,0.0,14.17,1.57,9.45,4.72,5.51,7.87,0.785,1.575
1.18,3.53,3.53,0.0,0.0,10.59,1.18,12.94,0.0,8.24,10.59,0.0,2.06
2.38,5.95,3.57,0.0,1.19,22.62,1.19,13.1,1.19,2.38,9.52,0.595,0.2975
0.0,3.62,2.9,0.0,0.0,21.01,6.52,8.7,1.45,2.9,12.32,0.72,0.905
0.0,1.18,1.18,0.0,0.0,27.06,9.41,8.24,5.88,4.71,4.71,0.0,0.8825
0.0,2.29,2.29,0.0,0.0,12.21,1.53,6.11,1.53,5.34,11.45,0.38,0.955
