llm_posemo,llm_negemo,llm_anxiety,llm_anger,llm_sadness,llm_cogproc,llm_tentativeness,llm_self_focus,llm_social,llm_work,llm_time_pressure,llm_somatic,llm_coping
0.05,0.22,0.18,0.0,0.0,0.34,0.42,0.62,0.0,0.88,0.38,0.18,0.22
0.32,0.48,0.18,0.12,0.03,0.34,0.3,0.72,0.22,0.62,0.28,0.22,0.4
0.34,0.22,0.06,0.0,0.0,0.18,0.22,0.86,0.0,0.55,0.12,0.42,0.38
0.62,0.28,0.22,0.0,0.0,0.12,0.18,0.72,0.08,0.34,0.06,0.24,0.58
0.22,0.18,0.05,0.06,0.04,0.1,0.12,0.78,0.06,0.28,0.06,0.42,0.24
0.34,0.1,0.01,0.0,0.0,0.18,0.08,0.78,0.02,0.42,0.03,0.22,0.2
0.22,0.28,0.18,0.0,0.0,0.24,0.26,0.72,0.18,0.62,0.12,0.34,0.46
0.34,0.46,0.22,0.06,0.18,0.42,0.3,0.78,0.14,0.62,0.36,0.52,0.44
0.42,0.12,0.03,0.02,0.0,0.55,0.28,0.78,0.18,0.62,0.22,0.24,0.48
0.1,0.1,0.0,0.0,0.0,0.4,0.3,0.6,0.1,0.7,0.4,0.0,0.4
0.22,0.46,0.24,0.06,0.03,0.34,0.28,0.72,0.02,0.62,0.38,0.44,0.36
0.12,0.62,0.05,0.0,0.06,0.22,0.18,0.78,0.0,0.18,0.12,0.82,0.34
0.22,0.28,0.06,0.0,0.0,0.24,0.26,0.72,0.0,0.12,0.08,0.62,0.34
0.42,0.48,0.12,0.08,0.1,0.62,0.44,0.78,0.12,0.66,0.22,0.58,0.64
0.0,0.55,0.35,0.2,0.0,0.45,0.55,0.4,0.0,0.0,0.0,0.2,0.0
0.18,0.62,0.12,0.22,0.08,0.24,0.2,0.78,0.22,0.3,0.34,0.06,0.04
0.22,0.62,0.12,0.48,0.28,0.34,0.18,0.66,0.36,0.44,0.18,0.02,0.06
0.12,0.62,0.08,0.18,0.28,0.3,0.22,0.86,0.02,0.48,0.18,0.7,0.2
0.78,0.12,0.03,0.06,0.0,0.08,0.12,0.62,0.55,0.0,0.08,0.0,0.0
0.0,0.12,0.18,0.0,0.0,0.06,0.22,0.55,0.0,0.0,0.0,0.62,0.0
0.22,0.34,0.06,0.02,0.12,0.28,0.18,0.72,0.02,0.38,0.14,0.08,0.1
0.0,0.35,0.1,0.2,0.0,0.0,0.0,0.25,0.15,0.3,0.2,0.1,0.0
0.18,0.78,0.22,0.06,0.12,0.22,0.28,0.86,0.0,0.22,0.34,0.06,0.08
0.18,0.22,0.03,0.12,0.02,0.34,0.02,0.42,0.0,0.06,0.28,0.0,0.0
0.72,0.06,0.03,0.0,0.0,0.34,0.12,0.78,0.0,0.18,0.14,0.12,0.22
0.0,0.35,0.25,0.05,0.0,0.55,0.35,0.6,0.0,0.05,0.55,0.0,0.0
0.22,0.48,0.18,0.06,0.08,0.24,0.16,0.72,0.02,0.78,0.34,0.14,0.12
0.22,0.62,0.28,0.06,0.04,0.18,0.2,0.72,0.04,0.78,0.66,0.22,0.2
0.55,0.55,0.25,0.45,0.05,0.45,0.25,0.75,0.35,0.75,0.1,0.05,0.45
0.78,0.22,0.08,0.06,0.0,0.34,0.14,0.72,0.0,0.62,0.18,0.0,0.26
0.12,0.72,0.28,0.06,0.04,0.34,0.22,0.62,0.18,0.78,0.18,0.06,0.08
0.62,0.38,0.06,0.05,0.02,0.22,0.12,0.78,0.06,0.03,0.34,0.18,0.2
0.78,0.12,0.08,0.0,0.06,0.22,0.18,0.72,0.0,0.28,0.04,0.08,0.18
0.22,0.78,0.18,0.62,0.08,0.34,0.3,0.72,0.06,0.86,0.32,0.28,0.14
0.12,0.78,0.22,0.82,0.02,0.22,0.12,0.62,0.38,0.86,0.18,0.06,0.28
0.12,0.72,0.22,0.28,0.12,0.46,0.34,0.62,0.3,0.86,0.18,0.1,0.26
0.03,0.92,0.12,0.62,0.08,0.34,0.18,0.78,0.28,0.74,0.46,0.06,0.05
0.22,0.78,0.34,0.06,0.04,0.28,0.18,0.72,0.0,0.86,0.32,0.02,0.26
0.92,0.18,0.04,0.0,0.0,0.12,0.08,0.62,0.0,0.12,0.08,0.02,0.06
0.78,0.34,0.12,0.18,0.0,0.22,0.16,0.72,0.12,0.22,0.08,0.12,0.18
0.08,0.92,0.28,0.06,0.12,0.22,0.18,0.78,0.0,0.86,0.34,0.22,0.12
0.0,0.72,0.62,0.34,0.06,0.46,0.08,0.78,0.06,0.86,0.58,0.0,0.18
0.02,0.72,0.58,0.18,0.34,0.62,0.56,0.78,0.1,0.66,0.28,0.06,0.04
0.12,0.55,0.32,0.42,0.05,0.34,0.28,0.78,0.02,0.82,0.48,0.0,0.3
0.62,0.38,0.34,0.02,0.03,0.33,0.22,0.72,0.02,0.55,0.32,0.06,0.28
0.62,0.22,0.28,0.0,0.06,0.34,0.3,0.78,0.0,0.66,0.06,0.06,0.22
0.12,0.72,0.18,0.62,0.34,0.34,0.22,0.78,0.1,0.74,0.18,0.16,0.3
0.02,0.78,0.22,0.34,0.12,0.3,0.26,0.72,0.06,0.86,0.18,0.22,0.38
0.18,0.62,0.22,0.12,0.14,0.34,0.16,0.78,0.02,0.72,0.46,0.22,0.44
0.05,0.72,0.18,0.06,0.12,0.34,0.28,0.86,0.0,0.88,0.52,0.48,0.44
0.0,0.55,0.18,0.0,0.0,0.32,0.22,0.78,0.0,0.62,0.34,0.72,0.36
0.05,0.38,0.12,0.03,0.1,0.34,0.18,0.72,0.0,0.78,0.06,0.0,0.52
0.52,0.34,0.06,0.22,0.02,0.18,0.16,0.78,0.0,0.62,0.06,0.0,0.44
0.08,0.72,0.12,0.78,0.18,0.34,0.22,0.66,0.05,0.32,0.18,0.14,0.36
0.05,0.72,0.38,0.22,0.28,0.34,0.3,0.78,0.02,0.8,0.22,0.06,0.32
0.35,0.55,0.65,0.0,0.0,0.32,0.18,0.55,0.45,0.85,0.18,0.0,0.22
0.72,0.06,0.03,0.0,0.0,0.18,0.06,0.34,0.46,0.78,0.42,0.18,0.44
0.34,0.52,0.12,0.22,0.05,0.38,0.18,0.62,0.55,0.88,0.14,0.02,0.44
0.18,0.34,0.22,0.06,0.12,0.46,0.28,0.62,0.38,0.88,0.3,0.0,0.26
0.62,0.18,0.12,0.0,0.0,0.34,0.22,0.78,0.46,0.52,0.44,0.06,0.58
0.34,0.46,0.22,0.0,0.0,0.18,0.28,0.72,0.12,0.0,0.18,0.26,0.3
0.18,0.22,0.28,0.02,0.03,0.46,0.24,0.62,0.28,0.78,0.26,0.0,0.34
0.0,0.55,0.35,0.1,0.05,0.65,0.35,0.6,0.55,0.9,0.6,0.0,0.25
0.05,0.32,0.08,0.18,0.02,0.34,0.12,0.62,0.28,0.86,0.42,0.01,0.46
0.0,0.62,0.46,0.0,0.18,0.55,0.34,0.72,0.38,0.86,0.44,0.0,0.41
0.22,0.12,0.06,0.0,0.0,0.34,0.08,0.28,0.08,0.88,0.22,0.0,0.46
0.1,0.3,0.4,0.0,0.1,0.6,0.6,0.8,0.2,0.5,0.4,0.0,0.6
0.42,0.55,0.18,0.22,0.03,0.18,0.12,0.78,0.22,0.18,0.1,0.28,0.48
0.0,0.42,0.12,0.0,0.0,0.34,0.08,0.28,0.22,0.78,0.18,0.0,0.46
0.0,0.12,0.05,0.0,0.0,0.42,0.55,0.28,0.38,0.62,0.0,0.0,0.0
0.12,0.62,0.06,0.18,0.02,0.22,0.14,0.58,0.0,0.48,0.22,0.0,0.02
0.0,0.62,0.12,0.42,0.38,0.46,0.34,0.78,0.0,0.74,0.66,0.44,0.0
0.1,0.6,0.1,0.6,0.4,0.6,0.3,0.7,0.4,0.8,0.2,0.3,0.4
0.22,0.48,0.06,0.62,0.14,0.18,0.12,0.72,0.02,0.03,0.05,0.18,0.1
0.18,0.42,0.18,0.0,0.28,0.12,0.22,0.72,0.0,0.22,0.06,0.34,0.14
0.22,0.62,0.08,0.55,0.18,0.52,0.18,0.78,0.02,0.72,0.38,0.44,0.12
0.62,0.28,0.12,0.0,0.0,0.18,0.14,0.52,0.0,0.34,0.12,0.0,0.04
0.22,0.48,0.03,0.34,0.02,0.18,0.1,0.62,0.02,0.28,0.42,0.3,0.12
0.22,0.18,0.03,0.0,0.0,0.06,0.08,0.62,0.0,0.55,0.18,0.08,0.12
0.34,0.62,0.12,0.28,0.06,0.44,0.38,0.72,0.22,0.58,0.14,0.1,0.18
0.0,0.55,0.18,0.0,0.0,0.22,0.28,0.62,0.0,0.0,0.0,0.88,0.06
0.0,0.62,0.18,0.12,0.0,0.12,0.14,0.72,0.0,0.22,0.18,0.9,0.08
0.22,0.62,0.12,0.08,0.28,0.24,0.3,0.78,0.02,0.34,0.12,0.86,0.2
0.0,0.55,0.12,0.0,0.0,0.42,0.18,0.62,0.08,0.85,0.0,0.0,0.05
0.02,0.62,0.28,0.03,0.06,0.55,0.42,0.78,0.02,0.92,0.18,0.02,0.22
0.03,0.72,0.42,0.06,0.28,0.55,0.38,0.78,0.22,0.88,0.18,0.22,0.14
0.12,0.62,0.55,0.05,0.08,0.58,0.22,0.72,0.02,0.88,0.52,0.03,0.06
0.32,0.38,0.34,0.02,0.06,0.44,0.22,0.62,0.14,0.55,0.26,0.02,0.18
0.22,0.48,0.52,0.0,0.0,0.44,0.46,0.62,0.06,0.58,0.12,0.22,0.14
0.05,0.72,0.34,0.06,0.12,0.58,0.46,0.62,0.22,0.86,0.1,0.0,0.18
0.02,0.62,0.22,0.12,0.08,0.34,0.28,0.78,0.06,0.86,0.22,0.48,0.06
0.05,0.62,0.55,0.08,0.12,0.52,0.48,0.72,0.02,0.78,0.22,0.01,0.12
0.02,0.72,0.68,0.03,0.12,0.52,0.46,0.78,0.06,0.74,0.22,0.44,0.1
0.12,0.62,0.34,0.02,0.06,0.3,0.22,0.78,0.0,0.86,0.38,0.1,0.14
0.22,0.48,0.52,0.0,0.0,0.18,0.34,0.62,0.0,0.22,0.12,0.36,0.18
0.12,0.62,0.58,0.02,0.06,0.44,0.36,0.72,0.06,0.88,0.66,0.02,0.1
0.22,0.62,0.46,0.06,0.08,0.58,0.44,0.78,0.02,0.92,0.66,0.24,0.28
0.05,0.12,0.0,0.0,0.0,0.02,0.08,0.35,0.0,0.75,0.08,0.03,0.18
0.0,0.62,0.12,0.08,0.0,0.34,0.0,0.58,0.0,0.78,0.55,0.18,0.06
0.0,0.12,0.0,0.0,0.0,0.05,0.06,0.62,0.0,0.78,0.0,0.18,0.0
0.22,0.18,0.03,0.0,0.0,0.12,0.06,0.78,0.0,0.62,0.18,0.55,0.28
0.0,0.42,0.05,0.18,0.0,0.34,0.08,0.62,0.12,0.78,0.22,0.28,0.03
0.02,0.22,0.01,0.0,0.0,0.06,0.0,0.62,0.0,0.38,0.06,0.18,0.03
0.0,0.78,0.02,0.05,0.08,0.03,0.06,0.62,0.0,0.55,0.05,0.42,0.04
0.05,0.32,0.06,0.0,0.0,0.22,0.28,0.62,0.0,0.55,0.12,0.0,0.12
0.02,0.62,0.06,0.03,0.08,0.18,0.22,0.78,0.01,0.55,0.28,0.34,0.05
0.12,0.18,0.04,0.0,0.0,0.12,0.08,0.62,0.0,0.55,0.22,0.22,0.06
0.18,0.52,0.03,0.62,0.02,0.22,0.34,0.66,0.01,0.28,0.06,0.24,0.14
0.0,0.42,0.06,0.12,0.0,0.08,0.05,0.34,0.03,0.12,0.22,0.08,0.06
0.0,0.72,0.08,0.34,0.0,0.18,0.03,0.62,0.0,0.22,0.28,0.22,0.06
0.05,0.72,0.06,0.38,0.02,0.18,0.22,0.86,0.0,0.78,0.62,0.55,0.12
0.0,0.42,0.02,0.18,0.03,0.22,0.24,0.36,0.22,0.62,0.05,0.18,0.04
0.05,0.32,0.03,0.42,0.02,0.18,0.28,0.62,0.22,0.78,0.18,0.12,0.1
0.22,0.48,0.06,0.18,0.04,0.34,0.08,0.42,0.28,0.72,0.46,0.02,0.03
0.62,0.18,0.12,0.0,0.0,0.22,0.08,0.58,0.34,0.28,0.06,0.0,0.16
0.42,0.18,0.12,0.02,0.0,0.34,0.28,0.62,0.08,0.06,0.12,0.14,0.06
0.0,0.12,0.0,0.0,0.0,0.22,0.06,0.72,0.22,0.18,0.12,0.18,0.06
0.22,0.24,0.06,0.0,0.0,0.18,0.12,0.62,0.0,0.34,0.18,0.06,0.28
0.0,0.52,0.22,0.0,0.0,0.34,0.18,0.78,0.06,0.86,0.62,0.28,0.06
0.18,0.42,0.55,0.0,0.0,0.34,0.28,0.78,0.22,0.72,0.12,0.0,0.26
0.34,0.22,0.08,0.02,0.01,0.33,0.18,0.72,0.12,0.62,0.38,0.18,0.2
0.42,0.18,0.12,0.1,0.0,0.34,0.28,0.62,0.1,0.18,0.08,0.14,0.12
0.22,0.08,0.03,0.0,0.0,0.18,0.12,0.72,0.06,0.18,0.22,0.12,0.28
0.12,0.18,0.06,0.0,0.0,0.22,0.08,0.62,0.0,0.72,0.14,0.0,0.12
0.18,0.22,0.0,0.0,0.0,0.06,0.12,0.28,0.0,0.62,0.06,0.0,0.08
0.22,0.18,0.03,0.0,0.12,0.08,0.14,0.62,0.12,0.34,0.02,0.0,0.02
0.55,0.25,0.0,0.0,0.0,0.08,0.12,0.62,0.08,0.48,0.05,0.32,0.08
0.42,0.08,0.02,0.0,0.0,0.12,0.14,0.62,0.0,0.55,0.06,0.0,0.28
0.55,0.12,0.02,0.0,0.0,0.08,0.03,0.42,0.0,0.0,0.0,0.0,0.05
0.22,0.34,0.12,0.0,0.0,0.08,0.06,0.62,0.0,0.28,0.06,0.12,0.18
0.05,0.55,0.12,0.0,0.0,0.12,0.18,0.62,0.0,0.78,0.12,0.08,0.12
0.18,0.22,0.04,0.1,0.2,0.18,0.16,0.72,0.02,0.34,0.1,0.0,0.14
0.42,0.18,0.02,0.12,0.0,0.08,0.03,0.62,0.0,0.55,0.03,0.0,0.22
0.34,0.32,0.06,0.03,0.05,0.12,0.14,0.78,0.0,0.46,0.22,0.28,0.18
0.34,0.22,0.08,0.0,0.0,0.12,0.18,0.72,0.0,0.78,0.12,0.06,0.16
0.35,0.12,0.02,0.0,0.0,0.03,0.04,0.62,0.18,0.06,0.08,0.28,0.12
0.18,0.22,0.06,0.0,0.0,0.08,0.05,0.62,0.0,0.28,0.02,0.06,0.14
0.32,0.28,0.02,0.01,0.01,0.1,0.18,0.72,0.0,0.55,0.12,0.06,0.14
0.0,0.42,0.0,0.0,0.0,0.18,0.06,0.22,0.18,0.78,0.22,0.0,0.0
0.42,0.48,0.12,0.18,0.05,0.34,0.22,0.62,0.3,0.78,0.22,0.1,0.28
0.12,0.62,0.22,0.28,0.08,0.34,0.18,0.72,0.3,0.78,0.36,0.44,0.02
0.34,0.62,0.12,0.58,0.02,0.3,0.22,0.72,0.22,0.78,0.1,0.46,0.28
0.22,0.34,0.18,0.03,0.28,0.46,0.42,0.62,0.12,0.3,0.16,0.18,0.1
0.78,0.22,0.02,0.0,0.0,0.12,0.08,0.62,0.34,0.18,0.06,0.18,0.22
0.78,0.0,0.03,0.0,0.0,0.12,0.06,0.62,0.08,0.34,0.02,0.0,0.14
0.22,0.28,0.06,0.0,0.0,0.18,0.14,0.62,0.04,0.78,0.34,0.26,0.24
0.12,0.78,0.34,0.62,0.22,0.33,0.38,0.72,0.22,0.66,0.36,0.06,0.24
0.22,0.38,0.08,0.06,0.05,0.24,0.18,0.72,0.12,0.62,0.14,0.55,0.28
0.62,0.18,0.03,0.02,0.01,0.22,0.12,0.58,0.2,0.72,0.06,0.2,0.14
0.62,0.28,0.04,0.18,0.0,0.22,0.06,0.55,0.02,0.02,0.1,0.22,0.26
0.62,0.18,0.06,0.0,0.0,0.14,0.12,0.78,0.04,0.12,0.0,0.14,0.22
0.32,0.72,0.18,0.12,0.14,0.34,0.28,0.62,0.22,0.78,0.1,0.06,0.26
0.08,0.55,0.18,0.06,0.05,0.42,0.28,0.72,0.06,0.78,0.32,0.22,0.3
0.32,0.46,0.18,0.03,0.08,0.34,0.3,0.62,0.3,0.72,0.28,0.3,0.22
0.34,0.46,0.18,0.03,0.04,0.44,0.33,0.62,0.22,0.36,0.24,0.3,0.2
0.42,0.34,0.22,0.28,0.06,0.3,0.33,0.62,0.18,0.78,0.12,0.02,0.2
0.05,0.12,0.08,0.0,0.0,0.32,0.28,0.55,0.0,0.18,0.06,0.0,0.04
0.22,0.62,0.34,0.28,0.3,0.44,0.36,0.78,0.18,0.42,0.22,0.12,0.2
0.08,0.62,0.28,0.55,0.12,0.42,0.22,0.78,0.05,0.72,0.34,0.18,0.26
0.22,0.38,0.18,0.02,0.03,0.24,0.1,0.62,0.01,0.46,0.12,0.28,0.2
0.12,0.62,0.22,0.48,0.12,0.46,0.34,0.72,0.28,0.86,0.44,0.42,0.3
0.18,0.72,0.42,0.62,0.22,0.34,0.38,0.78,0.22,0.66,0.34,0.18,0.22
0.32,0.62,0.18,0.58,0.05,0.34,0.22,0.72,0.22,0.86,0.44,0.18,0.46
0.18,0.42,0.06,0.38,0.03,0.62,0.14,0.44,0.55,0.78,0.06,0.1,0.16
0.12,0.62,0.34,0.46,0.08,0.38,0.44,0.86,0.1,0.66,0.22,0.18,0.36
0.34,0.42,0.18,0.22,0.06,0.55,0.33,0.62,0.38,0.78,0.36,0.1,0.24
0.22,0.38,0.06,0.0,0.0,0.55,0.18,0.62,0.0,0.9,0.08,0.0,0.28
0.32,0.34,0.38,0.0,0.0,0.46,0.22,0.62,0.0,0.72,0.52,0.0,0.18
0.42,0.34,0.28,0.0,0.0,0.46,0.36,0.62,0.0,0.78,0.32,0.22,0.12
0.18,0.52,0.22,0.18,0.06,0.46,0.28,0.62,0.14,0.86,0.34,0.44,0.22
0.42,0.08,0.02,0.0,0.0,0.34,0.12,0.78,0.18,0.62,0.04,0.22,0.16
0.34,0.12,0.18,0.0,0.0,0.55,0.22,0.48,0.12,0.62,0.08,0.12,0.1
0.34,0.22,0.18,0.06,0.02,0.33,0.24,0.62,0.2,0.78,0.18,0.14,0.26
0.22,0.28,0.18,0.0,0.0,0.62,0.34,0.55,0.06,0.78,0.12,0.0,0.18
0.62,0.18,0.22,0.0,0.0,0.46,0.34,0.52,0.04,0.86,0.22,0.0,0.14
0.42,0.28,0.06,0.0,0.0,0.55,0.12,0.62,0.0,0.88,0.18,0.0,0.34
0.42,0.38,0.22,0.03,0.1,0.46,0.34,0.62,0.18,0.78,0.24,0.02,0.36
0.62,0.18,0.06,0.0,0.0,0.34,0.12,0.58,0.08,0.55,0.06,0.0,0.22
0.62,0.12,0.18,0.0,0.0,0.46,0.22,0.78,0.0,0.34,0.06,0.18,0.22
0.22,0.28,0.18,0.02,0.0,0.46,0.34,0.62,0.0,0.78,0.06,0.12,0.2
0.0,0.62,0.44,0.52,0.0,0.46,0.38,0.72,0.18,0.86,0.78,0.12,0.22
0.12,0.62,0.22,0.28,0.08,0.34,0.3,0.78,0.0,0.72,0.46,0.58,0.1
0.18,0.62,0.22,0.02,0.06,0.55,0.34,0.78,0.02,0.58,0.1,0.72,0.28
0.12,0.62,0.48,0.02,0.1,0.22,0.3,0.78,0.0,0.66,0.34,0.58,0.06
0.08,0.62,0.55,0.02,0.05,0.34,0.28,0.78,0.0,0.32,0.06,0.72,0.22
0.0,0.72,0.55,0.18,0.05,0.42,0.22,0.78,0.0,0.62,0.28,0.32,0.0
0.05,0.62,0.28,0.02,0.03,0.22,0.18,0.78,0.0,0.72,0.08,0.34,0.12
0.12,0.62,0.34,0.28,0.02,0.18,0.22,0.78,0.22,0.86,0.18,0.26,0.14
0.12,0.78,0.34,0.42,0.08,0.22,0.18,0.86,0.22,0.82,0.28,0.44,0.26
0.22,0.62,0.28,0.34,0.06,0.3,0.24,0.78,0.26,0.74,0.3,0.14,0.2
0.34,0.72,0.38,0.22,0.06,0.55,0.33,0.78,0.04,0.74,0.18,0.1,0.36
0.34,0.32,0.06,0.18,0.0,0.33,0.22,0.78,0.0,0.12,0.08,0.46,0.24
0.78,0.14,0.08,0.18,0.0,0.18,0.22,0.72,0.02,0.06,0.12,0.22,0.28
0.22,0.48,0.18,0.03,0.06,0.34,0.24,0.72,0.02,0.78,0.22,0.02,0.3
0.0,0.55,0.1,0.0,0.0,0.6,0.25,0.35,0.1,0.85,0.2,0.0,0.0
0.28,0.62,0.12,0.18,0.05,0.58,0.34,0.72,0.38,0.66,0.14,0.32,0.3
0.32,0.62,0.18,0.05,0.06,0.46,0.34,0.72,0.22,0.78,0.28,0.26,0.12
0.62,0.28,0.12,0.0,0.0,0.46,0.22,0.58,0.18,0.44,0.12,0.14,0.16
0.82,0.12,0.02,0.0,0.0,0.28,0.12,0.62,0.42,0.22,0.08,0.18,0.06
0.22,0.48,0.22,0.06,0.02,0.24,0.2,0.86,0.18,0.52,0.22,0.26,0.04
0.08,0.72,0.34,0.06,0.22,0.28,0.3,0.78,0.1,0.7,0.26,0.62,0.1
0.18,0.22,0.28,0.0,0.0,0.34,0.32,0.62,0.0,0.72,0.26,0.28,0.12
0.34,0.28,0.22,0.0,0.0,0.33,0.24,0.72,0.0,0.62,0.36,0.18,0.22
0.22,0.34,0.28,0.02,0.01,0.46,0.3,0.62,0.01,0.78,0.58,0.0,0.18
0.34,0.62,0.22,0.08,0.05,0.33,0.24,0.78,0.0,0.72,0.46,0.0,0.18
0.42,0.48,0.08,0.18,0.0,0.44,0.22,0.62,0.22,0.28,0.06,0.12,0.06
0.42,0.38,0.22,0.0,0.0,0.24,0.12,0.78,0.18,0.72,0.14,0.18,0.08
0.18,0.42,0.12,0.03,0.02,0.34,0.22,0.78,0.01,0.86,0.18,0.22,0.2
0.55,0.28,0.12,0.0,0.0,0.34,0.08,0.62,0.0,0.48,0.06,0.22,0.26
0.32,0.38,0.22,0.08,0.0,0.34,0.24,0.62,0.18,0.72,0.12,0.0,0.14
0.62,0.12,0.02,0.0,0.0,0.18,0.03,0.72,0.22,0.14,0.06,0.16,0.24
0.22,0.18,0.12,0.0,0.0,0.24,0.14,0.78,0.0,0.22,0.12,0.22,0.26
0.02,0.62,0.22,0.08,0.06,0.18,0.12,0.78,0.22,0.86,0.48,0.28,0.14
0.12,0.62,0.28,0.08,0.12,0.46,0.22,0.72,0.1,0.86,0.44,0.22,0.18
0.12,0.72,0.08,0.02,0.18,0.34,0.1,0.86,0.1,0.78,0.22,0.74,0.22
0.12,0.78,0.18,0.22,0.08,0.34,0.06,0.86,0.02,0.72,0.58,0.92,0.28
0.33,0.34,0.18,0.0,0.0,0.42,0.08,0.62,0.18,0.86,0.28,0.06,0.3
0.55,0.12,0.03,0.0,0.0,0.34,0.22,0.78,0.0,0.08,0.05,0.42,0.28
0.22,0.38,0.24,0.02,0.03,0.33,0.28,0.78,0.06,0.26,0.2,0.3,0.18
0.18,0.62,0.22,0.03,0.02,0.34,0.12,0.66,0.02,0.88,0.28,0.06,0.24
0.62,0.18,0.12,0.06,0.0,0.34,0.22,0.78,0.28,0.55,0.18,0.12,0.26
0.12,0.78,0.42,0.28,0.34,0.34,0.3,0.62,0.44,0.72,0.46,0.22,0.06
0.12,0.78,0.62,0.28,0.18,0.34,0.56,0.86,0.42,0.74,0.38,0.66,0.44
0.55,0.62,0.38,0.05,0.06,0.44,0.52,0.78,0.08,0.66,0.34,0.36,0.33
0.82,0.18,0.02,0.0,0.0,0.22,0.34,0.72,0.06,0.22,0.06,0.18,0.12
0.78,0.22,0.08,0.0,0.12,0.34,0.28,0.62,0.18,0.22,0.06,0.1,0.12
0.12,0.78,0.46,0.08,0.42,0.62,0.44,0.86,0.04,0.88,0.18,0.34,0.3
0.06,0.82,0.18,0.74,0.12,0.34,0.28,0.72,0.46,0.78,0.44,0.3,0.08
0.03,0.82,0.34,0.28,0.06,0.3,0.26,0.72,0.44,0.78,0.18,0.02,0.04
0.03,0.72,0.55,0.32,0.08,0.46,0.58,0.86,0.44,0.66,0.18,0.42,0.14
0.22,0.62,0.48,0.06,0.12,0.46,0.58,0.78,0.14,0.66,0.22,0.18,0.24
0.72,0.34,0.38,0.0,0.0,0.46,0.44,0.86,0.14,0.22,0.08,0.22,0.12
0.55,0.55,0.18,0.05,0.02,0.22,0.28,0.85,0.0,0.22,0.03,0.32,0.18
0.0,0.85,0.65,0.35,0.15,0.55,0.55,0.75,0.45,0.7,0.2,0.4,0.0
0.12,0.78,0.52,0.34,0.28,0.46,0.58,0.74,0.42,0.72,0.12,0.36,0.1
0.0,0.35,0.05,0.0,0.0,0.45,0.12,0.25,0.0,0.85,0.15,0.0,0.0
0.0,0.62,0.12,0.05,0.0,0.18,0.0,0.55,0.22,0.85,0.72,0.0,0.08
0.34,0.32,0.03,0.05,0.18,0.14,0.02,0.42,0.12,0.46,0.04,0.01,0.02
0.55,0.12,0.0,0.0,0.0,0.05,0.06,0.28,0.02,0.18,0.0,0.0,0.06
0.45,0.25,0.1,0.0,0.0,0.2,0.12,0.55,0.0,0.3,0.0,0.12,0.1
0.22,0.55,0.06,0.28,0.0,0.34,0.08,0.48,0.52,0.72,0.0,0.0,0.0
0.18,0.62,0.22,0.05,0.06,0.22,0.1,0.72,0.18,0.78,0.42,0.08,0.02
0.18,0.62,0.34,0.22,0.02,0.36,0.2,0.72,0.22,0.78,0.06,0.04,0.02
0.12,0.42,0.22,0.05,0.03,0.18,0.14,0.62,0.18,0.72,0.28,0.22,0.02
0.05,0.62,0.48,0.12,0.03,0.34,0.18,0.44,0.22,0.86,0.12,0.0,0.1
0.25,0.05,0.0,0.0,0.0,0.0,0.1,0.6,0.0,0.0,0.0,0.2,0.0
0.05,0.38,0.62,0.0,0.0,0.22,0.34,0.28,0.42,0.0,0.0,0.18,0.0
0.12,0.42,0.34,0.06,0.0,0.28,0.22,0.38,0.22,0.62,0.06,0.0,0.04
0.05,0.62,0.18,0.08,0.22,0.1,0.12,0.72,0.22,0.55,0.1,0.28,0.02
0.12,0.78,0.22,0.72,0.02,0.22,0.18,0.74,0.1,0.86,0.7,0.02,0.1
0.55,0.22,0.02,0.06,0.0,0.28,0.03,0.62,0.08,0.42,0.05,0.08,0.12
0.12,0.42,0.12,0.38,0.02,0.34,0.22,0.72,0.02,0.62,0.1,0.02,0.18
0.12,0.18,0.03,0.0,0.0,0.22,0.18,0.72,0.0,0.28,0.08,0.22,0.06
0.12,0.48,0.06,0.42,0.02,0.62,0.22,0.34,0.1,0.78,0.04,0.0,0.04
0.12,0.42,0.08,0.28,0.02,0.22,0.18,0.62,0.38,0.55,0.18,0.22,0.2
0.62,0.12,0.08,0.0,0.0,0.22,0.18,0.72,0.0,0.34,0.06,0.02,0.06
0.05,0.28,0.12,0.22,0.02,0.55,0.18,0.32,0.02,0.62,0.18,0.0,0.03
0.42,0.28,0.22,0.02,0.03,0.24,0.26,0.62,0.0,0.55,0.3,0.1,0.22
0.18,0.62,0.12,0.08,0.05,0.18,0.14,0.72,0.02,0.55,0.08,0.42,0.06
0.22,0.18,0.12,0.0,0.0,0.34,0.38,0.72,0.0,0.12,0.06,0.28,0.04
0.0,0.22,0.08,0.0,0.0,0.62,0.34,0.58,0.0,0.12,0.18,0.0,0.14
0.12,0.72,0.1,0.55,0.06,0.22,0.18,0.78,0.18,0.7,0.42,0.05,0.14
0.34,0.62,0.12,0.38,0.18,0.44,0.22,0.78,0.18,0.66,0.36,0.22,0.28
0.08,0.78,0.32,0.62,0.18,0.66,0.34,0.86,0.74,0.92,0.44,0.06,0.22
0.22,0.62,0.34,0.38,0.12,0.46,0.28,0.55,0.3,0.72,0.26,0.08,0.06
0.12,0.78,0.34,0.62,0.18,0.46,0.28,0.86,0.66,0.88,0.32,0.44,0.14
0.12,0.62,0.34,0.28,0.52,0.38,0.3,0.78,0.32,0.66,0.22,0.44,0.2
0.05,0.72,0.48,0.12,0.28,0.18,0.22,0.78,0.32,0.42,0.18,0.34,0.26
0.0,0.85,0.55,0.75,0.45,0.55,0.35,0.75,0.55,0.8,0.15,0.25,0.35
0.0,0.78,0.12,0.72,0.08,0.62,0.22,0.74,0.46,0.82,0.18,0.0,0.14
0.0,0.85,0.12,0.55,0.18,0.32,0.18,0.72,0.38,0.78,0.12,0.22,0.18
0.0,0.78,0.34,0.42,0.12,0.46,0.38,0.86,0.22,0.62,0.08,0.22,0.28
0.12,0.72,0.38,0.62,0.28,0.34,0.22,0.66,0.48,0.86,0.3,0.26,0.24
0.55,0.45,0.12,0.0,0.38,0.32,0.18,0.72,0.28,0.18,0.0,0.0,0.62
0.12,0.78,0.72,0.08,0.28,0.52,0.62,0.86,0.22,0.34,0.18,0.32,0.14
0.12,0.55,0.18,0.08,0.32,0.42,0.48,0.78,0.1,0.22,0.2,0.05,0.3
0.0,0.78,0.42,0.0,0.0,0.34,0.46,0.22,0.0,0.72,0.12,0.38,0.0
0.0,0.72,0.12,0.0,0.34,0.22,0.18,0.62,0.0,0.78,0.12,0.58,0.0
0.05,0.35,0.0,0.0,0.25,0.2,0.1,0.55,0.0,0.0,0.0,0.55,0.05
0.18,0.42,0.06,0.02,0.03,0.22,0.18,0.62,0.22,0.34,0.28,0.38,0.02
0.18,0.32,0.12,0.0,0.0,0.42,0.28,0.22,0.0,0.55,0.22,0.0,0.0
0.12,0.22,0.28,0.0,0.0,0.18,0.14,0.72,0.0,0.62,0.08,0.12,0.18
0.35,0.55,0.45,0.05,0.0,0.45,0.35,0.75,0.0,0.85,0.55,0.35,0.35
0.1,0.3,0.2,0.0,0.0,0.2,0.2,0.6,0.0,0.1,0.0,0.0,0.2
0.35,0.15,0.12,0.0,0.0,0.22,0.18,0.55,0.0,0.55,0.05,0.0,0.0
0.12,0.62,0.28,0.08,0.0,0.18,0.22,0.72,0.0,0.48,0.34,0.0,0.0
0.0,0.32,0.42,0.0,0.0,0.12,0.28,0.22,0.0,0.62,0.0,0.0,0.0
0.05,0.62,0.28,0.03,0.02,0.44,0.22,0.58,0.22,0.92,0.26,0.0,0.18
0.42,0.12,0.06,0.0,0.0,0.34,0.18,0.62,0.55,0.78,0.05,0.0,0.38
0.05,0.72,0.18,0.03,0.12,0.48,0.22,0.62,0.46,0.88,0.18,0.04,0.22
0.55,0.35,0.22,0.0,0.6,0.18,0.08,0.62,0.7,0.28,0.05,0.22,0.3
0.62,0.18,0.03,0.0,0.0,0.22,0.06,0.78,0.46,0.28,0.06,0.34,0.32
0.32,0.18,0.06,0.0,0.0,0.22,0.12,0.62,0.34,0.72,0.22,0.0,0.44
0.62,0.28,0.06,0.0,0.0,0.22,0.18,0.72,0.55,0.66,0.06,0.12,0.24
0.12,0.62,0.48,0.05,0.22,0.55,0.28,0.72,0.58,0.86,0.52,0.34,0.26
0.62,0.22,0.03,0.0,0.0,0.34,0.12,0.58,0.28,0.86,0.12,0.0,0.46
0.42,0.46,0.38,0.05,0.02,0.44,0.36,0.72,0.34,0.62,0.18,0.03,0.48
0.55,0.55,0.05,0.55,0.05,0.35,0.15,0.75,0.75,0.05,0.1,0.3,0.2
0.62,0.22,0.06,0.03,0.28,0.18,0.07,0.78,0.46,0.1,0.02,0.03,0.14
0.55,0.35,0.28,0.08,0.12,0.32,0.1,0.72,0.48,0.78,0.22,0.06,0.34
0.05,0.28,0.03,0.1,0.0,0.55,0.22,0.48,0.42,0.72,0.06,0.0,0.18
0.0,0.62,0.06,0.18,0.0,0.22,0.08,0.55,0.28,0.72,0.22,0.0,0.04
0.22,0.72,0.08,0.18,0.04,0.2,0.1,0.62,0.48,0.7,0.28,0.06,0.02
0.32,0.62,0.18,0.05,0.02,0.46,0.22,0.78,0.1,0.86,0.34,0.12,0.2
0.62,0.08,0.0,0.0,0.0,0.06,0.0,0.72,0.0,0.18,0.0,0.0,0.12
0.18,0.62,0.28,0.05,0.22,0.34,0.18,0.72,0.06,0.86,0.58,0.06,0.1
0.78,0.22,0.03,0.05,0.02,0.24,0.08,0.62,0.18,0.55,0.2,0.1,0.18
0.62,0.22,0.12,0.18,0.0,0.14,0.08,0.72,0.12,0.34,0.18,0.06,0.22
0.34,0.42,0.08,0.12,0.05,0.3,0.1,0.62,0.22,0.78,0.55,0.18,0.58
0.42,0.34,0.06,0.08,0.02,0.22,0.07,0.62,0.18,0.78,0.46,0.14,0.33
0.62,0.18,0.22,0.0,0.12,0.22,0.12,0.78,0.0,0.12,0.18,0.0,0.34
0.62,0.12,0.06,0.0,0.08,0.18,0.14,0.72,0.0,0.22,0.06,0.08,0.24
0.62,0.38,0.12,0.18,0.05,0.34,0.22,0.72,0.42,0.58,0.24,0.14,0.28
0.12,0.62,0.12,0.28,0.06,0.22,0.18,0.72,0.58,0.86,0.44,0.06,0.34
0.0,0.78,0.05,0.62,0.22,0.34,0.18,0.72,0.55,0.66,0.0,0.0,0.0
0.02,0.62,0.48,0.18,0.12,0.22,0.34,0.72,0.1,0.58,0.08,0.44,0.1
0.0,0.72,0.42,0.28,0.34,0.36,0.34,0.62,0.18,0.78,0.12,0.0,0.0
0.18,0.62,0.06,0.12,0.05,0.34,0.22,0.78,0.02,0.42,0.1,0.3,0.06
0.0,0.55,0.0,0.0,0.0,0.25,0.0,0.35,0.1,0.25,0.15,0.2,0.0
0.05,0.72,0.12,0.28,0.06,0.22,0.3,0.78,0.22,0.62,0.1,0.38,0.18
0.0,0.86,0.12,0.28,0.0,0.22,0.12,0.62,0.0,0.78,0.0,0.0,0.0
0.0,0.9,0.05,0.35,0.15,0.25,0.05,0.75,0.05,0.85,0.05,0.35,0.0
0.0,0.78,0.08,0.62,0.12,0.44,0.22,0.72,0.38,0.66,0.06,0.04,0.1
0.05,0.28,0.42,0.02,0.03,0.1,0.18,0.55,0.12,0.02,0.18,0.1,0.03
0.0,0.72,0.22,0.62,0.0,0.12,0.08,0.78,0.12,0.0,0.18,0.48,0.0
0.12,0.62,0.18,0.22,0.14,0.34,0.16,0.78,0.02,0.18,0.22,0.58,0.04
0.72,0.38,0.03,0.06,0.04,0.22,0.06,0.78,0.02,0.34,0.02,0.18,0.04
0.05,0.55,0.02,0.0,0.0,0.08,0.22,0.45,0.18,0.22,0.0,0.85,0.0
0.42,0.22,0.02,0.0,0.0,0.08,0.12,0.55,0.0,0.28,0.0,0.38,0.06
0.12,0.62,0.08,0.06,0.02,0.18,0.12,0.58,0.22,0.72,0.48,0.1,0.06
0.62,0.12,0.02,0.0,0.0,0.08,0.14,0.78,0.02,0.08,0.06,0.04,0.22
0.12,0.18,0.0,0.0,0.0,0.22,0.08,0.62,0.0,0.28,0.0,0.22,0.12
0.12,0.62,0.18,0.08,0.0,0.22,0.18,0.72,0.12,0.78,0.48,0.18,0.12
0.0,0.55,0.25,0.05,0.0,0.35,0.1,0.6,0.0,0.55,0.7,0.05,0.05
0.22,0.55,0.08,0.05,0.02,0.28,0.18,0.62,0.12,0.7,0.32,0.18,0.2
0.42,0.28,0.12,0.0,0.0,0.22,0.14,0.62,0.0,0.55,0.22,0.0,0.18
0.28,0.62,0.08,0.06,0.03,0.22,0.18,0.72,0.02,0.55,0.58,0.22,0.34
0.22,0.28,0.06,0.0,0.0,0.34,0.24,0.52,0.12,0.3,0.1,0.06,0.08
0.22,0.12,0.02,0.0,0.0,0.08,0.12,0.62,0.0,0.0,0.06,0.28,0.14
0.12,0.62,0.03,0.1,0.38,0.22,0.28,0.72,0.34,0.42,0.04,0.46,0.02
0.0,0.85,0.35,0.55,0.0,0.25,0.25,0.75,0.0,0.8,0.2,0.0,0.25
0.12,0.62,0.28,0.22,0.06,0.44,0.18,0.78,0.04,0.86,0.18,0.1,0.1
0.42,0.28,0.22,0.0,0.08,0.24,0.18,0.62,0.1,0.72,0.06,0.0,0.2
0.78,0.34,0.12,0.0,0.0,0.22,0.08,0.62,0.28,0.46,0.06,0.12,0.18
0.18,0.62,0.34,0.28,0.08,0.3,0.22,0.78,0.04,0.58,0.1,0.22,0.14
0.22,0.55,0.28,0.03,0.05,0.52,0.24,0.78,0.06,0.86,0.34,0.02,0.18
0.22,0.62,0.34,0.48,0.05,0.33,0.24,0.78,0.08,0.66,0.22,0.18,0.2
0.12,0.72,0.22,0.55,0.08,0.34,0.18,0.62,0.48,0.86,0.1,0.12,0.14
0.18,0.62,0.22,0.08,0.06,0.22,0.2,0.72,0.18,0.86,0.28,0.02,0.06
0.52,0.46,0.28,0.06,0.02,0.22,0.24,0.78,0.02,0.86,0.12,0.04,0.18
0.78,0.22,0.06,0.0,0.0,0.18,0.08,0.62,0.0,0.55,0.0,0.0,0.12
0.82,0.34,0.06,0.08,0.0,0.22,0.12,0.78,0.0,0.55,0.0,0.0,0.12
0.78,0.34,0.12,0.18,0.0,0.22,0.06,0.72,0.0,0.38,0.06,0.12,0.14
0.78,0.22,0.08,0.0,0.0,0.24,0.18,0.62,0.0,0.66,0.0,0.18,0.14
0.12,0.62,0.05,0.72,0.02,0.18,0.06,0.66,0.34,0.88,0.22,0.1,0.04
0.34,0.62,0.18,0.58,0.06,0.22,0.2,0.72,0.28,0.78,0.22,0.3,0.14
0.34,0.62,0.18,0.55,0.05,0.22,0.24,0.86,0.18,0.78,0.46,0.16,0.22
0.34,0.38,0.06,0.08,0.1,0.18,0.07,0.72,0.3,0.22,0.12,0.22,0.1
0.34,0.18,0.08,0.0,0.0,0.12,0.1,0.78,0.02,0.22,0.06,0.28,0.08
0.12,0.72,0.22,0.08,0.06,0.18,0.2,0.78,0.42,0.86,0.34,0.22,0.18
0.42,0.46,0.22,0.05,0.03,0.18,0.24,0.72,0.1,0.78,0.34,0.22,0.2
0.42,0.38,0.18,0.12,0.22,0.2,0.16,0.78,0.08,0.22,0.18,0.1,0.34
0.18,0.78,0.22,0.34,0.12,0.24,0.16,0.72,0.28,0.74,0.26,0.46,0.2
0.52,0.62,0.12,0.38,0.03,0.28,0.22,0.78,0.22,0.72,0.34,0.02,0.26
0.72,0.06,0.04,0.0,0.0,0.08,0.06,0.62,0.0,0.12,0.04,0.22,0.02
0.32,0.28,0.12,0.0,0.0,0.22,0.18,0.78,0.0,0.22,0.12,0.26,0.14
0.12,0.72,0.18,0.34,0.08,0.22,0.16,0.62,0.28,0.78,0.22,0.1,0.2
0.22,0.72,0.18,0.28,0.34,0.22,0.18,0.78,0.06,0.92,0.1,0.18,0.26
0.0,0.72,0.18,0.62,0.0,0.34,0.22,0.46,0.44,0.58,0.08,0.0,0.24
0.42,0.48,0.08,0.55,0.03,0.46,0.28,0.72,0.18,0.88,0.34,0.32,0.3
0.34,0.62,0.33,0.18,0.22,0.46,0.3,0.86,0.18,0.55,0.22,0.44,0.36
0.78,0.28,0.06,0.0,0.0,0.18,0.22,0.72,0.62,0.12,0.08,0.22,0.08
0.72,0.12,0.08,0.0,0.0,0.18,0.22,0.62,0.28,0.0,0.06,0.18,0.22
0.62,0.48,0.18,0.12,0.06,0.34,0.22,0.78,0.22,0.52,0.36,0.58,0.44
0.62,0.34,0.08,0.05,0.02,0.22,0.24,0.58,0.06,0.55,0.18,0.16,0.52
0.0,0.78,0.22,0.32,0.0,0.12,0.08,0.62,0.0,0.72,0.18,0.12,0.26
0.22,0.62,0.18,0.22,0.28,0.55,0.24,0.72,0.22,0.58,0.18,0.12,0.2
0.12,0.72,0.28,0.08,0.46,0.22,0.24,0.78,0.22,0.74,0.34,0.06,0.18
0.22,0.34,0.18,0.12,0.03,0.18,0.2,0.78,0.1,0.1,0.22,0.06,0.14
0.0,0.86,0.22,0.0,0.0,0.12,0.18,0.78,0.18,0.12,0.08,0.62,0.24
0.34,0.62,0.38,0.08,0.05,0.18,0.22,0.78,0.18,0.42,0.28,0.3,0.26
0.0,0.95,0.25,0.55,0.35,0.25,0.3,0.75,0.0,0.55,0.2,0.15,0.1
0.0,0.78,0.12,0.62,0.0,0.22,0.08,0.34,0.0,0.86,0.66,0.0,0.0
0.34,0.38,0.06,0.32,0.03,0.22,0.12,0.62,0.46,0.86,0.14,0.03,0.18
0.46,0.44,0.12,0.28,0.08,0.22,0.06,0.62,0.22,0.48,0.18,0.06,0.26
0.52,0.28,0.22,0.0,0.0,0.18,0.16,0.62,0.08,0.55,0.22,0.02,0.18
0.22,0.48,0.18,0.06,0.28,0.24,0.2,0.62,0.02,0.46,0.06,0.0,0.06
0.34,0.62,0.12,0.58,0.18,0.28,0.22,0.72,0.46,0.78,0.14,0.32,0.18
0.22,0.48,0.18,0.42,0.02,0.18,0.22,0.72,0.28,0.86,0.34,0.3,0.26
0.18,0.34,0.12,0.03,0.06,0.3,0.22,0.72,0.06,0.62,0.18,0.22,0.28
0.34,0.42,0.12,0.28,0.02,0.18,0.22,0.62,0.22,0.78,0.46,0.01,0.38
0.03,0.78,0.22,0.62,0.12,0.18,0.12,0.72,0.48,0.66,0.22,0.44,0.14
0.78,0.12,0.22,0.0,0.0,0.18,0.08,0.62,0.34,0.12,0.22,0.12,0.18
0.22,0.78,0.18,0.32,0.08,0.24,0.2,0.72,0.02,0.38,0.22,0.18,0.16
0.0,0.78,0.34,0.22,0.28,0.32,0.26,0.72,0.18,0.74,0.22,0.34,0.08
0.22,0.72,0.28,0.62,0.08,0.34,0.46,0.78,0.26,0.58,0.18,0.06,0.2
0.0,0.35,0.0,0.2,0.0,0.05,0.0,0.3,0.05,0.65,0.25,0.6,0.1
0.62,0.46,0.06,0.52,0.0,0.22,0.18,0.58,0.28,0.66,0.24,0.18,0.08
0.34,0.42,0.12,0.38,0.1,0.22,0.18,0.62,0.36,0.78,0.1,0.06,0.2
0.62,0.18,0.12,0.0,0.0,0.14,0.22,0.58,0.02,0.22,0.0,0.22,0.04
0.62,0.22,0.06,0.0,0.0,0.18,0.12,0.58,0.02,0.18,0.12,0.16,0.14
0.62,0.28,0.06,0.34,0.0,0.22,0.12,0.58,0.3,0.66,0.14,0.0,0.24
0.72,0.18,0.14,0.02,0.0,0.22,0.12,0.62,0.18,0.48,0.08,0.0,0.22
0.62,0.28,0.22,0.0,0.24,0.18,0.16,0.72,0.18,0.26,0.02,0.14,0.22
0.28,0.34,0.32,0.12,0.04,0.3,0.26,0.72,0.3,0.78,0.22,0.3,0.2
0.55,0.25,0.05,0.0,0.2,0.35,0.1,0.35,0.55,0.75,0.05,0.0,0.25
0.52,0.22,0.14,0.0,0.0,0.24,0.12,0.78,0.46,0.0,0.06,0.34,0.04
0.72,0.18,0.02,0.0,0.0,0.12,0.14,0.62,0.55,0.0,0.06,0.14,0.22
0.42,0.18,0.06,0.08,0.0,0.12,0.14,0.72,0.18,0.62,0.22,0.08,0.16
0.42,0.38,0.03,0.55,0.02,0.18,0.1,0.72,0.12,0.62,0.34,0.22,0.2
0.22,0.62,0.08,0.02,0.06,0.34,0.14,0.78,0.06,0.72,0.38,0.1,0.26
0.78,0.18,0.06,0.0,0.0,0.34,0.14,0.62,0.08,0.32,0.12,0.02,0.1
0.62,0.28,0.18,0.0,0.22,0.34,0.24,0.58,0.36,0.22,0.08,0.06,0.18
0.22,0.34,0.18,0.0,0.0,0.32,0.24,0.62,0.02,0.38,0.16,0.22,0.18
0.18,0.52,0.22,0.03,0.02,0.33,0.28,0.78,0.12,0.72,0.22,0.3,0.34
0.18,0.62,0.22,0.03,0.02,0.55,0.48,0.72,0.12,0.86,0.58,0.22,0.44
0.32,0.58,0.34,0.02,0.06,0.3,0.36,0.62,0.0,0.66,0.46,0.34,0.28
0.34,0.62,0.22,0.06,0.04,0.33,0.28,0.72,0.3,0.78,0.32,0.18,0.3
0.34,0.62,0.18,0.03,0.06,0.44,0.22,0.58,0.1,0.66,0.12,0.14,0.36
0.72,0.22,0.06,0.0,0.12,0.18,0.24,0.62,0.12,0.34,0.0,0.0,0.28
0.18,0.62,0.46,0.0,0.0,0.44,0.34,0.52,0.0,0.28,0.0,0.0,0.22
0.12,0.62,0.18,0.03,0.14,0.22,0.2,0.58,0.04,0.66,0.06,0.18,0.34
0.62,0.28,0.18,0.02,0.0,0.34,0.22,0.72,0.14,0.58,0.04,0.06,0.12
0.34,0.42,0.12,0.05,0.06,0.33,0.22,0.62,0.02,0.72,0.06,0.24,0.2
0.0,0.72,0.62,0.05,0.0,0.22,0.08,0.55,0.12,0.9,0.78,0.0,0.18
0.78,0.18,0.08,0.0,0.0,0.22,0.14,0.62,0.06,0.55,0.12,0.0,0.18
0.62,0.12,0.06,0.0,0.0,0.18,0.12,0.48,0.0,0.42,0.0,0.0,0.0
0.34,0.52,0.28,0.12,0.06,0.22,0.1,0.62,0.0,0.58,0.18,0.0,0.3
0.12,0.62,0.18,0.08,0.06,0.46,0.22,0.58,0.06,0.86,0.34,0.04,0.28
0.42,0.38,0.06,0.02,0.03,0.28,0.1,0.62,0.01,0.55,0.18,0.22,0.58
0.62,0.18,0.03,0.0,0.0,0.34,0.06,0.58,0.08,0.46,0.12,0.04,0.42
0.34,0.62,0.18,0.02,0.03,0.44,0.16,0.72,0.18,0.78,0.56,0.02,0.66
0.52,0.34,0.03,0.22,0.04,0.28,0.04,0.62,0.12,0.3,0.06,0.1,0.26
0.86,0.12,0.18,0.0,0.0,0.12,0.03,0.42,0.38,0.08,0.04,0.03,0.22
0.78,0.18,0.12,0.0,0.0,0.14,0.05,0.62,0.0,0.22,0.08,0.06,0.34
0.62,0.12,0.02,0.0,0.0,0.22,0.06,0.58,0.18,0.55,0.34,0.0,0.46
0.34,0.22,0.18,0.0,0.06,0.33,0.05,0.62,0.1,0.78,0.36,0.12,0.28
0.34,0.22,0.06,0.0,0.05,0.33,0.08,0.62,0.0,0.78,0.18,0.0,0.44
0.0,0.62,0.46,0.0,0.0,0.44,0.34,0.52,0.0,0.86,0.66,0.0,0.06
0.42,0.48,0.08,0.03,0.02,0.46,0.22,0.62,0.18,0.86,0.34,0.12,0.28
0.78,0.12,0.06,0.0,0.0,0.18,0.12,0.62,0.0,0.22,0.0,0.0,0.08
0.34,0.12,0.06,0.0,0.0,0.18,0.14,0.62,0.0,0.22,0.08,0.06,0.12
0.18,0.62,0.08,0.05,0.06,0.22,0.1,0.78,0.06,0.92,0.55,0.18,0.34
0.12,0.58,0.22,0.08,0.02,0.34,0.18,0.72,0.02,0.86,0.62,0.0,0.2
0.22,0.58,0.12,0.06,0.04,0.46,0.18,0.62,0.34,0.86,0.44,0.06,0.24
0.34,0.46,0.22,0.06,0.04,0.3,0.18,0.62,0.1,0.72,0.34,0.1,0.22
0.42,0.55,0.18,0.08,0.05,0.12,0.1,0.62,0.18,0.7,0.1,0.04,0.28
0.78,0.12,0.02,0.0,0.08,0.18,0.06,0.62,0.22,0.18,0.04,0.06,0.22
0.55,0.12,0.08,0.0,0.0,0.12,0.08,0.75,0.0,0.18,0.05,0.12,0.12
0.12,0.62,0.1,0.08,0.04,0.22,0.1,0.72,0.22,0.78,0.18,0.2,0.16
0.08,0.78,0.34,0.06,0.1,0.22,0.28,0.72,0.02,0.86,0.52,0.1,0.22
0.22,0.62,0.06,0.08,0.12,0.1,0.05,0.78,0.0,0.72,0.55,0.38,0.18
0.34,0.22,0.28,0.0,0.0,0.72,0.26,0.62,0.04,0.78,0.12,0.0,0.08
0.62,0.28,0.22,0.02,0.01,0.46,0.18,0.55,0.34,0.78,0.24,0.12,0.3
0.82,0.06,0.08,0.0,0.0,0.12,0.08,0.42,0.78,0.0,0.0,0.0,0.18
0.42,0.22,0.06,0.02,0.0,0.18,0.12,0.78,0.22,0.18,0.02,0.24,0.1
0.62,0.28,0.12,0.02,0.04,0.55,0.22,0.78,0.08,0.92,0.32,0.18,0.66
0.12,0.18,0.08,0.0,0.0,0.72,0.22,0.62,0.28,0.9,0.34,0.0,0.46
0.34,0.08,0.1,0.0,0.0,0.62,0.18,0.72,0.12,0.66,0.22,0.0,0.3
0.34,0.06,0.05,0.0,0.0,0.46,0.12,0.62,0.1,0.58,0.22,0.06,0.44
0.22,0.02,0.03,0.0,0.0,0.18,0.06,0.28,0.22,0.72,0.18,0.08,0.14
0.22,0.12,0.08,0.02,0.06,0.55,0.28,0.78,0.06,0.02,0.18,0.02,0.34
0.22,0.18,0.06,0.0,0.04,0.34,0.28,0.62,0.58,0.02,0.08,0.16,0.2
0.34,0.06,0.1,0.0,0.0,0.62,0.14,0.58,0.12,0.86,0.22,0.0,0.44
0.22,0.12,0.1,0.0,0.0,0.62,0.28,0.72,0.08,0.78,0.1,0.06,0.34
0.22,0.18,0.12,0.0,0.0,0.62,0.34,0.72,0.0,0.58,0.22,0.0,0.44
0.05,0.62,0.18,0.06,0.1,0.34,0.22,0.72,0.28,0.9,0.55,0.3,0.26
0.34,0.52,0.33,0.28,0.03,0.36,0.18,0.72,0.22,0.86,0.62,0.04,0.48
0.78,0.0,0.05,0.0,0.0,0.34,0.18,0.62,0.22,0.3,0.08,0.06,0.2
0.22,0.34,0.06,0.0,0.12,0.28,0.32,0.78,0.0,0.18,0.02,0.62,0.24
0.18,0.52,0.08,0.18,0.12,0.34,0.12,0.62,0.58,0.88,0.46,0.28,0.36
0.12,0.62,0.34,0.18,0.06,0.55,0.3,0.58,0.36,0.88,0.42,0.22,0.28
0.34,0.46,0.38,0.06,0.18,0.44,0.3,0.62,0.42,0.78,0.22,0.16,0.28
0.32,0.18,0.12,0.0,0.0,0.22,0.14,0.62,0.34,0.78,0.22,0.42,0.56
0.22,0.48,0.18,0.06,0.04,0.12,0.14,0.72,0.18,0.62,0.16,0.34,0.28
0.34,0.3,0.32,0.0,0.0,0.18,0.22,0.62,0.3,0.18,0.06,0.28,0.1
0.34,0.33,0.18,0.22,0.16,0.3,0.28,0.62,0.46,0.02,0.1,0.22,0.18
0.12,0.42,0.12,0.03,0.05,0.34,0.18,0.62,0.22,0.78,0.46,0.02,0.28
0.18,0.78,0.12,0.72,0.08,0.34,0.28,0.62,0.3,0.72,0.14,0.22,0.26
0.18,0.55,0.12,0.72,0.0,0.22,0.18,0.62,0.12,0.48,0.08,0.12,0.58
0.0,0.55,0.05,0.05,0.05,0.45,0.15,0.65,0.1,0.6,0.1,0.7,0.05
0.62,0.18,0.12,0.0,0.0,0.22,0.16,0.74,0.18,0.66,0.22,0.14,0.24
0.18,0.42,0.06,0.32,0.12,0.14,0.12,0.78,0.04,0.02,0.1,0.22,0.16
0.1,0.3,0.2,0.0,0.0,0.2,0.2,0.8,0.0,0.3,0.2,0.5,0.4
0.34,0.28,0.12,0.14,0.08,0.3,0.18,0.72,0.1,0.42,0.16,0.06,0.12
0.12,0.62,0.28,0.02,0.1,0.46,0.22,0.58,0.14,0.86,0.34,0.0,0.3
0.22,0.28,0.12,0.02,0.04,0.34,0.18,0.62,0.02,0.58,0.3,0.18,0.26
0.42,0.28,0.18,0.0,0.0,0.34,0.22,0.62,0.06,0.78,0.36,0.0,0.24
0.62,0.34,0.22,0.0,0.06,0.28,0.24,0.58,0.22,0.72,0.18,0.22,0.12
0.18,0.06,0.12,0.0,0.0,0.08,0.22,0.62,0.18,0.0,0.22,0.0,0.18
0.55,0.18,0.12,0.0,0.0,0.22,0.18,0.78,0.18,0.0,0.12,0.32,0.22
0.62,0.12,0.03,0.0,0.0,0.18,0.14,0.72,0.06,0.48,0.08,0.0,0.34
0.12,0.62,0.1,0.0,0.18,0.1,0.14,0.78,0.1,0.34,0.3,0.72,0.22
0.55,0.35,0.1,0.0,0.0,0.22,0.12,0.62,0.18,0.7,0.22,0.55,0.4
0.0,0.85,0.8,0.25,0.0,0.0,0.0,0.15,0.0,0.0,0.0,0.0,0.0
0.34,0.78,0.22,0.12,0.28,0.24,0.18,0.62,0.02,0.22,0.06,0.06,0.26
0.92,0.12,0.1,0.0,0.12,0.18,0.22,0.62,0.0,0.0,0.14,0.0,0.06
0.22,0.46,0.28,0.02,0.18,0.55,0.18,0.62,0.22,0.18,0.06,0.02,0.2
0.18,0.72,0.12,0.62,0.28,0.46,0.22,0.58,0.34,0.22,0.18,0.1,0.2
0.32,0.28,0.06,0.0,0.12,0.22,0.08,0.62,0.14,0.02,0.12,0.06,0.04
0.62,0.34,0.18,0.0,0.22,0.18,0.22,0.52,0.72,0.02,0.06,0.12,0.28
0.62,0.34,0.28,0.0,0.06,0.22,0.24,0.78,0.22,0.46,0.18,0.26,0.32
0.62,0.22,0.38,0.0,0.08,0.18,0.14,0.28,0.86,0.06,0.06,0.12,0.18
0.78,0.22,0.12,0.0,0.0,0.34,0.28,0.72,0.55,0.48,0.08,0.14,0.46
0.0,0.72,0.12,0.78,0.0,0.55,0.22,0.62,0.58,0.9,0.38,0.0,0.08
0.34,0.22,0.06,0.0,0.12,0.18,0.24,0.72,0.08,0.28,0.06,0.26,0.08
0.05,0.62,0.03,0.22,0.02,0.34,0.28,0.78,0.22,0.1,0.06,0.42,0.12
0.02,0.42,0.06,0.08,0.05,0.18,0.22,0.78,0.1,0.06,0.12,0.55,0.04
0.08,0.62,0.22,0.55,0.02,0.34,0.12,0.48,0.52,0.78,0.1,0.0,0.04
0.08,0.78,0.42,0.72,0.12,0.34,0.22,0.62,0.66,0.86,0.18,0.58,0.1
0.18,0.62,0.58,0.08,0.22,0.3,0.44,0.72,0.1,0.86,0.22,0.14,0.1
0.12,0.78,0.22,0.62,0.48,0.44,0.26,0.72,0.46,0.86,0.42,0.28,0.18
0.22,0.62,0.48,0.42,0.12,0.34,0.28,0.72,0.18,0.86,0.44,0.26,0.14
0.05,0.22,0.02,0.0,0.0,0.18,0.24,0.78,0.02,0.0,0.0,0.62,0.08
0.22,0.18,0.06,0.08,0.05,0.2,0.18,0.62,0.06,0.02,0.14,0.1,0.02
0.08,0.62,0.22,0.55,0.12,0.34,0.28,0.72,0.3,0.78,0.26,0.48,0.18
0.08,0.62,0.28,0.55,0.06,0.22,0.18,0.72,0.3,0.78,0.22,0.0,0.06
0.12,0.62,0.08,0.72,0.02,0.22,0.18,0.58,0.46,0.66,0.1,0.44,0.04
0.0,0.62,0.08,0.12,0.0,0.46,0.06,0.58,0.12,0.78,0.0,0.0,0.1
0.22,0.62,0.03,0.1,0.04,0.18,0.08,0.72,0.2,0.78,0.18,0.42,0.2
0.55,0.22,0.02,0.05,0.0,0.08,0.03,0.62,0.18,0.18,0.02,0.12,0.06
0.0,0.42,0.38,0.0,0.0,0.22,0.12,0.34,0.0,0.78,0.28,0.18,0.0
0.12,0.72,0.08,0.18,0.22,0.22,0.18,0.78,0.18,0.55,0.06,0.52,0.04
0.12,0.34,0.03,0.1,0.06,0.22,0.18,0.3,0.28,0.55,0.12,0.2,0.08
0.02,0.62,0.28,0.22,0.03,0.18,0.12,0.55,0.3,0.88,0.06,0.0,0.0
0.12,0.62,0.42,0.48,0.06,0.18,0.22,0.72,0.46,0.58,0.18,0.22,0.02
0.12,0.48,0.22,0.06,0.05,0.34,0.18,0.72,0.18,0.46,0.1,0.55,0.2
0.0,0.55,0.12,0.0,0.0,0.22,0.08,0.62,0.0,0.72,0.0,0.0,0.0
0.0,0.62,0.0,0.34,0.0,0.18,0.0,0.22,0.58,0.86,0.18,0.0,0.0
0.22,0.12,0.0,0.0,0.0,0.08,0.12,0.28,0.0,0.0,0.0,0.0,0.08
0.34,0.12,0.04,0.0,0.0,0.22,0.12,0.62,0.06,0.72,0.06,0.18,0.12
0.08,0.32,0.22,0.02,0.03,0.12,0.28,0.62,0.1,0.48,0.06,0.34,0.14
0.32,0.12,0.0,0.0,0.0,0.08,0.12,0.62,0.12,0.08,0.0,0.38,0.0
0.34,0.12,0.05,0.0,0.0,0.08,0.14,0.62,0.02,0.1,0.04,0.58,0.12
0.18,0.42,0.12,0.14,0.22,0.2,0.18,0.78,0.02,0.55,0.06,0.62,0.1
0.22,0.38,0.08,0.06,0.18,0.34,0.2,0.62,0.28,0.78,0.22,0.3,0.16
0.42,0.28,0.03,0.04,0.02,0.34,0.3,0.62,0.12,0.72,0.38,0.26,0.14
0.22,0.28,0.12,0.06,0.02,0.34,0.18,0.62,0.18,0.78,0.16,0.26,0.14
0.34,0.12,0.01,0.0,0.0,0.08,0.06,0.72,0.08,0.62,0.02,0.18,0.12
0.62,0.08,0.02,0.0,0.0,0.12,0.14,0.55,0.0,0.06,0.0,0.22,0.06
0.34,0.06,0.0,0.0,0.0,0.08,0.12,0.62,0.02,0.0,0.02,0.18,0.0
0.34,0.18,0.06,0.0,0.0,0.22,0.24,0.62,0.06,0.58,0.06,0.22,0.04
0.0,0.55,0.05,0.05,0.05,0.25,0.05,0.35,0.45,0.85,0.05,0.0,0.0
0.0,0.62,0.12,0.28,0.22,0.34,0.18,0.46,0.52,0.86,0.06,0.0,0.08
0.34,0.62,0.38,0.12,0.06,0.3,0.22,0.44,0.36,0.78,0.18,0.06,0.1
0.12,0.62,0.1,0.28,0.18,0.34,0.14,0.58,0.36,0.78,0.3,0.02,0.04
0.62,0.12,0.03,0.0,0.0,0.18,0.34,0.78,0.0,0.0,0.0,0.06,0.04
0.34,0.32,0.12,0.38,0.0,0.22,0.24,0.72,0.3,0.0,0.0,0.18,0.06
0.12,0.72,0.48,0.08,0.06,0.34,0.42,0.78,0.02,0.86,0.38,0.28,0.1
0.22,0.48,0.18,0.12,0.03,0.34,0.26,0.62,0.28,0.78,0.36,0.02,0.06
0.0,0.62,0.12,0.05,0.0,0.55,0.28,0.72,0.32,0.48,0.42,0.22,0.06
0.42,0.28,0.22,0.02,0.06,0.44,0.36,0.62,0.3,0.78,0.06,0.04,0.34
0.22,0.62,0.18,0.08,0.12,0.34,0.24,0.72,0.38,0.86,0.28,0.06,0.18
0.42,0.14,0.06,0.03,0.0,0.18,0.16,0.72,0.22,0.0,0.12,0.24,0.18
0.34,0.22,0.03,0.0,0.0,0.28,0.26,0.62,0.18,0.0,0.12,0.33,0.08
0.34,0.06,0.12,0.0,0.0,0.18,0.22,0.62,0.0,0.38,0.24,0.0,0.14
0.0,0.62,0.03,0.55,0.22,0.24,0.06,0.38,0.78,0.86,0.12,0.12,0.08
0.22,0.62,0.28,0.34,0.18,0.46,0.24,0.72,0.58,0.74,0.18,0.34,0.26
0.34,0.52,0.12,0.02,0.1,0.46,0.18,0.72,0.38,0.62,0.08,0.44,0.22
0.22,0.48,0.06,0.18,0.05,0.34,0.2,0.62,0.3,0.66,0.22,0.18,0.24
0.02,0.62,0.12,0.58,0.18,0.46,0.22,0.72,0.66,0.86,0.28,0.34,0.14
0.62,0.22,0.06,0.0,0.08,0.18,0.12,0.72,0.22,0.12,0.06,0.04,0.24
0.12,0.48,0.22,0.05,0.18,0.34,0.18,0.62,0.46,0.78,0.1,0.16,0.24
0.42,0.22,0.06,0.0,0.12,0.24,0.28,0.78,0.06,0.48,0.08,0.12,0.18
0.12,0.62,0.18,0.55,0.22,0.34,0.28,0.78,0.58,0.86,0.1,0.32,0.3
0.18,0.52,0.22,0.06,0.1,0.3,0.28,0.72,0.26,0.62,0.18,0.24,0.2
0.12,0.62,0.18,0.34,0.22,0.48,0.22,0.72,0.28,0.86,0.44,0.38,0.16
0.52,0.28,0.18,0.0,0.34,0.34,0.16,0.62,0.18,0.22,0.06,0.06,0.12
0.22,0.38,0.06,0.08,0.34,0.24,0.14,0.62,0.22,0.46,0.18,0.26,0.3
0.0,0.78,0.08,0.22,0.34,0.32,0.06,0.72,0.46,0.62,0.18,0.0,0.0
0.42,0.28,0.12,0.0,0.06,0.34,0.08,0.62,0.0,0.22,0.26,0.0,0.08
0.62,0.18,0.03,0.06,0.0,0.34,0.12,0.72,0.02,0.22,0.16,0.04,0.14
0.12,0.52,0.18,0.46,0.06,0.44,0.22,0.62,0.28,0.06,0.1,0.22,0.2
0.18,0.62,0.22,0.08,0.12,0.34,0.28,0.78,0.06,0.22,0.1,0.26,0.14
0.12,0.52,0.38,0.18,0.22,0.22,0.28,0.62,0.0,0.72,0.06,0.0,0.0
0.12,0.72,0.18,0.52,0.08,0.46,0.14,0.62,0.58,0.66,0.22,0.02,0.1
0.0,0.78,0.12,0.42,0.08,0.62,0.38,0.72,0.12,0.92,0.58,0.74,0.02
0.32,0.38,0.14,0.06,0.02,0.3,0.1,0.62,0.22,0.55,0.06,0.02,0.0
0.12,0.78,0.05,0.62,0.48,0.44,0.1,0.72,0.66,0.86,0.1,0.22,0.12
0.22,0.62,0.12,0.18,0.08,0.24,0.2,0.78,0.18,0.72,0.34,0.4,0.14
0.08,0.78,0.22,0.55,0.18,0.42,0.18,0.72,0.48,0.86,0.22,0.26,0.24
0.34,0.18,0.04,0.06,0.0,0.08,0.12,0.62,0.0,0.28,0.14,0.0,0.12
0.0,0.78,0.22,0.32,0.06,0.18,0.16,0.72,0.44,0.86,0.06,0.34,0.02
0.08,0.62,0.22,0.48,0.18,0.34,0.2,0.58,0.55,0.72,0.12,0.02,0.28
0.18,0.72,0.06,0.62,0.04,0.34,0.12,0.58,0.55,0.66,0.1,0.08,0.02
0.62,0.06,0.0,0.0,0.0,0.22,0.12,0.58,0.04,0.22,0.12,0.04,0.12
0.72,0.12,0.18,0.0,0.0,0.34,0.28,0.62,0.22,0.48,0.14,0.04,0.08
0.62,0.28,0.12,0.08,0.04,0.22,0.1,0.48,0.58,0.02,0.1,0.18,0.14
0.45,0.12,0.0,0.0,0.0,0.12,0.08,0.55,0.0,0.0,0.0,0.0,0.18
0.35,0.25,0.0,0.0,0.0,0.0,0.05,0.35,0.25,0.05,0.0,0.0,0.0
0.18,0.62,0.12,0.38,0.08,0.34,0.1,0.72,0.1,0.58,0.06,0.04,0.22
0.45,0.25,0.0,0.0,0.2,0.15,0.1,0.35,0.0,0.0,0.0,0.0,0.0
0.35,0.55,0.05,0.35,0.0,0.25,0.2,0.55,0.2,0.15,0.05,0.0,0.25
0.22,0.12,0.02,0.0,0.0,0.08,0.12,0.28,0.12,0.22,0.0,0.0,0.0
0.18,0.52,0.12,0.08,0.05,0.22,0.28,0.62,0.02,0.7,0.1,0.18,0.08
0.75,0.0,0.0,0.0,0.0,0.25,0.2,0.55,0.0,0.2,0.1,0.0,0.15
0.0,0.62,0.46,0.28,0.06,0.52,0.44,0.58,0.22,0.86,0.48,0.04,0.18
0.05,0.78,0.22,0.28,0.12,0.34,0.26,0.86,0.1,0.92,0.62,0.3,0.24
0.42,0.38,0.18,0.02,0.01,0.55,0.34,0.62,0.1,0.48,0.08,0.06,0.46
0.62,0.38,0.22,0.0,0.0,0.46,0.34,0.72,0.0,0.66,0.18,0.0,0.28
0.82,0.12,0.03,0.0,0.0,0.18,0.14,0.72,0.0,0.06,0.0,0.02,0.08
0.42,0.38,0.18,0.0,0.14,0.22,0.26,0.78,0.18,0.12,0.06,0.24,0.12
0.12,0.72,0.18,0.55,0.02,0.46,0.22,0.62,0.18,0.58,0.1,0.14,0.34
0.12,0.62,0.08,0.48,0.02,0.55,0.28,0.72,0.18,0.78,0.1,0.58,0.22
0.86,0.12,0.03,0.0,0.02,0.22,0.12,0.78,0.34,0.32,0.18,0.06,0.14
0.62,0.38,0.06,0.22,0.02,0.34,0.28,0.78,0.3,0.36,0.18,0.58,0.26
0.62,0.18,0.12,0.16,0.0,0.22,0.24,0.72,0.08,0.34,0.06,0.22,0.18
0.62,0.22,0.04,0.01,0.0,0.18,0.16,0.78,0.0,0.06,0.06,0.14,0.24
0.34,0.38,0.18,0.06,0.08,0.42,0.28,0.78,0.02,0.03,0.12,0.06,0.22
0.0,0.62,0.22,0.48,0.0,0.55,0.28,0.34,0.18,0.78,0.12,0.0,0.16
0.05,0.62,0.28,0.55,0.0,0.12,0.18,0.42,0.12,0.48,0.05,0.0,0.0
0.42,0.38,0.12,0.34,0.02,0.33,0.08,0.72,0.1,0.62,0.18,0.03,0.14
0.34,0.18,0.08,0.02,0.14,0.22,0.16,0.62,0.1,0.55,0.04,0.06,0.18
0.18,0.42,0.12,0.34,0.08,0.46,0.14,0.62,0.28,0.74,0.12,0.22,0.06
0.25,0.12,0.05,0.0,0.0,0.22,0.28,0.55,0.0,0.0,0.0,0.32,0.0
0.0,0.62,0.34,0.0,0.0,0.28,0.38,0.72,0.22,0.0,0.36,0.58,0.24
0.12,0.58,0.62,0.05,0.06,0.44,0.46,0.78,0.1,0.72,0.18,0.22,0.2
0.34,0.28,0.18,0.03,0.1,0.22,0.26,0.72,0.22,0.18,0.2,0.42,0.24
0.12,0.58,0.12,0.52,0.04,0.46,0.18,0.72,0.02,0.78,0.22,0.22,0.18
0.22,0.55,0.06,0.62,0.02,0.34,0.18,0.72,0.18,0.48,0.28,0.06,0.2
0.12,0.18,0.12,0.0,0.0,0.34,0.22,0.62,0.0,0.78,0.38,0.12,0.18
0.18,0.42,0.22,0.03,0.08,0.28,0.2,0.72,0.1,0.18,0.34,0.14,0.16
0.32,0.18,0.06,0.0,0.0,0.22,0.18,0.72,0.28,0.06,0.22,0.22,0.18
0.22,0.18,0.12,0.03,0.0,0.24,0.14,0.62,0.0,0.28,0.34,0.06,0.18
0.1,0.3,0.1,0.0,0.0,0.3,0.4,0.6,0.4,0.8,0.2,0.0,0.1
0.18,0.62,0.34,0.12,0.06,0.46,0.38,0.72,0.1,0.78,0.58,0.22,0.2
0.24,0.62,0.18,0.12,0.06,0.34,0.28,0.78,0.22,0.3,0.08,0.36,0.22
0.0,0.78,0.08,0.22,0.05,0.24,0.12,0.72,0.22,0.55,0.32,0.7,0.28
0.42,0.12,0.03,0.0,0.0,0.18,0.34,0.62,0.12,0.0,0.0,0.22,0.06
0.42,0.22,0.06,0.18,0.0,0.18,0.24,0.62,0.22,0.06,0.1,0.3,0.16
0.08,0.34,0.12,0.06,0.0,0.22,0.18,0.62,0.18,0.12,0.0,0.22,0.06
0.0,0.78,0.34,0.12,0.08,0.46,0.28,0.72,0.22,0.62,0.32,0.66,0.14
0.12,0.62,0.12,0.38,0.06,0.34,0.28,0.72,0.22,0.66,0.22,0.34,0.26
0.1,0.6,0.5,0.1,0.2,0.5,0.5,0.6,0.3,0.6,0.1,0.2,0.2
0.18,0.62,0.28,0.08,0.02,0.46,0.34,0.72,0.22,0.66,0.38,0.22,0.24
0.34,0.52,0.22,0.0,0.18,0.33,0.28,0.72,0.62,0.12,0.08,0.58,0.22
0.34,0.28,0.12,0.22,0.0,0.24,0.26,0.62,0.34,0.02,0.02,0.12,0.08
0.0,0.72,0.18,0.62,0.22,0.34,0.28,0.66,0.38,0.64,0.22,0.52,0.0
0.0,0.42,0.48,0.0,0.0,0.34,0.22,0.62,0.18,0.86,0.44,0.0,0.0
0.22,0.28,0.18,0.05,0.06,0.34,0.42,0.78,0.08,0.72,0.46,0.18,0.2
0.1,0.3,0.2,0.0,0.0,0.6,0.7,0.8,0.0,0.8,0.4,0.6,0.3
0.22,0.34,0.12,0.08,0.03,0.3,0.24,0.62,0.1,0.78,0.22,0.06,0.18
0.62,0.22,0.08,0.0,0.0,0.34,0.28,0.72,0.12,0.14,0.08,0.38,0.18
0.22,0.55,0.18,0.72,0.02,0.18,0.14,0.62,0.48,0.12,0.1,0.2,0.06
0.08,0.28,0.22,0.26,0.02,0.34,0.3,0.62,0.18,0.44,0.1,0.0,0.06
0.18,0.12,0.14,0.0,0.1,0.34,0.28,0.42,0.22,0.78,0.26,0.08,0.06
0.22,0.12,0.08,0.0,0.0,0.34,0.18,0.62,0.1,0.78,0.2,0.04,0.14
0.22,0.34,0.18,0.06,0.02,0.42,0.28,0.62,0.18,0.72,0.3,0.2,0.1
0.18,0.22,0.12,0.02,0.0,0.24,0.2,0.62,0.28,0.86,0.34,0.0,0.22
0.18,0.42,0.12,0.0,0.14,0.22,0.28,0.62,0.55,0.06,0.12,0.58,0.26
0.62,0.08,0.1,0.0,0.0,0.34,0.46,0.78,0.22,0.1,0.06,0.18,0.3
0.34,0.12,0.06,0.0,0.0,0.42,0.22,0.62,0.04,0.78,0.22,0.04,0.28
0.12,0.58,0.22,0.12,0.02,0.62,0.18,0.55,0.78,0.92,0.28,0.1,0.2
0.02,0.72,0.18,0.62,0.12,0.55,0.22,0.58,0.34,0.78,0.36,0.28,0.1
0.12,0.72,0.18,0.08,0.12,0.48,0.1,0.62,0.55,0.86,0.42,0.58,0.22
0.03,0.72,0.08,0.34,0.06,0.46,0.38,0.62,0.66,0.86,0.18,0.44,0.1
0.42,0.62,0.22,0.02,0.08,0.34,0.38,0.78,0.02,0.36,0.1,0.06,0.18
0.42,0.28,0.22,0.0,0.0,0.24,0.26,0.62,0.18,0.34,0.08,0.04,0.06
0.0,0.78,0.52,0.12,0.18,0.56,0.22,0.62,0.58,0.88,0.66,0.0,0.08
0.02,0.78,0.22,0.34,0.06,0.52,0.38,0.62,0.58,0.86,0.28,0.44,0.06
0.02,0.78,0.18,0.22,0.06,0.22,0.2,0.62,0.34,0.86,0.32,0.22,0.06
0.0,0.86,0.22,0.74,0.12,0.34,0.18,0.62,0.78,0.72,0.18,0.66,0.04
0.06,0.78,0.12,0.18,0.22,0.22,0.2,0.72,0.18,0.7,0.1,0.34,0.04
0.42,0.22,0.12,0.0,0.0,0.08,0.18,0.62,0.34,0.0,0.0,0.38,0.12
0.34,0.28,0.12,0.0,0.0,0.42,0.46,0.62,0.0,0.18,0.08,0.36,0.22
0.0,0.62,0.55,0.12,0.0,0.42,0.22,0.78,0.18,0.72,0.12,0.0,0.18
0.0,0.55,0.25,0.0,0.0,0.35,0.55,0.6,0.0,0.65,0.6,0.0,0.0
0.42,0.34,0.28,0.0,0.06,0.33,0.46,0.78,0.0,0.62,0.18,0.22,0.24
0.42,0.48,0.06,0.55,0.02,0.46,0.34,0.72,0.28,0.78,0.1,0.18,0.4
0.62,0.14,0.12,0.0,0.0,0.34,0.12,0.78,0.32,0.38,0.08,0.18,0.22
0.42,0.12,0.02,0.0,0.0,0.12,0.18,0.78,0.0,0.0,0.08,0.18,0.06
0.62,0.12,0.06,0.0,0.0,0.22,0.14,0.58,0.34,0.12,0.08,0.06,0.12
0.18,0.42,0.08,0.02,0.18,0.22,0.2,0.62,0.22,0.7,0.32,0.22,0.28
0.34,0.12,0.06,0.0,0.0,0.22,0.24,0.62,0.28,0.72,0.08,0.18,0.22
0.62,0.28,0.12,0.0,0.0,0.34,0.22,0.66,0.42,0.58,0.18,0.0,0.26
0.22,0.55,0.32,0.08,0.02,0.34,0.24,0.62,0.18,0.78,0.46,0.18,0.28
0.42,0.22,0.12,0.0,0.08,0.34,0.28,0.62,0.08,0.38,0.36,0.26,0.14
0.46,0.22,0.03,0.0,0.0,0.18,0.12,0.78,0.22,0.62,0.18,0.06,0.24
0.42,0.12,0.03,0.0,0.0,0.22,0.18,0.62,0.55,0.02,0.04,0.18,0.24
0.12,0.28,0.14,0.0,0.0,0.34,0.22,0.72,0.08,0.62,0.18,0.38,0.16
0.05,0.78,0.62,0.22,0.0,0.28,0.08,0.12,0.22,0.86,0.34,0.0,0.0
0.22,0.62,0.18,0.55,0.05,0.34,0.2,0.72,0.02,0.58,0.22,0.0,0.18
0.62,0.34,0.08,0.18,0.02,0.12,0.1,0.48,0.06,0.3,0.14,0.0,0.22
0.62,0.38,0.12,0.46,0.02,0.22,0.18,0.78,0.34,0.44,0.26,0.28,0.24
0.62,0.22,0.03,0.0,0.0,0.18,0.12,0.78,0.05,0.18,0.0,0.34,0.06
0.55,0.12,0.0,0.0,0.0,0.0,0.0,0.6,0.0,0.0,0.0,0.0,0.0
0.0,0.55,0.35,0.1,0.05,0.25,0.15,0.7,0.0,0.75,0.1,0.0,0.0
0.0,0.42,0.12,0.06,0.08,0.34,0.28,0.55,0.18,0.62,0.12,0.32,0.14
0.0,0.55,0.12,0.05,0.08,0.18,0.32,0.62,0.28,0.22,0.06,0.48,0.14
0.62,0.34,0.06,0.0,0.0,0.18,0.12,0.55,0.0,0.28,0.0,0.0,0.08
0.32,0.38,0.12,0.18,0.0,0.06,0.14,0.62,0.0,0.34,0.08,0.0,0.22
0.05,0.55,0.12,0.38,0.02,0.1,0.18,0.78,0.02,0.18,0.08,0.22,0.1
0.22,0.34,0.18,0.06,0.0,0.12,0.14,0.62,0.08,0.12,0.08,0.22,0.1
0.0,0.62,0.08,0.18,0.0,0.34,0.22,0.28,0.22,0.72,0.12,0.0,0.0
0.34,0.18,0.03,0.0,0.0,0.12,0.22,0.62,0.0,0.28,0.02,0.22,0.12
0.55,0.05,0.0,0.0,0.0,0.0,0.0,0.35,0.0,0.0,0.0,0.0,0.45
0.0,0.55,0.0,0.25,0.0,0.2,0.0,0.35,0.45,0.4,0.1,0.0,0.0
0.35,0.15,0.0,0.0,0.0,0.1,0.0,0.55,0.0,0.1,0.0,0.3,0.0
0.2,0.1,0.0,0.0,0.0,0.3,0.2,0.6,0.0,0.0,0.0,0.0,0.3
0.0,0.32,0.0,0.0,0.0,0.18,0.06,0.22,0.28,0.62,0.0,0.0,0.0
0.0,0.42,0.0,0.0,0.34,0.12,0.18,0.62,0.08,0.55,0.22,0.0,0.0
0.05,0.62,0.05,0.12,0.06,0.08,0.02,0.72,0.0,0.22,0.12,0.38,0.28
0.55,0.0,0.0,0.0,0.0,0.12,0.0,0.35,0.0,0.35,0.0,0.0,0.0
0.0,0.35,0.05,0.0,0.0,0.12,0.18,0.55,0.08,0.75,0.22,0.0,0.0
0.0,0.2,0.0,0.0,0.0,0.0,0.1,0.2,0.0,0.3,0.0,0.0,0.0
0.1,0.2,0.0,0.0,0.0,0.2,0.1,0.1,0.0,0.3,0.0,0.0,0.0
0.62,0.22,0.06,0.18,0.0,0.18,0.12,0.78,0.0,0.18,0.0,0.0,0.08
0.34,0.42,0.03,0.28,0.0,0.22,0.24,0.55,0.18,0.62,0.06,0.02,0.05
0.32,0.62,0.02,0.78,0.01,0.18,0.12,0.72,0.28,0.3,0.06,0.22,0.08
0.1,0.75,0.1,0.8,0.2,0.25,0.2,0.55,0.45,0.05,0.05,0.0,0.15
0.0,0.62,0.18,0.34,0.06,0.3,0.22,0.78,0.0,0.22,0.12,0.28,0.06
0.02,0.78,0.18,0.06,0.1,0.22,0.34,0.72,0.01,0.1,0.08,0.92,0.06
0.34,0.22,0.1,0.12,0.0,0.12,0.18,0.62,0.18,0.46,0.06,0.06,0.14
0.12,0.62,0.18,0.34,0.22,0.28,0.24,0.78,0.22,0.26,0.1,0.58,0.2
0.62,0.48,0.18,0.34,0.06,0.33,0.22,0.58,0.36,0.44,0.04,0.06,0.1
0.12,0.62,0.18,0.05,0.06,0.22,0.14,0.78,0.06,0.34,0.12,0.28,0.2
0.62,0.18,0.03,0.02,0.02,0.34,0.16,0.72,0.01,0.12,0.03,0.06,0.22
0.22,0.55,0.18,0.32,0.12,0.24,0.14,0.72,0.06,0.48,0.2,0.18,0.16
0.22,0.48,0.12,0.42,0.03,0.34,0.28,0.62,0.18,0.72,0.08,0.18,0.2
0.0,0.2,0.0,0.0,0.0,0.1,0.0,0.1,0.0,0.4,0.0,0.0,0.0
0.0,0.42,0.12,0.0,0.18,0.34,0.22,0.62,0.0,0.78,0.0,0.28,0.0
0.0,0.55,0.0,0.6,0.0,0.15,0.0,0.35,0.0,0.75,0.0,0.0,0.0
0.0,0.42,0.05,0.28,0.06,0.12,0.18,0.62,0.12,0.28,0.06,0.18,0.04
0.0,0.2,0.1,0.0,0.0,0.0,0.2,0.6,0.1,0.4,0.3,0.3,0.0
0.0,0.45,0.0,0.0,0.25,0.2,0.05,0.75,0.0,0.0,0.15,0.7,0.1
0.0,0.42,0.12,0.0,0.0,0.06,0.0,0.62,0.0,0.55,0.18,0.08,0.0
0.0,0.32,0.0,0.0,0.0,0.18,0.0,0.22,0.12,0.14,0.0,0.18,0.0
0.0,0.35,0.0,0.55,0.0,0.12,0.0,0.25,0.0,0.45,0.0,0.0,0.0
0.22,0.18,0.02,0.0,0.0,0.12,0.14,0.42,0.0,0.28,0.08,0.0,0.0
0.15,0.25,0.0,0.0,0.0,0.05,0.0,0.55,0.0,0.55,0.25,0.0,0.0
0.42,0.18,0.0,0.0,0.0,0.12,0.06,0.62,0.22,0.0,0.0,0.34,0.0
0.2,0.1,0.0,0.0,0.0,0.0,0.0,0.3,0.0,0.0,0.0,0.0,0.0
0.0,0.35,0.0,0.0,0.0,0.0,0.1,0.25,0.0,0.0,0.0,0.0,0.0
0.0,0.22,0.0,0.0,0.0,0.12,0.38,0.34,0.0,0.28,0.12,0.0,0.0
0.0,0.62,0.22,0.0,0.0,0.34,0.18,0.78,0.12,0.66,0.18,0.58,0.0
0.02,0.72,0.08,0.18,0.12,0.22,0.2,0.62,0.22,0.88,0.34,0.28,0.04
0.18,0.22,0.06,0.0,0.0,0.24,0.28,0.62,0.0,0.55,0.08,0.12,0.04
0.55,0.08,0.02,0.0,0.0,0.22,0.18,0.62,0.0,0.18,0.0,0.28,0.06
0.05,0.78,0.12,0.22,0.06,0.46,0.34,0.72,0.28,0.82,0.18,0.08,0.14
0.0,0.78,0.18,0.06,0.0,0.22,0.24,0.62,0.0,0.86,0.34,0.46,0.0
0.12,0.62,0.18,0.02,0.06,0.34,0.22,0.78,0.0,0.58,0.12,0.72,0.18
0.0,0.12,0.0,0.0,0.0,0.22,0.18,0.55,0.0,0.42,0.0,0.08,0.0
0.0,0.62,0.18,0.0,0.0,0.44,0.36,0.78,0.0,0.86,0.34,0.42,0.12
0.12,0.62,0.08,0.18,0.06,0.46,0.22,0.72,0.06,0.78,0.44,0.02,0.18
0.0,0.2,0.0,0.0,0.0,0.1,0.2,0.7,0.0,0.0,0.0,0.4,0.0
0.42,0.12,0.0,0.0,0.0,0.18,0.0,0.62,0.0,0.0,0.0,0.28,0.14
0.0,0.82,0.22,0.55,0.62,0.48,0.28,0.95,0.18,0.78,0.0,0.0,0.12
0.22,0.18,0.06,0.0,0.08,0.24,0.2,0.72,0.0,0.18,0.08,0.34,0.12
0.22,0.62,0.28,0.02,0.18,0.34,0.18,0.78,0.1,0.72,0.18,0.46,0.44
0.05,0.72,0.28,0.22,0.18,0.22,0.3,0.78,0.0,0.55,0.08,0.88,0.06
0.22,0.28,0.12,0.08,0.0,0.34,0.32,0.78,0.38,0.12,0.14,0.42,0.18
0.58,0.18,0.03,0.0,0.06,0.34,0.14,0.62,0.0,0.06,0.12,0.12,0.0
0.08,0.62,0.22,0.02,0.06,0.34,0.28,0.78,0.01,0.55,0.12,0.72,0.18
0.08,0.62,0.06,0.03,0.28,0.22,0.18,0.86,0.0,0.58,0.34,0.52,0.2
0.34,0.62,0.18,0.55,0.06,0.3,0.28,0.72,0.58,0.66,0.12,0.52,0.22
0.12,0.62,0.22,0.08,0.38,0.34,0.18,0.72,0.28,0.3,0.1,0.26,0.2
0.34,0.62,0.12,0.28,0.02,0.33,0.3,0.58,0.12,0.22,0.26,0.02,0.1
0.62,0.28,0.12,0.0,0.0,0.22,0.24,0.78,0.06,0.04,0.34,0.26,0.18
0.34,0.62,0.18,0.46,0.06,0.33,0.22,0.86,0.02,0.28,0.24,0.38,0.2
0.12,0.62,0.08,0.06,0.34,0.22,0.18,0.78,0.02,0.48,0.28,0.42,0.36
0.0,0.78,0.12,0.18,0.06,0.22,0.08,0.62,0.08,0.72,0.18,0.06,0.0
0.12,0.62,0.08,0.38,0.06,0.48,0.22,0.78,0.0,0.55,0.28,0.32,0.06
0.34,0.46,0.22,0.03,0.05,0.3,0.18,0.78,0.02,0.42,0.4,0.18,0.1
0.22,0.62,0.08,0.12,0.18,0.34,0.46,0.86,0.02,0.38,0.14,0.72,0.04
0.22,0.18,0.03,0.0,0.0,0.18,0.12,0.62,0.0,0.04,0.0,0.0,0.12
0.42,0.18,0.06,0.0,0.0,0.14,0.22,0.62,0.0,0.0,0.0,0.12,0.0
0.22,0.12,0.05,0.0,0.0,0.18,0.24,0.62,0.0,0.18,0.12,0.08,0.06
0.18,0.62,0.22,0.12,0.06,0.34,0.28,0.72,0.0,0.78,0.22,0.34,0.06
0.46,0.34,0.06,0.02,0.18,0.1,0.12,0.78,0.0,0.42,0.1,0.14,0.08
0.62,0.18,0.03,0.02,0.0,0.22,0.24,0.78,0.04,0.32,0.22,0.02,0.08
0.42,0.22,0.06,0.0,0.0,0.24,0.12,0.78,0.0,0.62,0.18,0.14,0.34
0.62,0.08,0.03,0.0,0.0,0.18,0.22,0.78,0.0,0.0,0.0,0.12,0.06
0.62,0.12,0.04,0.0,0.0,0.18,0.22,0.72,0.0,0.0,0.0,0.12,0.0
0.05,0.55,0.15,0.25,0.05,0.18,0.22,0.62,0.0,0.55,0.35,0.0,0.0
0.05,0.62,0.18,0.58,0.02,0.44,0.22,0.34,0.46,0.66,0.12,0.14,0.1
0.42,0.22,0.24,0.0,0.0,0.55,0.48,0.72,0.12,0.78,0.12,0.22,0.18
0.12,0.62,0.46,0.18,0.08,0.74,0.66,0.78,0.52,0.86,0.34,0.3,0.22
0.62,0.22,0.12,0.0,0.0,0.55,0.34,0.72,0.28,0.78,0.06,0.0,0.26
0.62,0.22,0.28,0.0,0.06,0.34,0.32,0.72,0.22,0.3,0.04,0.18,0.26
0.18,0.28,0.42,0.0,0.06,0.34,0.32,0.62,0.38,0.22,0.08,0.12,0.24
0.34,0.46,0.38,0.02,0.01,0.72,0.66,0.78,0.42,0.86,0.18,0.14,0.3
0.22,0.48,0.24,0.02,0.03,0.46,0.28,0.72,0.01,0.78,0.62,0.06,0.58
0.12,0.0,0.03,0.0,0.0,0.18,0.06,0.78,0.0,0.62,0.08,0.22,0.14
0.12,0.62,0.55,0.05,0.08,0.58,0.52,0.78,0.12,0.88,0.62,0.72,0.28
0.18,0.62,0.22,0.03,0.24,0.66,0.34,0.72,0.28,0.86,0.38,0.06,0.3
0.34,0.22,0.18,0.0,0.0,0.46,0.44,0.86,0.18,0.3,0.12,0.34,0.3
0.18,0.42,0.38,0.02,0.03,0.55,0.46,0.72,0.1,0.22,0.24,0.2,0.34
0.0,0.62,0.55,0.05,0.0,0.58,0.52,0.72,0.05,0.9,0.78,0.22,0.28
0.12,0.62,0.28,0.05,0.22,0.46,0.18,0.58,0.72,0.92,0.34,0.08,0.24
0.78,0.0,0.0,0.0,0.0,0.34,0.22,0.46,0.62,0.44,0.06,0.12,0.28
0.34,0.32,0.08,0.22,0.06,0.24,0.2,0.62,0.28,0.7,0.1,0.02,0.18
0.72,0.03,0.0,0.0,0.0,0.12,0.04,0.62,0.08,0.02,0.0,0.18,0.22
0.72,0.12,0.18,0.0,0.0,0.12,0.12,0.78,0.22,0.08,0.0,0.34,0.12
0.22,0.48,0.18,0.32,0.12,0.44,0.34,0.62,0.1,0.36,0.18,0.08,0.2
0.42,0.18,0.06,0.0,0.0,0.22,0.24,0.62,0.06,0.48,0.18,0.04,0.22
0.22,0.48,0.34,0.08,0.18,0.46,0.42,0.62,0.44,0.78,0.18,0.12,0.22
0.22,0.62,0.08,0.55,0.18,0.46,0.28,0.72,0.34,0.58,0.12,0.02,0.26
0.62,0.12,0.06,0.0,0.0,0.34,0.28,0.58,0.22,0.26,0.12,0.18,0.44
0.62,0.08,0.02,0.0,0.03,0.22,0.12,0.78,0.0,0.12,0.02,0.12,0.08
0.55,0.12,0.08,0.0,0.0,0.18,0.12,0.62,0.22,0.12,0.05,0.18,0.12
0.34,0.42,0.12,0.18,0.06,0.33,0.22,0.62,0.1,0.72,0.38,0.16,0.28
0.03,0.42,0.28,0.02,0.05,0.34,0.22,0.62,0.0,0.55,0.38,0.08,0.18
0.0,0.62,0.08,0.12,0.0,0.34,0.28,0.55,0.0,0.72,0.22,0.26,0.0
0.22,0.38,0.12,0.02,0.0,0.44,0.28,0.72,0.12,0.86,0.34,0.22,0.18
0.18,0.28,0.12,0.0,0.0,0.34,0.42,0.78,0.0,0.38,0.12,0.62,0.18
0.12,0.06,0.0,0.0,0.0,0.18,0.08,0.62,0.0,0.0,0.0,0.22,0.1
0.34,0.22,0.28,0.0,0.0,0.12,0.24,0.62,0.0,0.18,0.06,0.12,0.08
0.18,0.42,0.14,0.0,0.0,0.46,0.34,0.62,0.0,0.72,0.12,0.44,0.22
0.22,0.28,0.06,0.02,0.0,0.34,0.32,0.62,0.18,0.72,0.26,0.18,0.24
0.34,0.32,0.18,0.0,0.0,0.28,0.22,0.36,0.0,0.62,0.26,0.18,0.12
0.0,0.55,0.25,0.05,0.0,0.55,0.6,0.75,0.0,0.7,0.35,0.45,0.0
0.18,0.42,0.22,0.0,0.12,0.34,0.28,0.62,0.06,0.72,0.26,0.18,0.14
0.34,0.28,0.22,0.0,0.0,0.33,0.27,0.62,0.0,0.46,0.08,0.18,0.12
0.22,0.18,0.06,0.0,0.0,0.28,0.24,0.42,0.0,0.04,0.18,0.12,0.06
0.12,0.34,0.32,0.0,0.0,0.28,0.22,0.62,0.12,0.78,0.58,0.22,0.18
0.32,0.38,0.34,0.06,0.02,0.42,0.22,0.78,0.01,0.86,0.58,0.22,0.36
0.1,0.55,0.35,0.0,0.0,0.45,0.3,0.55,0.05,0.9,0.55,0.0,0.25
0.12,0.58,0.34,0.08,0.22,0.46,0.28,0.62,0.74,0.18,0.06,0.02,0.2
0.32,0.34,0.12,0.0,0.0,0.28,0.3,0.62,0.08,0.72,0.18,0.38,0.22
0.12,0.62,0.22,0.18,0.38,0.34,0.28,0.72,0.46,0.02,0.1,0.3,0.22
0.22,0.46,0.34,0.02,0.18,0.33,0.36,0.62,0.18,0.1,0.08,0.06,0.2
0.32,0.22,0.06,0.0,0.0,0.18,0.12,0.72,0.22,0.62,0.24,0.06,0.22
0.62,0.18,0.22,0.0,0.0,0.34,0.46,0.72,0.12,0.44,0.14,0.22,0.26
0.18,0.52,0.34,0.22,0.12,0.28,0.33,0.72,0.55,0.3,0.14,0.26,0.24
0.62,0.18,0.06,0.0,0.0,0.34,0.22,0.78,0.12,0.58,0.08,0.28,0.32
0.42,0.34,0.18,0.03,0.02,0.33,0.28,0.62,0.22,0.78,0.26,0.14,0.3
0.22,0.28,0.06,0.02,0.1,0.18,0.2,0.62,0.34,0.04,0.18,0.22,0.1
0.12,0.62,0.18,0.28,0.34,0.34,0.22,0.72,0.58,0.02,0.08,0.06,0.1
0.62,0.18,0.06,0.0,0.08,0.34,0.22,0.72,0.55,0.28,0.04,0.14,0.16
0.12,0.62,0.18,0.02,0.03,0.34,0.22,0.72,0.01,0.86,0.28,0.04,0.2
0.0,0.35,0.05,0.0,0.0,0.1,0.2,0.25,0.0,0.3,0.0,0.0,0.0
0.72,0.0,0.0,0.0,0.0,0.12,0.0,0.62,0.18,0.12,0.0,0.0,0.08
0.28,0.42,0.18,0.08,0.06,0.22,0.26,0.62,0.06,0.72,0.1,0.08,0.24
0.62,0.22,0.03,0.02,0.02,0.1,0.06,0.78,0.55,0.01,0.06,0.2,0.18
0.42,0.12,0.08,0.0,0.0,0.12,0.18,0.62,0.06,0.72,0.08,0.12,0.28
0.72,0.12,0.05,0.0,0.0,0.22,0.18,0.62,0.0,0.48,0.05,0.28,0.34
0.34,0.62,0.18,0.22,0.05,0.12,0.24,0.58,0.18,0.66,0.06,0.16,0.28
0.42,0.34,0.18,0.06,0.08,0.22,0.28,0.78,0.1,0.62,0.18,0.2,0.3
0.62,0.18,0.06,0.0,0.0,0.12,0.22,0.78,0.0,0.58,0.08,0.12,0.46
0.55,0.28,0.18,0.0,0.12,0.12,0.18,0.62,0.08,0.32,0.12,0.22,0.26
0.42,0.22,0.03,0.0,0.0,0.12,0.18,0.62,0.0,0.0,0.14,0.34,0.22
0.62,0.12,0.06,0.0,0.0,0.08,0.14,0.72,0.0,0.18,0.12,0.22,0.12
0.62,0.22,0.06,0.0,0.0,0.08,0.18,0.72,0.0,0.28,0.12,0.26,0.22
0.42,0.22,0.18,0.0,0.0,0.12,0.24,0.62,0.0,0.48,0.0,0.0,0.22
0.06,0.72,0.18,0.34,0.02,0.48,0.22,0.62,0.58,0.86,0.28,0.04,0.1
0.22,0.62,0.24,0.38,0.06,0.34,0.28,0.58,0.52,0.78,0.26,0.44,0.2
0.22,0.62,0.18,0.34,0.06,0.3,0.2,0.72,0.14,0.78,0.22,0.3,0.28
0.32,0.55,0.18,0.22,0.05,0.34,0.3,0.72,0.08,0.22,0.28,0.48,0.44
0.12,0.62,0.28,0.18,0.14,0.3,0.34,0.78,0.06,0.1,0.12,0.3,0.26
0.12,0.55,0.28,0.22,0.05,0.34,0.3,0.42,0.3,0.72,0.22,0.02,0.1
0.12,0.62,0.28,0.22,0.34,0.46,0.3,0.72,0.26,0.58,0.12,0.38,0.24
0.18,0.34,0.22,0.03,0.1,0.46,0.2,0.52,0.22,0.62,0.14,0.28,0.3
0.22,0.62,0.28,0.18,0.12,0.3,0.24,0.72,0.1,0.7,0.42,0.34,0.26
0.22,0.72,0.28,0.34,0.12,0.33,0.18,0.78,0.38,0.74,0.24,0.46,0.3
0.12,0.78,0.22,0.62,0.18,0.28,0.34,0.86,0.02,0.06,0.1,0.58,0.2
0.03,0.78,0.34,0.62,0.08,0.46,0.22,0.72,0.28,0.06,0.12,0.66,0.18
0.34,0.62,0.12,0.08,0.05,0.33,0.18,0.72,0.46,0.78,0.32,0.66,0.44
0.12,0.62,0.22,0.08,0.04,0.28,0.2,0.58,0.02,0.46,0.1,0.06,0.06
0.0,0.72,0.05,0.12,0.08,0.18,0.06,0.62,0.48,0.78,0.34,0.44,0.02
0.32,0.72,0.08,0.46,0.04,0.34,0.12,0.62,0.58,0.78,0.36,0.1,0.18
0.22,0.62,0.12,0.28,0.18,0.3,0.2,0.55,0.38,0.52,0.06,0.34,0.08
0.32,0.58,0.34,0.06,0.04,0.18,0.03,0.62,0.01,0.02,0.06,0.12,0.08
0.12,0.58,0.34,0.08,0.06,0.3,0.22,0.72,0.02,0.32,0.1,0.42,0.14
0.05,0.72,0.12,0.78,0.28,0.34,0.1,0.62,0.7,0.66,0.12,0.18,0.06
0.0,0.82,0.08,0.72,0.12,0.34,0.28,0.62,0.55,0.58,0.12,0.32,0.0
0.34,0.42,0.02,0.55,0.03,0.22,0.06,0.48,0.44,0.36,0.02,0.46,0.18
0.34,0.33,0.03,0.3,0.02,0.12,0.1,0.32,0.22,0.2,0.02,0.0,0.12
0.18,0.62,0.06,0.55,0.22,0.34,0.12,0.58,0.46,0.52,0.1,0.2,0.16
0.12,0.62,0.22,0.38,0.08,0.18,0.12,0.72,0.55,0.58,0.1,0.48,0.2
0.42,0.18,0.22,0.0,0.06,0.06,0.0,0.62,0.0,0.08,0.12,0.0,0.06
0.05,0.78,0.03,0.32,0.08,0.22,0.1,0.72,0.02,0.55,0.18,0.7,0.2
0.12,0.62,0.05,0.18,0.22,0.34,0.1,0.72,0.3,0.55,0.02,0.08,0.28
0.32,0.28,0.12,0.0,0.0,0.34,0.3,0.62,0.0,0.38,0.06,0.14,0.26
0.56,0.34,0.42,0.02,0.03,0.46,0.52,0.78,0.04,0.62,0.18,0.02,0.58
0.62,0.28,0.18,0.0,0.0,0.22,0.34,0.55,0.02,0.24,0.06,0.0,0.26
0.72,0.12,0.18,0.0,0.14,0.22,0.18,0.62,0.0,0.02,0.06,0.08,0.28
0.42,0.34,0.18,0.0,0.22,0.33,0.36,0.78,0.0,0.16,0.08,0.46,0.24
0.34,0.52,0.33,0.05,0.03,0.28,0.22,0.62,0.08,0.72,0.18,0.2,0.36
0.34,0.38,0.12,0.03,0.05,0.3,0.28,0.72,0.06,0.32,0.22,0.18,0.26
0.22,0.62,0.12,0.18,0.06,0.34,0.28,0.72,0.14,0.48,0.18,0.3,0.26
0.22,0.62,0.28,0.34,0.03,0.24,0.3,0.72,0.06,0.38,0.44,0.08,0.26
0.42,0.55,0.12,0.03,0.1,0.34,0.28,0.72,0.02,0.48,0.18,0.22,0.46
0.12,0.46,0.14,0.03,0.18,0.22,0.28,0.62,0.02,0.01,0.1,0.24,0.34
0.82,0.06,0.04,0.0,0.0,0.22,0.18,0.62,0.34,0.0,0.08,0.12,0.14
0.72,0.22,0.12,0.0,0.06,0.28,0.14,0.62,0.0,0.18,0.0,0.08,0.12
0.32,0.38,0.18,0.06,0.12,0.22,0.34,0.72,0.02,0.22,0.28,0.02,0.44
0.03,0.34,0.06,0.1,0.0,0.22,0.28,0.3,0.22,0.55,0.12,0.0,0.2
0.12,0.62,0.08,0.22,0.06,0.34,0.38,0.72,0.48,0.78,0.44,0.28,0.18
0.72,0.28,0.03,0.0,0.02,0.22,0.18,0.78,0.18,0.34,0.06,0.06,0.24
0.62,0.12,0.06,0.0,0.0,0.22,0.34,0.58,0.0,0.18,0.0,0.0,0.14
0.34,0.28,0.12,0.0,0.0,0.22,0.26,0.62,0.0,0.06,0.0,0.55,0.18
0.1,0.5,0.1,0.2,0.0,0.6,0.7,0.8,0.5,0.9,0.0,0.0,0.2
0.12,0.62,0.1,0.05,0.08,0.34,0.48,0.78,0.22,0.58,0.18,0.3,0.26
0.55,0.35,0.12,0.08,0.0,0.32,0.28,0.62,0.18,0.58,0.12,0.12,0.22
0.0,0.78,0.34,0.0,0.06,0.42,0.46,0.86,0.0,0.22,0.06,0.88,0.12
0.05,0.78,0.12,0.0,0.08,0.34,0.42,0.72,0.0,0.05,0.12,0.88,0.22
0.05,0.78,0.22,0.02,0.08,0.18,0.34,0.86,0.0,0.0,0.12,0.92,0.18
0.62,0.22,0.12,0.0,0.0,0.28,0.34,0.78,0.0,0.12,0.06,0.38,0.18
0.18,0.62,0.12,0.55,0.05,0.46,0.58,0.72,0.44,0.78,0.08,0.34,0.22
0.34,0.62,0.1,0.18,0.03,0.22,0.3,0.72,0.22,0.66,0.2,0.02,0.18
0.0,0.78,0.12,0.0,0.06,0.34,0.08,0.62,0.0,0.86,0.48,0.72,0.02
0.62,0.22,0.08,0.0,0.0,0.12,0.18,0.55,0.22,0.08,0.06,0.24,0.08
0.42,0.62,0.34,0.05,0.1,0.22,0.18,0.78,0.18,0.86,0.28,0.22,0.2
0.62,0.12,0.06,0.0,0.0,0.12,0.08,0.78,0.0,0.06,0.06,0.22,0.12
0.34,0.18,0.12,0.0,0.0,0.12,0.14,0.62,0.0,0.08,0.02,0.18,0.04
0.62,0.22,0.02,0.01,0.03,0.08,0.04,0.78,0.0,0.34,0.28,0.26,0.06
0.1,0.5,0.1,0.2,0.0,0.4,0.2,0.6,0.3,0.6,0.2,0.2,0.1
0.22,0.28,0.12,0.0,0.06,0.12,0.06,0.72,0.22,0.28,0.08,0.62,0.18
0.18,0.62,0.12,0.28,0.06,0.34,0.08,0.72,0.3,0.78,0.22,0.32,0.18
0.0,0.78,0.22,0.0,0.08,0.12,0.05,0.72,0.0,0.42,0.28,0.62,0.0
0.42,0.18,0.02,0.0,0.06,0.22,0.12,0.78,0.02,0.04,0.02,0.72,0.14
0.78,0.12,0.02,0.0,0.0,0.06,0.03,0.62,0.55,0.05,0.08,0.34,0.12
0.18,0.34,0.02,0.0,0.06,0.22,0.08,0.62,0.0,0.55,0.02,0.28,0.12
0.12,0.42,0.03,0.22,0.08,0.18,0.1,0.62,0.28,0.55,0.06,0.38,0.04
0.0,0.35,0.05,0.55,0.0,0.22,0.08,0.32,0.28,0.62,0.38,0.0,0.06
0.05,0.62,0.06,0.68,0.03,0.12,0.08,0.72,0.22,0.0,0.08,0.22,0.18
0.05,0.62,0.08,0.48,0.03,0.34,0.12,0.58,0.28,0.72,0.18,0.22,0.1
0.12,0.34,0.08,0.18,0.02,0.3,0.22,0.62,0.28,0.78,0.46,0.04,0.2
0.62,0.22,0.06,0.0,0.0,0.28,0.24,0.72,0.34,0.0,0.08,0.18,0.12
0.62,0.22,0.08,0.0,0.0,0.18,0.24,0.72,0.46,0.34,0.0,0.0,0.12
0.62,0.22,0.12,0.0,0.0,0.24,0.28,0.78,0.18,0.34,0.08,0.22,0.12
0.34,0.42,0.12,0.18,0.0,0.28,0.22,0.78,0.22,0.26,0.3,0.36,0.14
0.22,0.28,0.06,0.18,0.0,0.24,0.16,0.62,0.12,0.72,0.22,0.34,0.18
0.62,0.22,0.12,0.0,0.0,0.28,0.14,0.78,0.34,0.58,0.06,0.26,0.24
0.33,0.18,0.12,0.0,0.0,0.22,0.34,0.62,0.12,0.0,0.08,0.46,0.06
0.05,0.62,0.22,0.0,0.0,0.18,0.28,0.78,0.18,0.12,0.12,0.9,0.12
0.0,0.62,0.18,0.0,0.0,0.34,0.28,0.86,0.0,0.22,0.16,0.78,0.32
0.06,0.58,0.52,0.03,0.08,0.34,0.46,0.72,0.18,0.3,0.14,0.7,0.32
0.72,0.18,0.0,0.0,0.0,0.12,0.14,0.62,0.0,0.48,0.22,0.06,0.34
0.42,0.28,0.22,0.02,0.01,0.18,0.2,0.62,0.05,0.48,0.14,0.16,0.24
0.34,0.33,0.22,0.12,0.0,0.36,0.24,0.62,0.12,0.55,0.18,0.12,0.38
0.34,0.28,0.06,0.0,0.12,0.22,0.08,0.78,0.02,0.02,0.12,0.3,0.18
0.22,0.28,0.18,0.0,0.0,0.12,0.14,0.62,0.0,0.26,0.08,0.14,0.18
0.34,0.52,0.22,0.33,0.06,0.44,0.28,0.62,0.36,0.78,0.1,0.02,0.3
0.18,0.62,0.22,0.28,0.03,0.44,0.24,0.66,0.34,0.86,0.58,0.36,0.26
0.18,0.72,0.22,0.62,0.06,0.34,0.28,0.78,0.46,0.86,0.74,0.38,0.12
0.42,0.48,0.12,0.18,0.05,0.22,0.24,0.62,0.28,0.78,0.34,0.22,0.26
0.72,0.14,0.03,0.0,0.0,0.12,0.18,0.78,0.34,0.18,0.04,0.16,0.22
0.62,0.22,0.06,0.02,0.0,0.24,0.18,0.58,0.02,0.18,0.02,0.08,0.22
0.22,0.34,0.18,0.24,0.03,0.24,0.2,0.78,0.18,0.3,0.26,0.1,0.22
0.22,0.62,0.34,0.06,0.18,0.46,0.44,0.72,0.28,0.86,0.38,0.26,0.2
0.08,0.62,0.34,0.46,0.05,0.22,0.28,0.72,0.22,0.86,0.58,0.02,0.18
0.0,0.85,0.0,0.9,0.0,0.35,0.15,0.55,0.7,0.45,0.25,0.0,0.05
0.02,0.62,0.28,0.06,0.04,0.3,0.34,0.78,0.06,0.58,0.46,0.12,0.1
0.22,0.62,0.18,0.28,0.02,0.34,0.24,0.72,0.26,0.78,0.3,0.01,0.14
0.08,0.62,0.18,0.46,0.05,0.34,0.22,0.78,0.55,0.18,0.44,0.58,0.24
0.05,0.78,0.12,0.55,0.18,0.42,0.22,0.86,0.22,0.72,0.18,0.62,0.28
0.42,0.28,0.05,0.0,0.0,0.34,0.22,0.62,0.18,0.55,0.32,0.0,0.18
0.08,0.55,0.12,0.18,0.05,0.22,0.28,0.72,0.38,0.62,0.1,0.42,0.18
0.05,0.22,0.18,0.03,0.02,0.24,0.2,0.62,0.18,0.7,0.18,0.01,0.2
0.34,0.52,0.08,0.38,0.42,0.36,0.18,0.72,0.48,0.62,0.1,0.04,0.16
0.34,0.62,0.22,0.28,0.24,0.46,0.24,0.72,0.38,0.44,0.18,0.1,0.14
0.42,0.18,0.03,0.0,0.0,0.12,0.14,0.62,0.55,0.08,0.12,0.28,0.06
0.18,0.22,0.06,0.08,0.06,0.34,0.2,0.62,0.48,0.3,0.04,0.26,0.18
0.05,0.52,0.1,0.34,0.28,0.3,0.22,0.72,0.38,0.78,0.36,0.04,0.12
0.22,0.48,0.08,0.06,0.18,0.2,0.18,0.62,0.1,0.55,0.28,0.06,0.14
0.05,0.78,0.42,0.02,0.06,0.18,0.22,0.62,0.18,0.34,0.12,0.28,0.24
0.78,0.12,0.06,0.0,0.0,0.22,0.14,0.62,0.08,0.34,0.06,0.14,0.12
0.72,0.12,0.08,0.0,0.0,0.18,0.22,0.62,0.06,0.46,0.18,0.0,0.06
0.72,0.14,0.06,0.0,0.05,0.22,0.24,0.62,0.06,0.02,0.03,0.12,0.18
0.18,0.62,0.34,0.22,0.08,0.28,0.24,0.78,0.06,0.22,0.2,0.58,0.3
0.12,0.72,0.22,0.05,0.28,0.18,0.2,0.78,0.18,0.55,0.22,0.62,0.34
0.34,0.32,0.12,0.0,0.22,0.18,0.26,0.72,0.08,0.62,0.38,0.22,0.28
0.34,0.22,0.18,0.0,0.06,0.12,0.16,0.62,0.12,0.28,0.18,0.18,0.12
0.34,0.52,0.08,0.06,0.04,0.22,0.24,0.62,0.18,0.66,0.44,0.22,0.12
0.62,0.18,0.08,0.0,0.0,0.22,0.24,0.58,0.22,0.46,0.08,0.18,0.22
0.25,0.12,0.0,0.0,0.0,0.18,0.08,0.62,0.0,0.0,0.12,0.22,0.05
0.22,0.48,0.18,0.12,0.05,0.24,0.2,0.78,0.02,0.28,0.1,0.42,0.18
0.05,0.75,0.05,0.45,0.0,0.25,0.15,0.55,0.0,0.65,0.0,0.0,0.35
0.12,0.62,0.38,0.08,0.34,0.22,0.28,0.72,0.1,0.66,0.44,0.02,0.03
0.0,0.55,0.0,0.1,0.0,0.2,0.05,0.35,0.45,0.7,0.2,0.0,0.0
0.32,0.22,0.06,0.12,0.0,0.34,0.18,0.28,0.14,0.26,0.08,0.0,0.12
0.62,0.12,0.0,0.0,0.0,0.03,0.0,0.58,0.0,0.0,0.0,0.05,0.18
0.32,0.18,0.02,0.06,0.0,0.12,0.14,0.62,0.12,0.0,0.02,0.04,0.18
0.05,0.62,0.18,0.55,0.02,0.48,0.12,0.58,0.18,0.72,0.28,0.02,0.06
0.34,0.18,0.02,0.12,0.0,0.22,0.12,0.42,0.22,0.38,0.06,0.0,0.06
0.34,0.32,0.08,0.05,0.0,0.46,0.22,0.52,0.18,0.72,0.12,0.0,0.06
0.22,0.34,0.02,0.42,0.01,0.18,0.06,0.62,0.28,0.1,0.22,0.12,0.18
0.05,0.62,0.12,0.68,0.14,0.55,0.22,0.28,0.06,0.72,0.04,0.0,0.12
0.42,0.03,0.0,0.0,0.0,0.18,0.12,0.62,0.04,0.12,0.08,0.12,0.14
0.12,0.38,0.18,0.02,0.06,0.34,0.22,0.72,0.04,0.22,0.14,0.02,0.18
0.0,0.62,0.06,0.28,0.12,0.44,0.18,0.22,0.46,0.78,0.12,0.0,0.06
0.0,0.62,0.22,0.34,0.0,0.48,0.18,0.55,0.12,0.78,0.36,0.0,0.04
0.22,0.34,0.08,0.28,0.02,0.3,0.26,0.42,0.18,0.62,0.1,0.0,0.2
0.18,0.34,0.06,0.02,0.1,0.42,0.08,0.46,0.22,0.72,0.1,0.16,0.06
0.62,0.08,0.1,0.0,0.0,0.34,0.12,0.55,0.28,0.78,0.18,0.0,0.3
0.12,0.62,0.08,0.0,0.18,0.22,0.18,0.78,0.04,0.0,0.06,0.92,0.22
0.42,0.22,0.12,0.0,0.0,0.34,0.28,0.62,0.18,0.0,0.08,0.55,0.24
0.12,0.72,0.34,0.18,0.46,0.52,0.28,0.66,0.08,0.78,0.44,0.22,0.2
0.78,0.0,0.06,0.0,0.0,0.34,0.22,0.62,0.34,0.58,0.12,0.22,0.18
0.22,0.28,0.06,0.02,0.1,0.42,0.18,0.55,0.18,0.62,0.04,0.1,0.14
0.62,0.02,0.01,0.0,0.0,0.12,0.08,0.78,0.22,0.18,0.08,0.22,0.28
0.62,0.12,0.18,0.0,0.0,0.34,0.12,0.58,0.46,0.66,0.28,0.0,0.06
0.42,0.08,0.1,0.0,0.0,0.22,0.14,0.36,0.55,0.0,0.0,0.06,0.08
0.62,0.03,0.02,0.0,0.0,0.12,0.18,0.55,0.42,0.02,0.12,0.08,0.06
0.62,0.0,0.0,0.0,0.0,0.22,0.08,0.34,0.46,0.58,0.06,0.12,0.18
0.62,0.22,0.18,0.02,0.01,0.28,0.2,0.55,0.32,0.38,0.12,0.08,0.24
0.12,0.62,0.18,0.08,0.22,0.34,0.1,0.78,0.1,0.72,0.28,0.06,0.14
0.0,0.72,0.42,0.62,0.12,0.34,0.28,0.66,0.38,0.78,0.22,0.24,0.08
0.12,0.78,0.32,0.72,0.08,0.34,0.22,0.62,0.22,0.7,0.3,0.66,0.1
0.42,0.38,0.12,0.34,0.02,0.12,0.22,0.78,0.48,0.0,0.06,0.72,0.36
0.24,0.62,0.28,0.55,0.06,0.34,0.22,0.78,0.1,0.0,0.12,0.3,0.18
0.22,0.62,0.55,0.0,0.28,0.18,0.12,0.72,0.08,0.48,0.02,0.18,0.06
0.62,0.06,0.1,0.0,0.0,0.18,0.12,0.78,0.18,0.55,0.02,0.16,0.14
0.12,0.62,0.48,0.42,0.08,0.34,0.22,0.78,0.38,0.82,0.1,0.22,0.26
0.18,0.62,0.46,0.44,0.02,0.42,0.34,0.78,0.04,0.55,0.22,0.2,0.24
0.62,0.38,0.22,0.28,0.1,0.34,0.26,0.72,0.3,0.44,0.14,0.06,0.18
0.62,0.18,0.12,0.0,0.0,0.22,0.24,0.78,0.04,0.0,0.0,0.34,0.26
0.42,0.38,0.18,0.0,0.12,0.34,0.28,0.78,0.12,0.0,0.06,0.46,0.14
0.05,0.78,0.62,0.55,0.34,0.52,0.28,0.86,0.02,0.74,0.12,0.22,0.18
0.12,0.62,0.46,0.12,0.08,0.22,0.34,0.78,0.06,0.58,0.18,0.44,0.18
0.22,0.48,0.08,0.42,0.28,0.18,0.12,0.62,0.0,0.06,0.34,0.0,0.44
0.0,0.62,0.18,0.22,0.0,0.34,0.08,0.46,0.58,0.86,0.44,0.0,0.06
0.12,0.48,0.22,0.06,0.02,0.52,0.34,0.62,0.18,0.72,0.08,0.44,0.28
0.34,0.28,0.62,0.06,0.0,0.22,0.18,0.72,0.58,0.0,0.22,0.44,0.18
0.18,0.22,0.08,0.0,0.12,0.12,0.18,0.9,0.0,0.12,0.06,0.85,0.02
0.62,0.48,0.44,0.0,0.0,0.34,0.38,0.78,0.18,0.42,0.06,0.46,0.12
0.0,0.72,0.55,0.34,0.12,0.46,0.22,0.62,0.48,0.78,0.18,0.58,0.06
0.05,0.62,0.08,0.38,0.06,0.12,0.18,0.72,0.1,0.0,0.05,0.55,0.0
0.05,0.78,0.22,0.34,0.08,0.62,0.28,0.72,0.55,0.86,0.32,0.38,0.18
0.32,0.48,0.22,0.03,0.02,0.62,0.28,0.72,0.22,0.78,0.26,0.34,0.3
0.05,0.18,0.02,0.0,0.06,0.22,0.08,0.62,0.0,0.0,0.06,0.12,0.04
0.35,0.25,0.0,0.0,0.0,0.15,0.0,0.85,0.0,0.1,0.0,0.45,0.0
0.12,0.34,0.18,0.0,0.0,0.42,0.22,0.62,0.28,0.86,0.58,0.0,0.14
0.02,0.62,0.08,0.48,0.06,0.34,0.18,0.42,0.58,0.72,0.06,0.02,0.01
0.62,0.28,0.34,0.0,0.0,0.08,0.12,0.72,0.0,0.12,0.06,0.0,0.0
0.0,0.42,0.03,0.62,0.0,0.28,0.22,0.36,0.18,0.55,0.18,0.08,0.05
0.32,0.28,0.12,0.18,0.06,0.22,0.14,0.62,0.18,0.55,0.04,0.22,0.2
0.18,0.34,0.06,0.0,0.22,0.22,0.18,0.72,0.0,0.12,0.04,0.62,0.08
0.42,0.18,0.02,0.06,0.14,0.2,0.08,0.78,0.22,0.34,0.12,0.16,0.1
0.12,0.58,0.18,0.22,0.1,0.55,0.42,0.62,0.12,0.72,0.06,0.34,0.1
0.12,0.28,0.02,0.34,0.0,0.22,0.18,0.62,0.06,0.32,0.04,0.12,0.14
0.34,0.38,0.02,0.42,0.0,0.18,0.12,0.62,0.22,0.28,0.08,0.16,0.14
0.34,0.22,0.06,0.14,0.0,0.18,0.08,0.62,0.0,0.46,0.28,0.0,0.22
0.32,0.28,0.06,0.12,0.0,0.12,0.22,0.62,0.18,0.34,0.0,0.42,0.06
0.34,0.28,0.32,0.0,0.12,0.12,0.22,0.62,0.22,0.0,0.12,0.38,0.08
0.05,0.32,0.06,0.0,0.18,0.22,0.28,0.62,0.0,0.0,0.0,0.38,0.0
0.22,0.24,0.03,0.12,0.02,0.18,0.12,0.62,0.06,0.72,0.1,0.34,0.14
0.0,0.55,0.0,0.35,0.0,0.18,0.05,0.32,0.12,0.08,0.0,0.28,0.0
0.1,0.2,0.0,0.0,0.0,0.2,0.0,0.3,0.0,0.0,0.0,0.0,0.2
0.2,0.15,0.0,0.05,0.0,0.25,0.1,0.35,0.15,0.2,0.05,0.45,0.1
0.32,0.28,0.14,0.0,0.0,0.12,0.18,0.62,0.0,0.55,0.04,0.42,0.12
0.52,0.22,0.08,0.0,0.0,0.24,0.18,0.62,0.34,0.0,0.0,0.46,0.22
0.1,0.3,0.0,0.0,0.0,0.1,0.1,0.6,0.0,0.0,0.1,0.7,0.1
0.12,0.58,0.52,0.08,0.06,0.34,0.28,0.72,0.06,0.62,0.22,0.66,0.18
0.12,0.22,0.02,0.0,0.0,0.18,0.08,0.62,0.0,0.55,0.02,0.28,0.18
0.12,0.62,0.34,0.22,0.14,0.46,0.38,0.72,0.44,0.78,0.18,0.16,0.24
0.22,0.48,0.42,0.06,0.04,0.46,0.34,0.62,0.12,0.86,0.44,0.18,0.2
0.42,0.28,0.22,0.06,0.0,0.48,0.24,0.62,0.12,0.78,0.22,0.22,0.18
0.78,0.06,0.0,0.0,0.0,0.08,0.02,0.62,0.0,0.0,0.0,0.08,0.18
0.62,0.22,0.05,0.0,0.0,0.12,0.06,0.34,0.0,0.18,0.0,0.0,0.0
0.18,0.62,0.22,0.03,0.34,0.55,0.28,0.72,0.08,0.78,0.12,0.0,0.24
0.35,0.05,0.0,0.0,0.0,0.05,0.0,0.25,0.0,0.2,0.0,0.0,0.0
0.22,0.08,0.06,0.0,0.0,0.06,0.12,0.62,0.0,0.28,0.12,0.0,0.0
0.03,0.78,0.42,0.72,0.02,0.46,0.34,0.62,0.22,0.86,0.55,0.01,0.18
0.03,0.72,0.18,0.42,0.28,0.62,0.58,0.78,0.22,0.34,0.26,0.14,0.1
0.12,0.62,0.34,0.46,0.18,0.66,0.38,0.86,0.1,0.44,0.22,0.4,0.2
0.03,0.78,0.28,0.82,0.22,0.46,0.34,0.86,0.22,0.58,0.18,0.24,0.1
0.02,0.86,0.42,0.62,0.34,0.48,0.44,0.78,0.18,0.74,0.36,0.06,0.04
0.05,0.78,0.34,0.82,0.18,0.55,0.48,0.86,0.52,0.58,0.32,0.14,0.16
0.03,0.78,0.28,0.82,0.12,0.46,0.34,0.72,0.02,0.58,0.22,0.18,0.06
0.03,0.86,0.12,0.55,0.22,0.62,0.28,0.92,0.18,0.72,0.34,0.02,0.1
0.06,0.88,0.52,0.62,0.18,0.66,0.74,0.86,0.18,0.72,0.34,0.14,0.06
0.05,0.85,0.55,0.35,0.25,0.75,0.55,0.85,0.05,0.35,0.45,0.35,0.2
0.02,0.9,0.55,0.75,0.25,0.55,0.6,0.85,0.1,0.65,0.35,0.25,0.08
0.12,0.88,0.22,0.62,0.28,0.34,0.48,0.72,0.12,0.66,0.22,0.18,0.1
0.0,0.92,0.28,0.06,0.62,0.34,0.46,0.78,0.12,0.18,0.14,0.08,0.1
0.05,0.88,0.18,0.86,0.06,0.34,0.22,0.72,0.38,0.74,0.66,0.04,0.08
0.22,0.18,0.04,0.01,0.02,0.24,0.2,0.62,0.1,0.38,0.1,0.3,0.12
0.22,0.06,0.0,0.0,0.0,0.12,0.18,0.62,0.28,0.12,0.0,0.14,0.12
0.22,0.06,0.0,0.0,0.0,0.12,0.18,0.62,0.22,0.78,0.06,0.18,0.08
0.22,0.12,0.02,0.01,0.0,0.18,0.16,0.62,0.18,0.78,0.12,0.28,0.06
0.05,0.08,0.02,0.01,0.0,0.12,0.18,0.62,0.12,0.9,0.18,0.0,0.12
0.22,0.06,0.0,0.0,0.0,0.12,0.18,0.72,0.22,0.28,0.0,0.18,0.0
0.18,0.08,0.12,0.0,0.0,0.22,0.08,0.62,0.0,0.72,0.06,0.12,0.02
0.62,0.28,0.22,0.0,0.0,0.34,0.18,0.55,0.18,0.44,0.12,0.18,0.22
0.32,0.62,0.46,0.12,0.02,0.28,0.22,0.78,0.1,0.58,0.18,0.2,0.14
0.62,0.18,0.03,0.0,0.0,0.22,0.12,0.78,0.12,0.02,0.02,0.18,0.14
0.02,0.62,0.34,0.22,0.05,0.24,0.2,0.78,0.02,0.22,0.38,0.18,0.12
0.12,0.78,0.62,0.08,0.06,0.34,0.42,0.74,0.06,0.46,0.52,0.02,0.18
0.78,0.12,0.03,0.0,0.0,0.34,0.12,0.62,0.18,0.22,0.04,0.0,0.16
0.42,0.22,0.12,0.0,0.0,0.18,0.12,0.78,0.12,0.55,0.22,0.12,0.28
0.22,0.62,0.48,0.08,0.28,0.44,0.34,0.78,0.18,0.72,0.46,0.1,0.12
0.12,0.72,0.34,0.06,0.08,0.3,0.22,0.62,0.02,0.78,0.18,0.06,0.1
0.34,0.62,0.22,0.28,0.12,0.36,0.3,0.72,0.1,0.7,0.12,0.06,0.18
0.22,0.24,0.18,0.0,0.06,0.28,0.22,0.72,0.0,0.18,0.06,0.08,0.18
0.05,0.62,0.18,0.22,0.12,0.48,0.28,0.72,0.1,0.7,0.12,0.55,0.14
0.42,0.34,0.22,0.12,0.0,0.46,0.44,0.62,0.12,0.78,0.28,0.0,0.26
0.22,0.62,0.18,0.22,0.06,0.24,0.2,0.58,0.18,0.34,0.18,0.16,0.22
0.1,0.55,0.05,0.25,0.05,0.25,0.1,0.55,0.35,0.75,0.05,0.05,0.1
0.18,0.62,0.22,0.55,0.05,0.34,0.28,0.72,0.3,0.58,0.33,0.38,0.16
0.22,0.48,0.12,0.18,0.03,0.2,0.1,0.78,0.02,0.72,0.22,0.34,0.26
0.12,0.62,0.18,0.55,0.06,0.18,0.22,0.78,0.18,0.58,0.34,0.46,0.06
0.03,0.42,0.1,0.06,0.18,0.34,0.28,0.78,0.18,0.62,0.14,0.3,0.16
0.12,0.46,0.18,0.22,0.05,0.34,0.28,0.62,0.18,0.55,0.2,0.52,0.16
0.34,0.28,0.06,0.32,0.0,0.22,0.12,0.78,0.02,0.62,0.26,0.18,0.14
0.34,0.28,0.12,0.14,0.03,0.22,0.18,0.78,0.16,0.62,0.1,0.22,0.2
0.12,0.62,0.03,0.72,0.02,0.18,0.1,0.78,0.1,0.22,0.28,0.55,0.2
0.05,0.62,0.12,0.72,0.03,0.22,0.28,0.78,0.1,0.42,0.3,0.18,0.14
0.12,0.28,0.06,0.0,0.0,0.18,0.14,0.72,0.18,0.12,0.04,0.42,0.22
0.12,0.28,0.06,0.0,0.0,0.22,0.26,0.62,0.0,0.48,0.22,0.44,0.14
0.22,0.18,0.06,0.0,0.0,0.24,0.28,0.62,0.18,0.26,0.06,0.34,0.16
0.05,0.62,0.12,0.38,0.22,0.18,0.14,0.78,0.18,0.55,0.34,0.22,0.2
0.42,0.34,0.08,0.0,0.0,0.46,0.18,0.62,0.0,0.78,0.22,0.06,0.38
0.42,0.34,0.38,0.22,0.0,0.33,0.24,0.62,0.24,0.72,0.28,0.22,0.3
0.22,0.18,0.2,0.0,0.0,0.18,0.24,0.78,0.0,0.0,0.06,0.42,0.26
0.82,0.12,0.06,0.0,0.0,0.22,0.14,0.78,0.18,0.22,0.06,0.28,0.24
0.12,0.62,0.34,0.18,0.03,0.46,0.28,0.72,0.02,0.44,0.06,0.04,0.26
0.22,0.18,0.24,0.0,0.0,0.18,0.16,0.62,0.48,0.28,0.12,0.34,0.22
0.62,0.38,0.22,0.2,0.02,0.18,0.2,0.78,0.22,0.28,0.12,0.18,0.34
0.34,0.32,0.18,0.02,0.06,0.42,0.22,0.78,0.18,0.62,0.14,0.06,0.46
0.55,0.45,0.22,0.28,0.06,0.52,0.34,0.78,0.18,0.72,0.12,0.1,0.58
0.62,0.08,0.06,0.0,0.0,0.18,0.12,0.72,0.06,0.14,0.02,0.18,0.34
0.62,0.22,0.18,0.0,0.0,0.18,0.12,0.72,0.18,0.28,0.0,0.22,0.34
0.22,0.58,0.62,0.18,0.02,0.66,0.34,0.78,0.06,0.92,0.22,0.02,0.64
0.12,0.38,0.3,0.02,0.03,0.46,0.22,0.62,0.28,0.78,0.12,0.18,0.34
0.34,0.42,0.08,0.22,0.02,0.55,0.18,0.78,0.22,0.86,0.44,0.06,0.48
0.0,0.75,0.0,0.0,0.0,0.05,0.0,0.7,0.0,0.65,0.0,0.55,0.25
0.05,0.32,0.02,0.0,0.0,0.12,0.03,0.78,0.02,0.22,0.02,0.38,0.03
0.0,0.42,0.08,0.06,0.03,0.12,0.18,0.62,0.18,0.08,0.04,0.12,0.02
0.0,0.42,0.0,0.0,0.0,0.06,0.0,0.78,0.12,0.0,0.08,0.62,0.08
0.0,0.78,0.12,0.0,0.0,0.22,0.18,0.86,0.12,0.62,0.22,0.58,0.04
0.0,0.62,0.0,0.0,0.0,0.12,0.06,0.55,0.22,0.78,0.12,0.0,0.08
0.0,0.62,0.03,0.05,0.06,0.08,0.02,0.78,0.0,0.55,0.18,0.34,0.02
0.0,0.78,0.22,0.0,0.08,0.12,0.18,0.72,0.06,0.62,0.34,0.48,0.02
0.05,0.32,0.06,0.0,0.0,0.12,0.03,0.62,0.12,0.28,0.14,0.22,0.02
0.0,0.35,0.12,0.0,0.0,0.0,0.0,0.55,0.22,0.0,0.0,0.75,0.0
0.0,0.55,0.05,0.0,0.0,0.12,0.18,0.75,0.12,0.05,0.08,0.85,0.08
0.0,0.62,0.06,0.0,0.0,0.12,0.05,0.78,0.22,0.72,0.18,0.55,0.03
0.0,0.78,0.12,0.0,0.82,0.06,0.0,0.72,0.08,0.62,0.22,0.0,0.0
0.0,0.78,0.0,0.0,0.0,0.22,0.0,0.72,0.0,0.55,0.28,0.32,0.0
0.0,0.12,0.0,0.0,0.0,0.18,0.0,0.22,0.0,0.0,0.0,0.0,0.0
0.12,0.28,0.22,0.0,0.0,0.18,0.14,0.32,0.06,0.12,0.08,0.06,0.16
0.42,0.12,0.02,0.0,0.0,0.08,0.03,0.55,0.18,0.06,0.03,0.12,0.22
0.18,0.22,0.02,0.18,0.0,0.22,0.06,0.62,0.0,0.0,0.06,0.48,0.22
0.0,0.62,0.18,0.05,0.08,0.34,0.22,0.78,0.02,0.72,0.28,0.55,0.06
0.02,0.62,0.22,0.06,0.05,0.34,0.28,0.58,0.0,0.55,0.48,0.32,0.08
0.0,0.62,0.12,0.0,0.0,0.42,0.18,0.72,0.0,0.55,0.28,0.78,0.0
0.0,0.78,0.18,0.05,0.12,0.34,0.22,0.72,0.0,0.86,0.62,0.58,0.02
0.08,0.62,0.12,0.06,0.18,0.34,0.22,0.58,0.02,0.86,0.28,0.44,0.1
0.32,0.22,0.18,0.0,0.12,0.34,0.42,0.78,0.0,0.1,0.0,0.3,0.06
0.12,0.78,0.18,0.62,0.28,0.46,0.44,0.86,0.72,0.02,0.06,0.22,0.1
0.55,0.22,0.18,0.0,0.0,0.18,0.14,0.78,0.0,0.22,0.08,0.32,0.18
0.0,0.72,0.12,0.08,0.0,0.42,0.18,0.62,0.08,0.9,0.55,0.38,0.06
0.03,0.72,0.46,0.08,0.52,0.34,0.28,0.78,0.1,0.82,0.58,0.36,0.06
0.0,0.78,0.06,0.42,0.12,0.22,0.18,0.62,0.22,0.55,0.08,0.06,0.24
0.38,0.34,0.03,0.06,0.08,0.12,0.1,0.62,0.0,0.55,0.1,0.0,0.04
0.78,0.05,0.0,0.06,0.0,0.12,0.0,0.62,0.0,0.04,0.0,0.08,0.0
0.55,0.45,0.0,0.0,0.0,0.25,0.0,0.35,0.0,0.0,0.0,0.6,0.0
0.22,0.42,0.06,0.12,0.08,0.12,0.1,0.62,0.18,0.55,0.14,0.1,0.16
0.45,0.0,0.05,0.0,0.0,0.0,0.0,0.35,0.0,0.0,0.0,0.0,0.0
0.25,0.65,0.05,0.0,0.1,0.0,0.0,0.55,0.0,0.6,0.0,0.2,0.0
0.05,0.42,0.0,0.0,0.0,0.22,0.0,0.62,0.0,0.28,0.0,0.18,0.0
0.0,0.35,0.0,0.0,0.0,0.0,0.0,0.55,0.0,0.0,0.0,0.45,0.0
0.0,0.35,0.0,0.0,0.0,0.25,0.0,0.55,0.0,0.45,0.15,0.0,0.0
0.12,0.62,0.02,0.18,0.06,0.08,0.04,0.55,0.1,0.58,0.12,0.1,0.22
0.1,0.6,0.0,0.0,0.0,0.0,0.0,0.8,0.2,0.4,0.4,0.8,0.1
0.1,0.8,0.0,0.7,0.0,0.1,0.0,0.6,0.6,0.8,0.3,0.1,0.0
0.05,0.55,0.05,0.35,0.0,0.12,0.28,0.55,0.05,0.0,0.25,0.45,0.05
0.78,0.12,0.03,0.0,0.0,0.22,0.12,0.62,0.58,0.02,0.0,0.22,0.06
0.22,0.62,0.12,0.08,0.18,0.24,0.2,0.72,0.38,0.18,0.1,0.06,0.1
0.46,0.34,0.03,0.0,0.06,0.12,0.08,0.72,0.55,0.02,0.05,0.62,0.06
0.42,0.46,0.18,0.06,0.03,0.34,0.22,0.62,0.55,0.28,0.12,0.78,0.1
0.42,0.62,0.18,0.06,0.22,0.14,0.12,0.78,0.22,0.34,0.1,0.72,0.08
0.34,0.62,0.22,0.0,0.06,0.46,0.38,0.78,0.18,0.42,0.12,0.86,0.14
0.62,0.28,0.12,0.0,0.0,0.22,0.18,0.72,0.34,0.18,0.08,0.36,0.24
0.78,0.12,0.02,0.01,0.0,0.34,0.22,0.62,0.28,0.46,0.06,0.0,0.12
0.34,0.52,0.08,0.18,0.04,0.3,0.22,0.78,0.62,0.0,0.12,0.58,0.26
0.22,0.38,0.18,0.22,0.14,0.2,0.24,0.62,0.58,0.08,0.18,0.18,0.12
0.42,0.12,0.18,0.0,0.0,0.22,0.24,0.78,0.08,0.38,0.06,0.14,0.26
0.12,0.55,0.18,0.08,0.03,0.34,0.22,0.62,0.28,0.42,0.1,0.3,0.2
0.72,0.12,0.0,0.0,0.0,0.12,0.06,0.22,0.34,0.12,0.0,0.0,0.0
0.05,0.22,0.0,0.28,0.06,0.12,0.18,0.55,0.0,0.32,0.0,0.0,0.0
0.62,0.08,0.03,0.0,0.0,0.18,0.12,0.55,0.06,0.18,0.05,0.22,0.08
0.62,0.22,0.06,0.0,0.18,0.24,0.08,0.72,0.06,0.12,0.08,0.28,0.02
0.0,0.62,0.05,0.12,0.06,0.18,0.08,0.55,0.12,0.78,0.22,0.08,0.0
0.12,0.58,0.32,0.0,0.0,0.28,0.34,0.78,0.12,0.72,0.22,0.66,0.06
0.0,0.32,0.02,0.0,0.05,0.06,0.12,0.72,0.0,0.38,0.12,0.55,0.08
0.35,0.18,0.0,0.0,0.0,0.22,0.12,0.72,0.0,0.22,0.0,0.32,0.12
0.05,0.55,0.22,0.08,0.03,0.12,0.1,0.62,0.18,0.58,0.12,0.48,0.02
0.62,0.03,0.02,0.0,0.0,0.46,0.12,0.58,0.0,0.18,0.05,0.06,0.22
0.02,0.62,0.08,0.0,0.28,0.12,0.18,0.86,0.0,0.18,0.06,0.58,0.04
0.18,0.78,0.12,0.72,0.05,0.22,0.06,0.62,0.28,0.74,0.18,0.22,0.06
0.0,0.62,0.28,0.0,0.0,0.12,0.08,0.34,0.0,0.22,0.0,0.24,0.0
0.0,0.25,0.0,0.0,0.0,0.05,0.12,0.35,0.0,0.18,0.0,0.0,0.0
0.0,0.55,0.1,0.0,0.0,0.35,0.0,0.45,0.4,0.85,0.0,0.0,0.0
0.12,0.58,0.34,0.06,0.1,0.18,0.22,0.72,0.0,0.42,0.55,0.48,0.2
0.38,0.34,0.18,0.0,0.0,0.22,0.28,0.78,0.0,0.0,0.12,0.62,0.26
0.0,0.62,0.05,0.0,0.32,0.18,0.06,0.78,0.0,0.0,0.12,0.72,0.28
0.32,0.58,0.22,0.05,0.02,0.34,0.18,0.72,0.06,0.62,0.28,0.14,0.2
0.18,0.62,0.22,0.18,0.0,0.28,0.16,0.72,0.22,0.34,0.26,0.28,0.14
0.62,0.22,0.28,0.0,0.0,0.24,0.18,0.78,0.18,0.22,0.06,0.22,0.26
0.0,0.62,0.22,0.0,0.28,0.34,0.18,0.72,0.0,0.0,0.0,0.55,0.0
0.42,0.34,0.1,0.0,0.22,0.12,0.18,0.78,0.0,0.02,0.1,0.28,0.18
0.18,0.32,0.03,0.0,0.02,0.12,0.04,0.78,0.0,0.0,0.22,0.42,0.24
0.12,0.62,0.34,0.02,0.06,0.22,0.28,0.78,0.1,0.0,0.1,0.46,0.06
0.35,0.1,0.0,0.0,0.0,0.15,0.05,0.4,0.35,0.55,0.0,0.0,0.2
0.12,0.42,0.22,0.0,0.0,0.12,0.18,0.55,0.12,0.62,0.58,0.0,0.12
0.12,0.62,0.18,0.06,0.03,0.22,0.12,0.72,0.1,0.88,0.46,0.34,0.08
0.22,0.62,0.06,0.18,0.08,0.34,0.04,0.72,0.46,0.78,0.1,0.58,0.3
0.72,0.12,0.22,0.0,0.0,0.28,0.34,0.62,0.38,0.42,0.12,0.0,0.08
0.62,0.22,0.28,0.0,0.0,0.18,0.12,0.78,0.18,0.12,0.26,0.24,0.12
0.34,0.22,0.12,0.0,0.06,0.18,0.24,0.72,0.0,0.12,0.08,0.12,0.18
0.34,0.42,0.12,0.05,0.1,0.3,0.22,0.62,0.18,0.55,0.1,0.16,0.28
0.55,0.35,0.12,0.0,0.0,0.22,0.28,0.72,0.12,0.48,0.32,0.3,0.18
0.62,0.46,0.12,0.28,0.14,0.44,0.33,0.78,0.22,0.66,0.34,0.08,0.24
0.34,0.46,0.12,0.55,0.1,0.3,0.22,0.72,0.12,0.58,0.22,0.14,0.28
0.42,0.78,0.18,0.74,0.06,0.44,0.34,0.86,0.32,0.82,0.28,0.1,0.3
0.18,0.62,0.22,0.38,0.24,0.55,0.34,0.78,0.1,0.72,0.08,0.06,0.14
0.34,0.38,0.33,0.18,0.06,0.32,0.14,0.78,0.04,0.22,0.06,0.1,0.08
0.08,0.85,0.12,0.88,0.08,0.42,0.22,0.72,0.62,0.86,0.48,0.28,0.18
0.62,0.12,0.08,0.0,0.06,0.22,0.18,0.78,0.0,0.18,0.06,0.08,0.06
0.55,0.35,0.18,0.08,0.02,0.22,0.1,0.72,0.22,0.7,0.38,0.1,0.2
0.0,0.55,0.12,0.08,0.0,0.22,0.06,0.62,0.0,0.78,0.52,0.34,0.0
0.02,0.55,0.06,0.62,0.03,0.28,0.22,0.72,0.38,0.58,0.24,0.42,0.1
0.0,0.2,0.1,0.0,0.0,0.1,0.0,0.6,0.0,0.0,0.1,0.1,0.1
0.1,0.2,0.0,0.0,0.0,0.2,0.1,0.6,0.0,0.0,0.1,0.1,0.0
0.0,0.32,0.05,0.12,0.0,0.42,0.18,0.62,0.08,0.72,0.22,0.28,0.0
0.0,0.55,0.0,0.65,0.0,0.35,0.0,0.6,0.25,0.7,0.0,0.55,0.0
0.0,0.62,0.05,0.58,0.0,0.34,0.12,0.72,0.38,0.86,0.44,0.0,0.0
0.05,0.08,0.0,0.0,0.0,0.12,0.06,0.72,0.0,0.06,0.0,0.08,0.0
0.0,0.1,0.0,0.0,0.0,0.0,0.2,0.2,0.0,0.0,0.0,0.0,0.0
0.02,0.62,0.03,0.72,0.02,0.22,0.12,0.38,0.28,0.55,0.06,0.0,0.0
0.0,0.1,0.0,0.0,0.0,0.0,0.1,0.6,0.0,0.1,0.0,0.2,0.0
0.05,0.18,0.0,0.32,0.0,0.12,0.06,0.22,0.08,0.28,0.12,0.0,0.0
0.05,0.18,0.06,0.0,0.0,0.22,0.28,0.62,0.0,0.22,0.0,0.55,0.0
0.12,0.18,0.06,0.0,0.0,0.08,0.12,0.22,0.0,0.18,0.08,0.28,0.0
0.55,0.18,0.02,0.0,0.0,0.22,0.08,0.62,0.12,0.58,0.12,0.18,0.22
0.22,0.62,0.34,0.12,0.38,0.28,0.24,0.78,0.18,0.72,0.3,0.34,0.26
0.34,0.22,0.12,0.0,0.0,0.28,0.24,0.62,0.12,0.04,0.06,0.38,0.18
0.34,0.38,0.32,0.0,0.06,0.18,0.3,0.62,0.0,0.3,0.14,0.22,0.1
0.03,0.78,0.34,0.18,0.06,0.22,0.28,0.72,0.12,0.86,0.48,0.01,0.1
0.12,0.62,0.28,0.12,0.06,0.22,0.24,0.78,0.38,0.86,0.66,0.18,0.22
0.34,0.18,0.02,0.03,0.01,0.22,0.2,0.62,0.1,0.55,0.06,0.16,0.24
0.22,0.58,0.06,0.52,0.1,0.34,0.18,0.62,0.3,0.78,0.28,0.02,0.2
0.22,0.62,0.24,0.06,0.08,0.34,0.18,0.78,0.22,0.72,0.28,0.3,0.26
0.0,0.82,0.12,0.62,0.38,0.34,0.18,0.78,0.22,0.46,0.28,0.74,0.04
0.02,0.72,0.62,0.12,0.38,0.34,0.46,0.78,0.28,0.66,0.22,0.14,0.1
0.02,0.62,0.18,0.46,0.06,0.44,0.14,0.58,0.22,0.86,0.34,0.38,0.12
0.34,0.52,0.22,0.28,0.18,0.33,0.24,0.72,0.18,0.78,0.22,0.26,0.62
0.12,0.52,0.62,0.02,0.28,0.46,0.44,0.58,0.34,0.72,0.18,0.16,0.22
0.0,0.35,0.32,0.0,0.0,0.18,0.28,0.22,0.34,0.62,0.22,0.0,0.0
0.0,0.22,0.0,0.0,0.0,0.12,0.0,0.55,0.18,0.12,0.0,0.0,0.0
0.0,0.55,0.12,0.0,0.0,0.22,0.18,0.28,0.32,0.62,0.18,0.0,0.0
0.0,0.62,0.18,0.0,0.0,0.22,0.16,0.72,0.38,0.28,0.12,0.44,0.0
0.12,0.22,0.08,0.0,0.0,0.18,0.14,0.62,0.0,0.48,0.0,0.0,0.0
0.05,0.62,0.02,0.72,0.08,0.22,0.1,0.55,0.7,0.22,0.0,0.0,0.0
0.42,0.12,0.06,0.0,0.0,0.08,0.18,0.62,0.0,0.08,0.0,0.22,0.18
0.0,0.22,0.0,0.0,0.0,0.08,0.06,0.62,0.08,0.28,0.0,0.24,0.0
0.22,0.38,0.03,0.02,0.01,0.34,0.1,0.62,0.28,0.72,0.06,0.2,0.05
0.0,0.85,0.2,0.05,0.1,0.25,0.15,0.75,0.35,0.85,0.1,0.65,0.15
0.03,0.62,0.46,0.02,0.06,0.34,0.08,0.78,0.18,0.72,0.14,0.44,0.22
0.46,0.42,0.44,0.02,0.03,0.3,0.18,0.78,0.22,0.55,0.34,0.06,0.4
0.62,0.03,0.0,0.0,0.0,0.08,0.12,0.72,0.0,0.0,0.0,0.28,0.18
0.34,0.62,0.12,0.0,0.08,0.12,0.18,0.78,0.22,0.0,0.12,0.74,0.16
0.03,0.78,0.12,0.08,0.05,0.34,0.1,0.72,0.22,0.86,0.18,0.7,0.2
0.34,0.42,0.18,0.0,0.0,0.36,0.22,0.62,0.22,0.78,0.28,0.0,0.46
0.12,0.62,0.12,0.28,0.22,0.34,0.06,0.58,0.18,0.86,0.1,0.04,0.22
0.62,0.08,0.03,0.0,0.0,0.12,0.06,0.72,0.18,0.34,0.03,0.22,0.24
0.55,0.05,0.0,0.0,0.0,0.05,0.12,0.45,0.0,0.35,0.18,0.0,0.05
0.62,0.18,0.0,0.0,0.0,0.12,0.0,0.78,0.0,0.0,0.0,0.55,0.22
0.05,0.12,0.03,0.0,0.0,0.18,0.08,0.72,0.0,0.12,0.05,0.62,0.28
0.12,0.42,0.06,0.04,0.02,0.38,0.14,0.62,0.18,0.78,0.1,0.28,0.22
0.42,0.08,0.02,0.0,0.05,0.22,0.12,0.62,0.28,0.22,0.06,0.12,0.06
0.12,0.62,0.38,0.03,0.58,0.44,0.46,0.72,0.55,0.48,0.18,0.1,0.06
0.34,0.22,0.18,0.0,0.12,0.24,0.22,0.62,0.58,0.0,0.0,0.06,0.2
0.62,0.12,0.0,0.0,0.0,0.08,0.18,0.72,0.0,0.0,0.06,0.14,0.04
0.18,0.34,0.22,0.08,0.12,0.28,0.26,0.62,0.1,0.78,0.12,0.06,0.2
0.18,0.62,0.18,0.06,0.22,0.34,0.22,0.58,0.32,0.78,0.08,0.06,0.24
0.03,0.62,0.28,0.22,0.18,0.34,0.24,0.72,0.22,0.58,0.12,0.02,0.1
0.0,0.78,0.22,0.18,0.12,0.34,0.24,0.62,0.22,0.86,0.28,0.06,0.12
0.22,0.34,0.18,0.03,0.06,0.55,0.48,0.72,0.05,0.86,0.1,0.02,0.28
0.62,0.28,0.22,0.0,0.0,0.12,0.26,0.58,0.22,0.0,0.06,0.18,0.14
0.42,0.18,0.12,0.02,0.01,0.1,0.14,0.78,0.06,0.1,0.06,0.55,0.18
0.34,0.62,0.28,0.06,0.22,0.18,0.24,0.78,0.08,0.86,0.14,0.04,0.22
0.78,0.12,0.02,0.0,0.08,0.18,0.14,0.62,0.46,0.34,0.06,0.0,0.12
0.12,0.46,0.08,0.0,0.42,0.18,0.12,0.34,0.62,0.58,0.06,0.0,0.0
0.62,0.28,0.12,0.0,0.0,0.44,0.36,0.78,0.08,0.34,0.0,0.12,0.3
0.42,0.62,0.28,0.22,0.06,0.18,0.24,0.78,0.14,0.46,0.18,0.22,0.06
0.78,0.08,0.0,0.0,0.0,0.12,0.03,0.62,0.0,0.06,0.05,0.22,0.18
0.0,0.78,0.34,0.0,0.22,0.08,0.42,0.86,0.0,0.22,0.0,0.92,0.0
0.0,0.62,0.34,0.0,0.06,0.33,0.46,0.78,0.0,0.22,0.12,0.9,0.12
0.34,0.46,0.18,0.22,0.06,0.24,0.28,0.72,0.14,0.44,0.16,0.58,0.1
0.18,0.78,0.08,0.62,0.06,0.12,0.03,0.72,0.38,0.7,0.22,0.34,0.14
0.34,0.42,0.06,0.03,0.0,0.18,0.12,0.62,0.18,0.72,0.08,0.0,0.04
0.62,0.34,0.12,0.03,0.18,0.22,0.26,0.78,0.28,0.44,0.1,0.04,0.08
0.78,0.12,0.0,0.0,0.0,0.12,0.06,0.72,0.18,0.0,0.08,0.28,0.04
0.55,0.05,0.03,0.0,0.0,0.12,0.22,0.78,0.0,0.18,0.0,0.32,0.05
0.18,0.42,0.18,0.03,0.06,0.12,0.22,0.62,0.14,0.72,0.12,0.12,0.16
0.62,0.34,0.18,0.28,0.0,0.22,0.12,0.55,0.12,0.72,0.02,0.0,0.04
0.55,0.32,0.18,0.0,0.0,0.22,0.24,0.62,0.28,0.34,0.3,0.0,0.1
0.32,0.22,0.12,0.0,0.0,0.28,0.24,0.62,0.0,0.22,0.06,0.58,0.08
0.62,0.12,0.22,0.03,0.0,0.18,0.06,0.72,0.28,0.22,0.02,0.18,0.12
0.1,0.6,0.5,0.2,0.0,0.4,0.3,0.6,0.4,0.8,0.2,0.0,0.1
0.18,0.12,0.02,0.0,0.0,0.22,0.12,0.62,0.06,0.72,0.18,0.0,0.06
0.22,0.34,0.18,0.03,0.0,0.24,0.16,0.42,0.18,0.78,0.22,0.0,0.04
0.12,0.62,0.18,0.04,0.0,0.22,0.14,0.78,0.22,0.48,0.18,0.0,0.08
0.52,0.28,0.22,0.0,0.0,0.34,0.18,0.62,0.06,0.58,0.22,0.0,0.12
0.82,0.08,0.0,0.0,0.0,0.18,0.06,0.72,0.22,0.18,0.0,0.0,0.06
0.62,0.12,0.18,0.0,0.0,0.34,0.08,0.78,0.08,0.22,0.0,0.22,0.06
0.22,0.72,0.18,0.24,0.02,0.22,0.2,0.78,0.1,0.86,0.34,0.1,0.18
0.22,0.62,0.34,0.05,0.02,0.28,0.3,0.66,0.06,0.58,0.24,0.03,0.26
0.05,0.55,0.45,0.0,0.2,0.1,0.35,0.6,0.0,0.25,0.15,0.0,0.0
0.42,0.48,0.12,0.06,0.08,0.46,0.22,0.62,0.18,0.78,0.22,0.02,0.28
0.42,0.58,0.22,0.02,0.03,0.34,0.28,0.62,0.1,0.55,0.3,0.32,0.24
0.62,0.18,0.22,0.0,0.0,0.34,0.14,0.78,0.0,0.56,0.32,0.12,0.16
0.72,0.12,0.0,0.0,0.0,0.18,0.08,0.62,0.0,0.0,0.22,0.0,0.14
0.62,0.18,0.03,0.0,0.22,0.24,0.12,0.78,0.0,0.08,0.14,0.16,0.22
0.42,0.34,0.18,0.0,0.28,0.32,0.26,0.62,0.12,0.3,0.22,0.44,0.2
0.62,0.22,0.18,0.0,0.0,0.18,0.16,0.52,0.28,0.34,0.14,0.0,0.06
0.38,0.22,0.1,0.02,0.24,0.2,0.12,0.62,0.1,0.72,0.28,0.02,0.06
0.18,0.34,0.16,0.08,0.12,0.22,0.14,0.62,0.14,0.58,0.28,0.0,0.04
0.38,0.42,0.06,0.05,0.03,0.34,0.18,0.72,0.22,0.55,0.36,0.33,0.12
0.0,0.35,0.1,0.0,0.55,0.25,0.0,0.35,0.0,0.2,0.55,0.0,0.1
0.0,0.62,0.08,0.55,0.32,0.58,0.42,0.78,0.18,0.06,0.22,0.34,0.14
0.18,0.22,0.12,0.0,0.14,0.24,0.12,0.62,0.08,0.72,0.28,0.18,0.06
0.34,0.32,0.18,0.02,0.04,0.3,0.28,0.62,0.22,0.72,0.1,0.3,0.22
0.12,0.58,0.1,0.06,0.02,0.22,0.08,0.72,0.1,0.34,0.3,0.32,0.06
0.34,0.46,0.42,0.0,0.28,0.36,0.22,0.62,0.28,0.78,0.58,0.0,0.24
0.12,0.55,0.52,0.0,0.18,0.34,0.46,0.72,0.22,0.78,0.58,0.42,0.28
0.12,0.72,0.28,0.22,0.34,0.46,0.38,0.78,0.18,0.74,0.62,0.06,0.22
0.22,0.62,0.08,0.06,0.1,0.34,0.18,0.72,0.55,0.02,0.2,0.7,0.1
0.22,0.62,0.18,0.12,0.0,0.12,0.08,0.72,0.18,0.55,0.0,0.0,0.0
0.0,0.78,0.22,0.0,0.12,0.34,0.12,0.72,0.0,0.86,0.48,0.52,0.08
0.42,0.18,0.22,0.0,0.08,0.24,0.28,0.62,0.22,0.3,0.06,0.12,0.1
0.0,0.75,0.05,0.25,0.45,0.35,0.25,0.7,0.25,0.8,0.2,0.0,0.05
0.18,0.72,0.12,0.62,0.34,0.22,0.18,0.78,0.18,0.66,0.42,0.28,0.1
0.0,0.78,0.12,0.08,0.18,0.22,0.0,0.86,0.22,0.42,0.28,0.62,0.12
0.0,0.78,0.32,0.12,0.34,0.22,0.18,0.86,0.0,0.0,0.36,0.72,0.0
0.18,0.72,0.34,0.08,0.22,0.38,0.24,0.66,0.62,0.52,0.1,0.02,0.2
0.0,0.72,0.28,0.06,0.12,0.34,0.22,0.62,0.0,0.78,0.56,0.0,0.04
0.0,0.78,0.22,0.0,0.18,0.42,0.12,0.72,0.05,0.74,0.62,0.34,0.0
0.05,0.45,0.12,0.38,0.03,0.42,0.22,0.55,0.35,0.75,0.6,0.0,0.05
0.34,0.28,0.12,0.0,0.0,0.42,0.26,0.62,0.38,0.58,0.36,0.0,0.18
0.0,0.55,0.35,0.15,0.45,0.55,0.45,0.75,0.25,0.75,0.55,0.05,0.0
0.42,0.34,0.22,0.02,0.01,0.33,0.28,0.62,0.55,0.12,0.38,0.1,0.24
0.62,0.18,0.22,0.0,0.0,0.34,0.24,0.58,0.36,0.0,0.12,0.0,0.06
0.0,0.62,0.18,0.72,0.05,0.55,0.28,0.78,0.52,0.92,0.58,0.42,0.06
0.12,0.72,0.28,0.78,0.08,0.62,0.34,0.66,0.3,0.92,0.74,0.38,0.1
0.03,0.62,0.28,0.55,0.06,0.52,0.34,0.58,0.55,0.92,0.38,0.06,0.1
0.02,0.62,0.18,0.72,0.03,0.44,0.34,0.78,0.28,0.66,0.22,0.58,0.2
0.12,0.22,0.18,0.03,0.02,0.34,0.28,0.62,0.46,0.92,0.38,0.02,0.14
0.12,0.52,0.12,0.48,0.08,0.44,0.18,0.86,0.22,0.1,0.1,0.34,0.22
0.03,0.42,0.18,0.02,0.01,0.55,0.28,0.78,0.18,0.1,0.34,0.32,0.12
0.12,0.46,0.42,0.18,0.05,0.62,0.44,0.58,0.55,0.86,0.34,0.22,0.28
0.42,0.22,0.28,0.02,0.01,0.46,0.34,0.78,0.12,0.72,0.18,0.2,0.26
0.0,0.62,0.05,0.58,0.0,0.12,0.03,0.22,0.55,0.72,0.28,0.0,0.0
0.22,0.62,0.24,0.68,0.06,0.24,0.14,0.58,0.46,0.72,0.28,0.18,0.22
0.12,0.72,0.22,0.62,0.18,0.46,0.44,0.78,0.48,0.86,0.42,0.1,0.34
0.62,0.28,0.08,0.02,0.06,0.34,0.46,0.78,0.1,0.06,0.18,0.3,0.14
0.42,0.28,0.12,0.0,0.0,0.34,0.14,0.78,0.22,0.06,0.24,0.46,0.18
0.22,0.34,0.18,0.03,0.02,0.3,0.42,0.78,0.1,0.72,0.28,0.18,0.26
0.18,0.62,0.28,0.34,0.08,0.66,0.44,0.86,0.48,0.82,0.46,0.06,0.32
0.34,0.42,0.06,0.48,0.0,0.33,0.36,0.72,0.44,0.66,0.22,0.18,0.24
0.0,0.78,0.05,0.62,0.0,0.22,0.18,0.72,0.55,0.82,0.05,0.28,0.34
0.62,0.18,0.06,0.22,0.0,0.34,0.24,0.66,0.16,0.58,0.08,0.0,0.36
0.32,0.06,0.08,0.0,0.0,0.18,0.22,0.62,0.0,0.12,0.0,0.14,0.0
0.72,0.28,0.08,0.04,0.02,0.22,0.18,0.62,0.55,0.18,0.1,0.06,0.1
0.0,0.62,0.12,0.78,0.0,0.34,0.22,0.55,0.72,0.66,0.18,0.0,0.14
0.24,0.55,0.34,0.28,0.06,0.46,0.33,0.62,0.58,0.72,0.18,0.1,0.22
0.22,0.08,0.12,0.03,0.0,0.28,0.14,0.32,0.26,0.78,0.12,0.0,0.06
0.0,0.62,0.22,0.06,0.0,0.74,0.48,0.34,0.28,0.66,0.0,0.0,0.0
0.02,0.72,0.62,0.08,0.06,0.22,0.28,0.78,0.02,0.55,0.38,0.04,0.03
0.18,0.62,0.42,0.06,0.08,0.34,0.22,0.78,0.22,0.66,0.48,0.28,0.2
0.02,0.52,0.28,0.34,0.03,0.33,0.22,0.38,0.3,0.12,0.18,0.2,0.05
0.62,0.28,0.34,0.0,0.0,0.33,0.3,0.78,0.22,0.42,0.08,0.14,0.06
0.08,0.52,0.34,0.03,0.06,0.55,0.38,0.62,0.44,0.78,0.36,0.02,0.18
0.22,0.55,0.12,0.18,0.03,0.46,0.24,0.72,0.34,0.62,0.18,0.12,0.16
0.12,0.55,0.18,0.03,0.02,0.62,0.28,0.72,0.22,0.88,0.34,0.22,0.1
0.62,0.18,0.22,0.0,0.0,0.46,0.24,0.58,0.22,0.55,0.12,0.16,0.18
0.34,0.22,0.06,0.03,0.0,0.18,0.12,0.62,0.28,0.06,0.08,0.18,0.16
0.42,0.12,0.14,0.0,0.0,0.18,0.12,0.62,0.28,0.06,0.04,0.26,0.14
0.05,0.78,0.38,0.55,0.08,0.62,0.22,0.72,0.42,0.9,0.48,0.3,0.1
0.22,0.48,0.18,0.03,0.06,0.34,0.24,0.72,0.18,0.62,0.44,0.06,0.28
0.05,0.12,0.08,0.0,0.0,0.55,0.38,0.72,0.0,0.32,0.0,0.42,0.08
0.78,0.12,0.0,0.0,0.0,0.22,0.18,0.62,0.34,0.0,0.0,0.06,0.08
0.62,0.08,0.01,0.02,0.0,0.18,0.12,0.55,0.62,0.12,0.03,0.0,0.02
0.22,0.34,0.06,0.28,0.02,0.3,0.24,0.62,0.38,0.55,0.04,0.1,0.12
0.42,0.12,0.22,0.0,0.0,0.28,0.24,0.22,0.18,0.12,0.0,0.12,0.0
0.22,0.18,0.34,0.0,0.0,0.12,0.28,0.42,0.22,0.06,0.0,0.0,0.06
0.55,0.22,0.02,0.0,0.12,0.18,0.14,0.62,0.22,0.24,0.04,0.18,0.06
0.62,0.18,0.02,0.12,0.0,0.46,0.06,0.58,0.55,0.44,0.02,0.0,0.04
0.12,0.28,0.08,0.22,0.06,0.22,0.18,0.62,0.02,0.01,0.02,0.26,0.06
0.62,0.08,0.22,0.0,0.0,0.24,0.28,0.72,0.42,0.0,0.0,0.02,0.12
0.62,0.12,0.08,0.0,0.0,0.46,0.18,0.58,0.28,0.12,0.12,0.14,0.06
0.22,0.18,0.03,0.0,0.0,0.55,0.28,0.72,0.06,0.34,0.12,0.48,0.24
0.62,0.08,0.0,0.0,0.0,0.22,0.18,0.72,0.48,0.22,0.06,0.0,0.0
0.42,0.38,0.33,0.36,0.02,0.34,0.22,0.62,0.08,0.28,0.3,0.0,0.1
0.62,0.18,0.06,0.03,0.0,0.34,0.22,0.72,0.46,0.12,0.28,0.04,0.08
0.72,0.0,0.08,0.0,0.0,0.34,0.18,0.22,0.28,0.0,0.0,0.0,0.12
0.03,0.62,0.08,0.06,0.05,0.22,0.06,0.58,0.28,0.86,0.55,0.06,0.1
0.05,0.62,0.34,0.12,0.06,0.22,0.18,0.78,0.22,0.86,0.58,0.18,0.2
0.62,0.34,0.12,0.28,0.14,0.22,0.18,0.66,0.3,0.58,0.06,0.12,0.2
0.22,0.18,0.24,0.02,0.01,0.12,0.28,0.62,0.01,0.34,0.46,0.14,0.2
0.62,0.28,0.34,0.0,0.0,0.3,0.22,0.72,0.34,0.38,0.06,0.44,0.18
0.55,0.18,0.12,0.06,0.0,0.12,0.06,0.62,0.12,0.06,0.04,0.22,0.18
0.62,0.22,0.08,0.0,0.18,0.34,0.28,0.78,0.0,0.18,0.06,0.32,0.12
0.22,0.72,0.28,0.34,0.38,0.3,0.18,0.62,0.22,0.78,0.26,0.1,0.12
0.34,0.22,0.28,0.06,0.0,0.18,0.16,0.62,0.26,0.78,0.12,0.0,0.14
0.78,0.12,0.02,0.0,0.0,0.34,0.12,0.62,0.02,0.08,0.02,0.06,0.42
0.42,0.28,0.24,0.02,0.06,0.33,0.18,0.62,0.06,0.78,0.22,0.18,0.2
0.18,0.22,0.06,0.04,0.0,0.12,0.14,0.62,0.22,0.06,0.02,0.28,0.18
0.12,0.34,0.06,0.04,0.02,0.18,0.22,0.62,0.18,0.08,0.1,0.28,0.2
0.12,0.62,0.48,0.34,0.22,0.22,0.24,0.66,0.44,0.72,0.58,0.04,0.36
0.02,0.62,0.38,0.22,0.12,0.55,0.58,0.78,0.06,0.66,0.34,0.72,0.18
0.05,0.28,0.22,0.0,0.0,0.24,0.18,0.62,0.38,0.12,0.0,0.34,0.14
0.12,0.55,0.38,0.12,0.06,0.18,0.22,0.72,0.18,0.28,0.22,0.62,0.44
0.28,0.34,0.22,0.0,0.06,0.12,0.24,0.62,0.26,0.12,0.08,0.58,0.22
0.12,0.62,0.18,0.0,0.05,0.22,0.28,0.72,0.06,0.18,0.08,0.9,0.22
0.12,0.34,0.28,0.0,0.0,0.18,0.26,0.62,0.18,0.22,0.08,0.52,0.3
0.12,0.62,0.22,0.12,0.05,0.18,0.2,0.78,0.1,0.22,0.06,0.88,0.28
0.03,0.62,0.22,0.18,0.28,0.34,0.26,0.72,0.18,0.66,0.18,0.58,0.14
0.12,0.62,0.08,0.78,0.02,0.22,0.18,0.55,0.38,0.28,0.24,0.14,0.2
0.0,0.62,0.46,0.0,0.22,0.58,0.34,0.72,0.12,0.66,0.0,0.0,0.0
0.18,0.52,0.22,0.34,0.02,0.28,0.2,0.62,0.22,0.26,0.3,0.32,0.1
0.42,0.18,0.12,0.04,0.1,0.22,0.2,0.48,0.4,0.02,0.02,0.3,0.1
0.42,0.38,0.22,0.18,0.03,0.44,0.36,0.78,0.34,0.1,0.14,0.3,0.16
0.42,0.38,0.12,0.02,0.03,0.55,0.34,0.62,0.06,0.72,0.28,0.03,0.18
0.18,0.22,0.14,0.28,0.02,0.34,0.26,0.62,0.18,0.42,0.22,0.16,0.2
0.22,0.34,0.46,0.0,0.0,0.33,0.24,0.62,0.12,0.66,0.52,0.06,0.18
0.22,0.62,0.18,0.55,0.06,0.44,0.3,0.72,0.3,0.58,0.1,0.0,0.08
0.34,0.52,0.18,0.06,0.28,0.3,0.26,0.78,0.04,0.22,0.14,0.24,0.08
0.42,0.18,0.02,0.0,0.14,0.22,0.16,0.48,0.18,0.12,0.0,0.0,0.02
0.34,0.28,0.18,0.12,0.04,0.22,0.2,0.62,0.02,0.14,0.06,0.18,0.06
0.55,0.35,0.05,0.3,0.0,0.12,0.05,0.65,0.25,0.55,0.0,0.05,0.2
0.0,0.85,0.12,0.55,0.35,0.32,0.22,0.72,0.28,0.78,0.42,0.05,0.0
0.05,0.85,0.08,0.9,0.05,0.22,0.18,0.65,0.25,0.35,0.18,0.05,0.12
0.62,0.28,0.22,0.0,0.0,0.18,0.24,0.72,0.22,0.08,0.12,0.14,0.06
0.18,0.52,0.12,0.55,0.22,0.34,0.38,0.78,0.42,0.06,0.14,0.28,0.16
0.02,0.62,0.12,0.38,0.18,0.44,0.14,0.78,0.52,0.86,0.34,0.06,0.1
0.18,0.34,0.52,0.0,0.16,0.32,0.38,0.72,0.18,0.78,0.56,0.0,0.12
0.12,0.72,0.22,0.08,0.06,0.34,0.12,0.78,0.02,0.62,0.28,0.66,0.06
0.0,0.62,0.18,0.0,0.0,0.22,0.24,0.78,0.0,0.72,0.46,0.86,0.12
0.06,0.72,0.08,0.46,0.34,0.33,0.18,0.78,0.62,0.55,0.18,0.36,0.22
0.78,0.12,0.14,0.02,0.0,0.34,0.22,0.62,0.28,0.18,0.12,0.06,0.08
0.34,0.28,0.12,0.22,0.04,0.3,0.18,0.72,0.1,0.18,0.1,0.06,0.02
0.18,0.72,0.78,0.42,0.06,0.34,0.28,0.66,0.18,0.74,0.46,0.1,0.3
0.02,0.62,0.58,0.18,0.22,0.34,0.46,0.72,0.44,0.66,0.28,0.02,0.04
0.12,0.62,0.34,0.28,0.22,0.38,0.3,0.72,0.06,0.66,0.44,0.06,0.18
0.22,0.28,0.03,0.0,0.32,0.08,0.04,0.72,0.0,0.22,0.06,0.12,0.05
0.0,0.86,0.22,0.48,0.06,0.12,0.04,0.72,0.34,0.78,0.28,0.12,0.0
0.42,0.58,0.18,0.32,0.14,0.34,0.22,0.78,0.02,0.62,0.06,0.18,0.3
0.42,0.34,0.12,0.0,0.0,0.28,0.06,0.62,0.0,0.46,0.0,0.0,0.22
0.0,0.52,0.46,0.0,0.0,0.34,0.18,0.62,0.0,0.28,0.12,0.0,0.14
0.22,0.62,0.18,0.06,0.08,0.2,0.16,0.72,0.06,0.78,0.18,0.04,0.34
0.0,0.86,0.12,0.34,0.0,0.22,0.18,0.62,0.18,0.78,0.22,0.0,0.28
0.55,0.12,0.0,0.0,0.0,0.08,0.0,0.62,0.0,0.28,0.0,0.0,0.0
0.0,0.85,0.05,0.0,0.0,0.0,0.0,0.55,0.0,0.2,0.0,0.8,0.0
0.0,0.85,0.05,0.0,0.0,0.1,0.0,0.15,0.0,0.7,0.0,0.0,0.0
0.0,0.65,0.05,0.0,0.15,0.2,0.0,0.35,0.0,0.55,0.0,0.0,0.0
0.0,0.75,0.35,0.0,0.0,0.25,0.0,0.2,0.0,0.55,0.0,0.0,0.0
0.0,0.85,0.1,0.0,0.15,0.1,0.2,0.35,0.0,0.7,0.1,0.0,0.0
0.42,0.34,0.28,0.02,0.03,0.33,0.18,0.62,0.78,0.01,0.06,0.22,0.2
0.18,0.62,0.22,0.12,0.14,0.34,0.28,0.78,0.22,0.0,0.08,0.32,0.16
0.34,0.62,0.46,0.02,0.08,0.33,0.28,0.55,0.72,0.22,0.1,0.78,0.18
0.34,0.3,0.12,0.22,0.02,0.18,0.2,0.62,0.28,0.2,0.06,0.14,0.1
0.62,0.28,0.18,0.0,0.06,0.22,0.14,0.72,0.34,0.0,0.0,0.08,0.26
0.12,0.34,0.18,0.03,0.02,0.22,0.28,0.62,0.22,0.02,0.06,0.1,0.08
0.34,0.36,0.42,0.0,0.0,0.28,0.22,0.62,0.02,0.72,0.12,0.22,0.3
0.34,0.22,0.38,0.0,0.0,0.18,0.32,0.62,0.36,0.0,0.06,0.44,0.28
0.34,0.42,0.18,0.06,0.14,0.12,0.08,0.62,0.18,0.06,0.22,0.1,0.06
0.22,0.48,0.34,0.02,0.12,0.24,0.18,0.62,0.28,0.1,0.16,0.36,0.2
0.18,0.72,0.22,0.08,0.12,0.18,0.12,0.78,0.28,0.82,0.1,0.3,0.26
0.22,0.62,0.55,0.18,0.02,0.18,0.28,0.78,0.22,0.55,0.06,0.1,0.18
0.42,0.34,0.12,0.0,0.0,0.28,0.22,0.46,0.3,0.4,0.18,0.0,0.2
0.55,0.35,0.45,0.05,0.05,0.15,0.1,0.4,0.0,0.45,0.0,0.1,0.05
0.78,0.0,0.0,0.0,0.0,0.06,0.0,0.62,0.22,0.0,0.08,0.18,0.34
0.35,0.25,0.05,0.0,0.3,0.1,0.05,0.4,0.0,0.25,0.05,0.1,0.25
0.78,0.0,0.0,0.0,0.0,0.06,0.0,0.62,0.0,0.22,0.0,0.18,0.55
0.32,0.62,0.08,0.55,0.05,0.22,0.06,0.78,0.0,0.58,0.48,0.12,0.02
0.0,0.78,0.06,0.62,0.0,0.22,0.18,0.72,0.66,0.74,0.22,0.62,0.18
0.72,0.12,0.02,0.0,0.0,0.18,0.02,0.62,0.0,0.28,0.22,0.0,0.46
0.82,0.06,0.01,0.0,0.0,0.08,0.03,0.62,0.18,0.12,0.08,0.0,0.22
0.34,0.06,0.0,0.0,0.0,0.0,0.0,0.22,0.18,0.0,0.0,0.12,0.0
0.55,0.12,0.0,0.0,0.0,0.05,0.0,0.45,0.18,0.0,0.0,0.0,0.12
0.05,0.62,0.08,0.38,0.18,0.18,0.03,0.72,0.02,0.42,0.06,0.04,0.48
0.05,0.62,0.08,0.03,0.78,0.12,0.06,0.55,0.22,0.48,0.1,0.08,0.2
0.0,0.42,0.18,0.12,0.0,0.22,0.2,0.12,0.22,0.3,0.0,0.0,0.0
0.0,0.62,0.0,0.18,0.0,0.22,0.0,0.34,0.38,0.86,0.06,0.0,0.04
0.34,0.42,0.18,0.06,0.02,0.3,0.33,0.58,0.46,0.0,0.1,0.0,0.04
0.22,0.12,0.18,0.0,0.0,0.18,0.14,0.62,0.0,0.0,0.28,0.12,0.12
0.34,0.12,0.02,0.0,0.0,0.08,0.07,0.55,0.06,0.0,0.06,0.12,0.02
0.62,0.22,0.18,0.0,0.0,0.34,0.28,0.72,0.12,0.0,0.08,0.26,0.18
0.22,0.18,0.03,0.0,0.06,0.18,0.12,0.78,0.02,0.22,0.12,0.12,0.02
0.0,0.34,0.18,0.0,0.12,0.22,0.24,0.78,0.0,0.06,0.14,0.62,0.04
0.35,0.22,0.05,0.06,0.0,0.18,0.22,0.28,0.08,0.0,0.12,0.0,0.06
0.12,0.22,0.06,0.04,0.02,0.18,0.34,0.62,0.18,0.58,0.1,0.2,0.04
0.22,0.28,0.02,0.18,0.08,0.34,0.26,0.42,0.38,0.62,0.12,0.06,0.1
0.34,0.18,0.12,0.0,0.0,0.22,0.28,0.62,0.06,0.58,0.08,0.12,0.08
0.0,0.62,0.18,0.0,0.0,0.22,0.14,0.55,0.0,0.78,0.12,0.0,0.0
0.0,0.72,0.22,0.68,0.0,0.34,0.18,0.42,0.66,0.78,0.06,0.0,0.0
0.72,0.48,0.06,0.1,0.12,0.34,0.22,0.62,0.0,0.1,0.06,0.12,0.04
0.0,0.78,0.42,0.55,0.0,0.34,0.22,0.72,0.28,0.62,0.18,0.12,0.0
0.18,0.52,0.46,0.0,0.06,0.34,0.28,0.62,0.0,0.66,0.38,0.22,0.12
0.12,0.48,0.08,0.72,0.0,0.62,0.44,0.58,0.46,0.52,0.06,0.0,0.08
0.18,0.34,0.12,0.08,0.03,0.3,0.22,0.62,0.28,0.78,0.1,0.02,0.2
0.35,0.18,0.22,0.0,0.0,0.22,0.28,0.32,0.0,0.78,0.05,0.0,0.18
0.42,0.22,0.18,0.0,0.0,0.24,0.34,0.28,0.0,0.12,0.08,0.0,0.16
0.22,0.08,0.0,0.0,0.0,0.12,0.06,0.62,0.0,0.0,0.0,0.12,0.06
0.05,0.38,0.12,0.06,0.0,0.22,0.06,0.62,0.0,0.18,0.08,0.12,0.06
0.22,0.55,0.28,0.06,0.0,0.34,0.24,0.62,0.0,0.52,0.12,0.18,0.12
0.05,0.62,0.22,0.28,0.0,0.34,0.18,0.52,0.22,0.86,0.06,0.08,0.0
0.34,0.46,0.1,0.03,0.02,0.52,0.44,0.62,0.02,0.86,0.28,0.06,0.08
0.0,0.42,0.06,0.08,0.0,0.34,0.22,0.28,0.22,0.62,0.0,0.0,0.0
0.0,0.12,0.0,0.0,0.0,0.18,0.22,0.28,0.05,0.22,0.0,0.0,0.0
0.05,0.28,0.02,0.01,0.01,0.22,0.18,0.62,0.06,0.55,0.18,0.22,0.1
0.34,0.22,0.02,0.18,0.0,0.22,0.28,0.62,0.0,0.12,0.02,0.16,0.06
0.05,0.22,0.06,0.08,0.0,0.22,0.28,0.62,0.06,0.0,0.0,0.26,0.12
0.08,0.62,0.12,0.18,0.03,0.34,0.22,0.58,0.06,0.78,0.18,0.12,0.06
0.02,0.62,0.06,0.03,0.28,0.34,0.22,0.78,0.12,0.55,0.26,0.58,0.02
0.05,0.22,0.06,0.0,0.0,0.28,0.24,0.62,0.0,0.18,0.12,0.34,0.08
0.12,0.46,0.08,0.02,0.03,0.22,0.28,0.78,0.01,0.62,0.1,0.72,0.06
0.05,0.28,0.02,0.01,0.01,0.18,0.12,0.62,0.06,0.72,0.18,0.02,0.03
0.22,0.12,0.06,0.0,0.0,0.28,0.12,0.62,0.0,0.0,0.0,0.08,0.18
0.32,0.18,0.06,0.0,0.0,0.22,0.14,0.62,0.12,0.0,0.0,0.12,0.08
0.12,0.55,0.22,0.08,0.03,0.34,0.1,0.62,0.06,0.48,0.1,0.02,0.08
0.05,0.45,0.22,0.02,0.03,0.3,0.18,0.7,0.05,0.65,0.05,0.35,0.06
0.12,0.42,0.18,0.12,0.0,0.22,0.28,0.62,0.18,0.72,0.22,0.06,0.12
0.18,0.34,0.12,0.0,0.0,0.22,0.38,0.62,0.18,0.22,0.0,0.48,0.0
0.22,0.62,0.12,0.38,0.0,0.34,0.28,0.78,0.0,0.12,0.46,0.26,0.0
0.05,0.62,0.18,0.22,0.08,0.34,0.28,0.72,0.02,0.1,0.55,0.0,0.06
0.0,0.72,0.22,0.38,0.22,0.34,0.24,0.62,0.66,0.86,0.34,0.28,0.0
0.0,0.55,0.05,0.35,0.1,0.25,0.1,0.85,0.0,0.45,0.1,0.45,0.05
0.0,0.62,0.12,0.22,0.0,0.34,0.18,0.78,0.0,0.42,0.22,0.58,0.0
0.15,0.75,0.25,0.05,0.05,0.25,0.1,0.85,0.0,0.45,0.55,0.1,0.05
0.42,0.28,0.03,0.12,0.0,0.22,0.12,0.62,0.34,0.55,0.14,0.0,0.18
0.34,0.36,0.1,0.22,0.0,0.12,0.08,0.62,0.0,0.06,0.12,0.0,0.18
0.12,0.78,0.22,0.62,0.38,0.34,0.18,0.72,0.0,0.44,0.18,0.28,0.06
0.0,0.78,0.42,0.05,0.55,0.18,0.22,0.62,0.0,0.48,0.28,0.12,0.0
0.0,0.78,0.08,0.42,0.06,0.22,0.28,0.72,0.22,0.55,0.18,0.38,0.12
0.0,0.78,0.12,0.22,0.34,0.18,0.26,0.72,0.22,0.62,0.18,0.66,0.04
0.0,0.78,0.42,0.08,0.0,0.22,0.28,0.72,0.05,0.55,0.18,0.62,0.06
0.0,0.35,0.12,0.0,0.0,0.12,0.08,0.55,0.0,0.22,0.12,0.55,0.0
0.0,0.62,0.03,0.38,0.08,0.22,0.12,0.78,0.42,0.66,0.34,0.55,0.04
0.12,0.52,0.1,0.14,0.03,0.34,0.28,0.78,0.3,0.72,0.22,0.38,0.2
0.18,0.55,0.12,0.08,0.0,0.22,0.28,0.62,0.0,0.02,0.0,0.22,0.12
0.05,0.62,0.55,0.28,0.12,0.3,0.22,0.78,0.32,0.3,0.18,0.1,0.12
0.12,0.28,0.03,0.0,0.0,0.22,0.26,0.78,0.02,0.42,0.18,0.48,0.06
0.05,0.18,0.0,0.0,0.0,0.06,0.04,0.62,0.0,0.22,0.0,0.28,0.0
0.05,0.62,0.78,0.0,0.06,0.52,0.74,0.86,0.04,0.02,0.12,0.82,0.34
0.05,0.32,0.22,0.02,0.01,0.34,0.48,0.72,0.0,0.0,0.06,0.62,0.18
0.42,0.28,0.34,0.0,0.0,0.22,0.3,0.62,0.38,0.0,0.06,0.3,0.14
0.12,0.55,0.22,0.18,0.03,0.34,0.38,0.78,0.1,0.12,0.2,0.62,0.22
0.22,0.62,0.55,0.32,0.03,0.24,0.18,0.78,0.02,0.28,0.18,0.42,0.14
0.12,0.42,0.05,0.08,0.03,0.34,0.18,0.62,0.28,0.78,0.36,0.02,0.22
0.18,0.62,0.22,0.68,0.02,0.46,0.58,0.74,0.34,0.66,0.28,0.52,0.12
0.28,0.12,0.32,0.0,0.0,0.12,0.34,0.62,0.22,0.34,0.18,0.16,0.04
0.78,0.28,0.06,0.12,0.02,0.34,0.22,0.86,0.48,0.32,0.18,0.44,0.16
0.62,0.18,0.06,0.02,0.0,0.34,0.22,0.58,0.28,0.32,0.06,0.22,0.14
0.34,0.22,0.06,0.01,0.02,0.18,0.12,0.78,0.18,0.42,0.1,0.3,0.12
0.22,0.28,0.06,0.02,0.03,0.34,0.3,0.72,0.18,0.62,0.1,0.18,0.06
0.62,0.28,0.06,0.22,0.0,0.34,0.18,0.78,0.22,0.72,0.34,0.22,0.06
0.42,0.08,0.02,0.0,0.0,0.18,0.12,0.62,0.18,0.34,0.02,0.08,0.06
0.0,0.72,0.34,0.46,0.0,0.52,0.44,0.62,0.78,0.22,0.28,0.0,0.06
0.12,0.42,0.08,0.28,0.03,0.22,0.26,0.62,0.55,0.22,0.06,0.34,0.3
0.62,0.12,0.02,0.0,0.0,0.28,0.06,0.78,0.0,0.0,0.0,0.34,0.18
0.34,0.42,0.33,0.08,0.12,0.46,0.28,0.62,0.38,0.22,0.24,0.06,0.18
0.34,0.28,0.06,0.12,0.0,0.33,0.12,0.78,0.22,0.12,0.55,0.12,0.18
0.12,0.28,0.18,0.22,0.0,0.34,0.14,0.72,0.22,0.12,0.26,0.32,0.16
0.18,0.22,0.28,0.03,0.08,0.34,0.3,0.72,0.02,0.38,0.06,0.04,0.1
0.0,0.22,0.12,0.0,0.0,0.34,0.18,0.28,0.16,0.88,0.22,0.12,0.04
0.78,0.08,0.03,0.0,0.0,0.34,0.22,0.72,0.04,0.0,0.06,0.06,0.12
0.22,0.38,0.24,0.06,0.1,0.12,0.18,0.62,0.08,0.3,0.14,0.0,0.16
0.42,0.28,0.12,0.18,0.02,0.22,0.2,0.18,0.1,0.34,0.08,0.06,0.06
0.62,0.08,0.03,0.02,0.0,0.12,0.08,0.55,0.48,0.22,0.18,0.18,0.24
0.18,0.42,0.48,0.0,0.12,0.34,0.46,0.62,0.18,0.72,0.28,0.0,0.22
0.42,0.38,0.33,0.22,0.02,0.46,0.34,0.78,0.14,0.44,0.26,0.24,0.28
0.34,0.18,0.14,0.0,0.0,0.22,0.16,0.62,0.18,0.72,0.46,0.08,0.44
0.34,0.33,0.12,0.18,0.02,0.22,0.14,0.62,0.28,0.18,0.16,0.2,0.18
0.22,0.28,0.18,0.0,0.06,0.34,0.24,0.62,0.08,0.12,0.16,0.12,0.1
0.18,0.62,0.34,0.22,0.06,0.2,0.18,0.72,0.28,0.78,0.52,0.1,0.22
0.22,0.12,0.18,0.0,0.0,0.24,0.16,0.34,0.12,0.72,0.28,0.0,0.22
0.42,0.12,0.14,0.0,0.0,0.33,0.18,0.06,0.22,0.48,0.16,0.08,0.28
0.42,0.12,0.18,0.0,0.04,0.22,0.16,0.62,0.0,0.34,0.28,0.02,0.46
0.05,0.85,0.15,0.05,0.0,0.25,0.05,0.55,0.15,0.2,0.35,0.0,0.25
0.08,0.62,0.06,0.22,0.12,0.28,0.18,0.78,0.42,0.02,0.18,0.22,0.2
0.0,0.78,0.22,0.08,0.12,0.18,0.24,0.72,0.22,0.18,0.42,0.12,0.18
0.12,0.58,0.14,0.02,0.04,0.22,0.18,0.72,0.22,0.46,0.34,0.22,0.2
0.12,0.62,0.18,0.46,0.06,0.34,0.28,0.78,0.42,0.44,0.36,0.48,0.3
0.05,0.32,0.08,0.12,0.18,0.22,0.14,0.62,0.22,0.38,0.18,0.06,0.16
0.12,0.62,0.18,0.22,0.06,0.18,0.14,0.78,0.28,0.66,0.34,0.1,0.22
0.62,0.0,0.0,0.0,0.0,0.18,0.22,0.78,0.28,0.08,0.18,0.06,0.12
0.12,0.28,0.22,0.06,0.04,0.34,0.3,0.62,0.22,0.1,0.12,0.18,0.08
0.12,0.42,0.18,0.14,0.02,0.3,0.28,0.78,0.06,0.1,0.34,0.22,0.2
0.18,0.42,0.38,0.0,0.12,0.34,0.36,0.78,0.22,0.62,0.18,0.22,0.26
0.12,0.62,0.38,0.28,0.22,0.3,0.34,0.78,0.18,0.32,0.18,0.44,0.1
0.18,0.62,0.34,0.03,0.58,0.33,0.36,0.78,0.18,0.42,0.14,0.44,0.16
0.08,0.42,0.12,0.06,0.18,0.22,0.34,0.78,0.02,0.38,0.28,0.22,0.2
0.0,0.72,0.18,0.12,0.0,0.34,0.08,0.62,0.12,0.86,0.74,0.0,0.0
0.0,0.42,0.0,0.0,0.0,0.55,0.12,0.62,0.0,0.0,0.08,0.58,0.0
0.12,0.48,0.18,0.34,0.0,0.42,0.28,0.72,0.02,0.62,0.18,0.22,0.16
0.34,0.22,0.06,0.0,0.0,0.28,0.18,0.62,0.0,0.55,0.12,0.16,0.3
0.62,0.08,0.12,0.0,0.0,0.22,0.12,0.58,0.08,0.28,0.06,0.18,0.04
0.0,0.62,0.34,0.12,0.0,0.46,0.38,0.78,0.22,0.86,0.58,0.44,0.18
0.62,0.12,0.06,0.0,0.0,0.34,0.18,0.58,0.12,0.52,0.22,0.0,0.14
0.12,0.62,0.18,0.34,0.06,0.28,0.22,0.78,0.02,0.3,0.2,0.1,0.14
0.0,0.35,0.12,0.0,0.0,0.32,0.22,0.78,0.08,0.05,0.38,0.18,0.05
0.06,0.22,0.12,0.18,0.0,0.24,0.28,0.62,0.02,0.18,0.08,0.04,0.16
0.05,0.32,0.12,0.06,0.0,0.22,0.08,0.62,0.18,0.78,0.72,0.0,0.18
0.12,0.48,0.34,0.42,0.02,0.33,0.46,0.78,0.02,0.18,0.22,0.44,0.2
0.18,0.42,0.34,0.0,0.0,0.33,0.28,0.62,0.0,0.78,0.56,0.22,0.26
0.0,0.62,0.34,0.06,0.0,0.55,0.58,0.78,0.0,0.72,0.66,0.52,0.06
0.05,0.55,0.25,0.05,0.0,0.35,0.35,0.65,0.0,0.1,0.05,0.0,0.25
0.05,0.62,0.18,0.06,0.22,0.34,0.24,0.78,0.38,0.55,0.28,0.22,0.18
0.42,0.34,0.18,0.0,0.0,0.22,0.12,0.78,0.0,0.12,0.06,0.62,0.14
0.22,0.48,0.18,0.12,0.06,0.24,0.14,0.72,0.14,0.62,0.1,0.3,0.28
0.12,0.62,0.08,0.22,0.03,0.28,0.1,0.78,0.1,0.22,0.12,0.7,0.06
0.0,0.78,0.05,0.32,0.08,0.22,0.06,0.62,0.22,0.72,0.12,0.48,0.06
0.05,0.72,0.12,0.48,0.22,0.18,0.1,0.62,0.55,0.78,0.44,0.02,0.18
0.05,0.62,0.18,0.03,0.06,0.22,0.28,0.72,0.06,0.7,0.22,0.24,0.14
0.72,0.22,0.02,0.28,0.0,0.18,0.12,0.62,0.18,0.02,0.0,0.18,0.12
0.05,0.62,0.12,0.08,0.06,0.55,0.28,0.72,0.1,0.12,0.1,0.55,0.18
0.08,0.62,0.46,0.06,0.08,0.52,0.58,0.72,0.28,0.78,0.22,0.22,0.24
0.12,0.62,0.18,0.05,0.22,0.22,0.28,0.72,0.18,0.78,0.22,0.02,0.14
0.62,0.22,0.28,0.0,0.0,0.12,0.18,0.72,0.0,0.28,0.04,0.12,0.18
0.12,0.62,0.18,0.08,0.34,0.58,0.22,0.78,0.28,0.86,0.22,0.02,0.01
0.18,0.62,0.55,0.02,0.06,0.44,0.22,0.78,0.18,0.86,0.2,0.02,0.58
0.05,0.42,0.1,0.08,0.03,0.34,0.22,0.62,0.28,0.0,0.06,0.0,0.18
0.0,0.35,0.12,0.0,0.0,0.32,0.22,0.62,0.0,0.28,0.12,0.0,0.26
0.34,0.46,0.33,0.02,0.18,0.42,0.28,0.78,0.06,0.72,0.38,0.06,0.44
0.78,0.12,0.02,0.0,0.0,0.22,0.08,0.62,0.18,0.34,0.04,0.14,0.1
0.12,0.42,0.1,0.0,0.06,0.34,0.14,0.78,0.02,0.86,0.38,0.44,0.18
0.52,0.34,0.1,0.06,0.04,0.44,0.22,0.62,0.18,0.56,0.3,0.26,0.24
0.42,0.58,0.46,0.06,0.22,0.52,0.44,0.78,0.1,0.72,0.28,0.18,0.4
0.78,0.22,0.26,0.0,0.08,0.24,0.12,0.72,0.34,0.3,0.06,0.02,0.1
0.62,0.22,0.24,0.06,0.0,0.18,0.28,0.72,0.34,0.26,0.22,0.18,0.24
0.12,0.62,0.38,0.06,0.04,0.34,0.46,0.78,0.02,0.3,0.18,0.44,0.28
0.05,0.82,0.62,0.03,0.74,0.34,0.28,0.58,0.66,0.38,0.18,0.14,0.06
0.22,0.62,0.55,0.08,0.18,0.46,0.44,0.78,0.12,0.72,0.28,0.1,0.34
0.62,0.18,0.22,0.0,0.0,0.46,0.44,0.78,0.0,0.34,0.22,0.0,0.28
0.12,0.78,0.18,0.12,0.08,0.34,0.1,0.62,0.04,0.92,0.38,0.06,0.1
0.62,0.18,0.04,0.0,0.0,0.18,0.12,0.46,0.22,0.12,0.06,0.08,0.06
0.32,0.62,0.02,0.08,0.03,0.12,0.06,0.58,0.42,0.0,0.03,0.28,0.06
0.22,0.78,0.12,0.05,0.06,0.28,0.18,0.72,0.22,0.62,0.18,0.1,0.16
0.0,0.72,0.05,0.08,0.03,0.12,0.06,0.62,0.28,0.85,0.12,0.22,0.02
0.05,0.78,0.12,0.18,0.04,0.22,0.18,0.62,0.06,0.28,0.1,0.55,0.02
0.12,0.62,0.08,0.05,0.06,0.34,0.22,0.78,0.18,0.72,0.22,0.24,0.28
0.22,0.62,0.18,0.0,0.0,0.55,0.22,0.72,0.18,0.28,0.12,0.0,0.18
0.02,0.62,0.22,0.12,0.05,0.18,0.14,0.78,0.01,0.18,0.12,0.42,0.1
0.12,0.78,0.18,0.06,0.22,0.46,0.24,0.72,0.0,0.62,0.28,0.18,0.34
0.0,0.78,0.22,0.06,0.12,0.34,0.28,0.72,0.1,0.62,0.12,0.22,0.1
0.42,0.55,0.18,0.06,0.03,0.22,0.28,0.62,0.05,0.48,0.14,0.02,0.2
0.12,0.72,0.18,0.05,0.12,0.34,0.22,0.78,0.22,0.7,0.22,0.28,0.26
0.18,0.72,0.28,0.12,0.06,0.22,0.24,0.78,0.1,0.52,0.46,0.04,0.26
0.62,0.22,0.28,0.05,0.0,0.24,0.34,0.55,0.38,0.08,0.06,0.26,0.18
0.12,0.42,0.22,0.0,0.0,0.18,0.34,0.62,0.22,0.0,0.06,0.88,0.08
0.12,0.62,0.46,0.18,0.08,0.58,0.64,0.78,0.34,0.86,0.44,0.74,0.22
0.12,0.62,0.18,0.05,0.08,0.34,0.46,0.78,0.22,0.74,0.58,0.66,0.14
0.18,0.62,0.34,0.03,0.06,0.33,0.58,0.72,0.28,0.66,0.22,0.55,0.2
0.05,0.42,0.06,0.02,0.03,0.28,0.46,0.78,0.02,0.55,0.48,0.72,0.06
0.34,0.22,0.28,0.0,0.0,0.26,0.42,0.62,0.06,0.58,0.14,0.24,0.18
0.18,0.62,0.06,0.22,0.02,0.18,0.46,0.78,0.12,0.0,0.22,0.86,0.14
0.12,0.28,0.12,0.0,0.0,0.22,0.34,0.72,0.02,0.0,0.12,0.62,0.18
0.02,0.42,0.28,0.03,0.05,0.34,0.22,0.62,0.24,0.78,0.46,0.33,0.06
0.02,0.72,0.38,0.34,0.08,0.22,0.46,0.62,0.14,0.78,0.18,0.06,0.1
0.08,0.62,0.22,0.02,0.03,0.48,0.55,0.78,0.1,0.72,0.32,0.3,0.03
0.18,0.34,0.62,0.0,0.0,0.22,0.46,0.58,0.12,0.0,0.12,0.14,0.0
0.0,0.55,0.45,0.05,0.0,0.55,0.25,0.35,0.65,0.9,0.1,0.0,0.0
0.2,0.1,0.0,0.0,0.0,0.0,0.0,0.6,0.0,0.0,0.0,0.0,0.0
0.22,0.48,0.08,0.62,0.28,0.34,0.24,0.58,0.46,0.22,0.06,0.1,0.18
0.05,0.62,0.18,0.34,0.06,0.12,0.22,0.72,0.28,0.86,0.14,0.58,0.04
0.05,0.22,0.03,0.02,0.04,0.18,0.24,0.62,0.06,0.28,0.05,0.32,0.06
0.34,0.22,0.08,0.06,0.03,0.24,0.2,0.62,0.02,0.38,0.04,0.3,0.1
0.22,0.12,0.06,0.0,0.0,0.12,0.14,0.62,0.0,0.18,0.0,0.22,0.08
0.42,0.28,0.02,0.1,0.01,0.18,0.1,0.62,0.22,0.48,0.12,0.26,0.03
0.22,0.38,0.08,0.0,0.24,0.18,0.26,0.72,0.22,0.12,0.04,0.22,0.18
0.32,0.28,0.06,0.0,0.0,0.22,0.18,0.78,0.0,0.12,0.06,0.72,0.18
0.12,0.42,0.22,0.08,0.06,0.48,0.34,0.62,0.18,0.72,0.38,0.02,0.28
0.12,0.62,0.28,0.34,0.06,0.46,0.22,0.58,0.52,0.66,0.04,0.06,0.03
0.62,0.22,0.24,0.0,0.0,0.34,0.28,0.58,0.22,0.38,0.04,0.18,0.08
0.18,0.34,0.06,0.22,0.0,0.24,0.28,0.62,0.22,0.58,0.04,0.12,0.08
0.35,0.12,0.0,0.0,0.0,0.22,0.18,0.55,0.0,0.28,0.05,0.0,0.0
0.0,0.42,0.12,0.0,0.0,0.06,0.18,0.78,0.0,0.0,0.08,0.82,0.0
0.0,0.62,0.18,0.0,0.06,0.34,0.28,0.86,0.12,0.12,0.08,0.78,0.06
0.22,0.34,0.06,0.12,0.02,0.18,0.2,0.78,0.22,0.3,0.28,0.0,0.1
0.0,0.78,0.12,0.82,0.34,0.28,0.22,0.72,0.62,0.58,0.06,0.22,0.04
0.0,0.62,0.18,0.0,0.0,0.34,0.22,0.78,0.0,0.22,0.0,0.66,0.0
0.05,0.62,0.22,0.08,0.06,0.12,0.28,0.78,0.02,0.55,0.38,0.7,0.18
0.12,0.55,0.08,0.62,0.02,0.18,0.14,0.72,0.18,0.28,0.32,0.22,0.06
0.0,0.42,0.34,0.38,0.0,0.22,0.28,0.62,0.36,0.0,0.12,0.55,0.0
0.12,0.62,0.28,0.55,0.02,0.34,0.42,0.78,0.3,0.4,0.18,0.36,0.06
0.62,0.28,0.08,0.0,0.0,0.12,0.14,0.78,0.18,0.22,0.12,0.55,0.04
0.02,0.62,0.1,0.58,0.03,0.22,0.28,0.55,0.48,0.42,0.06,0.12,0.01
0.12,0.62,0.22,0.18,0.06,0.22,0.34,0.78,0.08,0.18,0.04,0.72,0.1
0.0,0.55,0.25,0.05,0.0,0.75,0.2,0.35,0.6,0.35,0.05,0.05,0.05
0.22,0.12,0.06,0.0,0.0,0.34,0.48,0.72,0.0,0.0,0.06,0.22,0.12
0.62,0.22,0.18,0.0,0.06,0.44,0.28,0.78,0.0,0.26,0.12,0.18,0.14
0.12,0.48,0.22,0.28,0.05,0.44,0.34,0.62,0.18,0.78,0.56,0.18,0.16
0.42,0.55,0.12,0.18,0.03,0.46,0.34,0.62,0.02,0.78,0.66,0.06,0.22
0.34,0.38,0.22,0.18,0.0,0.33,0.27,0.62,0.06,0.58,0.24,0.18,0.22
0.22,0.34,0.18,0.0,0.24,0.24,0.28,0.62,0.0,0.38,0.22,0.0,0.36
0.34,0.56,0.22,0.05,0.03,0.24,0.18,0.62,0.12,0.38,0.44,0.18,0.14
0.34,0.46,0.62,0.0,0.0,0.58,0.55,0.78,0.18,0.52,0.36,0.28,0.44
0.55,0.12,0.18,0.0,0.0,0.34,0.28,0.62,0.0,0.32,0.12,0.0,0.22
0.34,0.22,0.1,0.0,0.0,0.33,0.24,0.62,0.0,0.72,0.36,0.18,0.3
0.22,0.58,0.24,0.18,0.02,0.34,0.46,0.62,0.01,0.28,0.55,0.06,0.26
0.42,0.34,0.18,0.0,0.0,0.55,0.33,0.62,0.06,0.66,0.44,0.0,0.36
0.34,0.38,0.22,0.08,0.0,0.33,0.46,0.62,0.0,0.66,0.44,0.0,0.36
0.0,0.55,0.25,0.0,0.0,0.22,0.35,0.45,0.35,0.75,0.0,0.0,0.05
0.0,0.78,0.12,0.0,0.05,0.22,0.28,0.85,0.0,0.05,0.12,0.9,0.18
0.22,0.12,0.03,0.0,0.0,0.18,0.28,0.72,0.0,0.0,0.02,0.62,0.12
0.34,0.46,0.12,0.28,0.1,0.22,0.24,0.58,0.42,0.55,0.1,0.06,0.26
0.42,0.12,0.06,0.0,0.0,0.18,0.14,0.78,0.0,0.18,0.0,0.28,0.22
0.22,0.62,0.28,0.18,0.06,0.24,0.12,0.78,0.34,0.52,0.18,0.66,0.26
0.25,0.62,0.18,0.48,0.12,0.22,0.14,0.78,0.66,0.86,0.18,0.34,0.3
0.12,0.62,0.08,0.22,0.06,0.34,0.18,0.78,0.22,0.55,0.1,0.58,0.28
0.78,0.18,0.06,0.0,0.0,0.12,0.14,0.72,0.12,0.46,0.06,0.22,0.18
0.72,0.22,0.18,0.0,0.0,0.18,0.12,0.62,0.0,0.12,0.06,0.48,0.22
0.34,0.28,0.12,0.0,0.0,0.18,0.14,0.62,0.22,0.38,0.06,0.42,0.3
0.34,0.42,0.06,0.03,0.02,0.18,0.22,0.78,0.14,0.46,0.1,0.2,0.26
0.18,0.62,0.12,0.58,0.06,0.34,0.22,0.78,0.52,0.66,0.2,0.28,0.3
0.05,0.85,0.12,0.08,0.18,0.18,0.22,0.78,0.22,0.62,0.28,0.55,0.3
0.45,0.35,0.1,0.0,0.0,0.4,0.15,0.7,0.0,0.35,0.0,0.0,0.25
0.62,0.0,0.0,0.0,0.0,0.18,0.12,0.72,0.0,0.22,0.05,0.03,0.24
0.42,0.55,0.18,0.34,0.03,0.33,0.16,0.62,0.22,0.24,0.06,0.1,0.12
0.34,0.32,0.22,0.06,0.02,0.24,0.2,0.62,0.1,0.72,0.3,0.06,0.28
0.32,0.28,0.34,0.06,0.02,0.3,0.42,0.78,0.04,0.1,0.18,0.12,0.22
0.78,0.18,0.06,0.02,0.0,0.22,0.08,0.62,0.12,0.34,0.16,0.06,0.08
0.28,0.22,0.12,0.03,0.02,0.18,0.14,0.62,0.18,0.72,0.22,0.03,0.12
0.42,0.22,0.12,0.03,0.0,0.24,0.18,0.62,0.38,0.18,0.06,0.26,0.22
0.34,0.12,0.06,0.0,0.06,0.12,0.14,0.72,0.18,0.14,0.06,0.22,0.18
0.62,0.12,0.08,0.0,0.05,0.22,0.18,0.72,0.55,0.18,0.12,0.12,0.08
0.12,0.62,0.18,0.22,0.06,0.14,0.16,0.72,0.1,0.34,0.2,0.78,0.14
0.52,0.46,0.12,0.06,0.18,0.22,0.14,0.62,0.06,0.44,0.1,0.34,0.28
0.18,0.52,0.34,0.22,0.04,0.46,0.33,0.72,0.18,0.66,0.22,0.12,0.28
0.05,0.18,0.06,0.02,0.03,0.12,0.22,0.72,0.1,0.2,0.28,0.02,0.08
0.0,0.62,0.46,0.34,0.0,0.74,0.58,0.55,0.78,0.86,0.08,0.0,0.28
0.82,0.12,0.06,0.0,0.0,0.22,0.18,0.34,0.62,0.0,0.0,0.0,0.04
0.42,0.28,0.03,0.0,0.0,0.34,0.22,0.62,0.26,0.18,0.06,0.55,0.2
0.32,0.28,0.03,0.18,0.02,0.42,0.14,0.78,0.34,0.46,0.12,0.62,0.22
0.22,0.48,0.06,0.52,0.08,0.46,0.24,0.62,0.44,0.78,0.34,0.04,0.28
0.62,0.22,0.06,0.0,0.0,0.48,0.28,0.72,0.18,0.12,0.14,0.26,0.44
0.34,0.32,0.06,0.0,0.0,0.22,0.18,0.62,0.18,0.22,0.04,0.22,0.3
0.22,0.12,0.08,0.0,0.0,0.18,0.14,0.62,0.18,0.22,0.06,0.22,0.26
0.08,0.42,0.06,0.0,0.22,0.34,0.18,0.78,0.0,0.32,0.46,0.62,0.24
0.02,0.62,0.08,0.03,0.05,0.58,0.18,0.72,0.1,0.02,0.08,0.78,0.28
0.05,0.62,0.12,0.0,0.06,0.22,0.12,0.58,0.0,0.12,0.05,0.9,0.12
0.12,0.62,0.12,0.02,0.06,0.34,0.18,0.78,0.02,0.28,0.1,0.86,0.46
0.18,0.62,0.06,0.34,0.04,0.48,0.44,0.78,0.28,0.46,0.1,0.72,0.3
0.12,0.78,0.18,0.62,0.12,0.56,0.22,0.72,0.74,0.86,0.48,0.34,0.16
0.1,0.2,0.0,0.0,0.0,0.2,0.1,0.6,0.0,0.3,0.0,0.3,0.0
0.22,0.28,0.03,0.0,0.06,0.18,0.14,0.78,0.05,0.12,0.03,0.62,0.24
0.22,0.18,0.03,0.0,0.0,0.12,0.24,0.78,0.0,0.0,0.02,0.82,0.18
0.62,0.22,0.14,0.12,0.0,0.34,0.28,0.58,0.46,0.72,0.12,0.18,0.26
0.12,0.62,0.08,0.55,0.03,0.34,0.22,0.58,0.52,0.72,0.38,0.22,0.18
0.12,0.62,0.1,0.28,0.03,0.3,0.34,0.72,0.46,0.66,0.18,0.74,0.14
0.22,0.34,0.1,0.22,0.02,0.46,0.28,0.44,0.4,0.62,0.18,0.2,0.26
0.12,0.42,0.18,0.05,0.06,0.34,0.28,0.62,0.55,0.78,0.32,0.46,0.22
0.12,0.18,0.02,0.0,0.0,0.22,0.18,0.62,0.0,0.02,0.06,0.78,0.22
0.18,0.22,0.06,0.0,0.0,0.34,0.42,0.78,0.0,0.08,0.03,0.72,0.38
0.12,0.34,0.18,0.22,0.02,0.3,0.24,0.62,0.38,0.78,0.28,0.16,0.14
0.22,0.28,0.18,0.12,0.0,0.34,0.32,0.62,0.55,0.78,0.18,0.36,0.22
0.22,0.28,0.2,0.08,0.1,0.34,0.42,0.78,0.38,0.62,0.18,0.18,0.2
0.12,0.34,0.08,0.0,0.02,0.22,0.28,0.78,0.22,0.12,0.06,0.82,0.3
0.12,0.34,0.08,0.0,0.0,0.22,0.26,0.62,0.08,0.38,0.06,0.52,0.18
0.0,0.62,0.08,0.34,0.0,0.28,0.22,0.55,0.06,0.12,0.0,0.32,0.0
0.62,0.08,0.01,0.0,0.0,0.12,0.18,0.55,0.22,0.0,0.06,0.05,0.04
0.72,0.22,0.03,0.18,0.0,0.18,0.16,0.62,0.34,0.0,0.08,0.14,0.12
0.34,0.28,0.07,0.12,0.02,0.46,0.44,0.62,0.18,0.72,0.14,0.26,0.22
0.12,0.55,0.32,0.03,0.05,0.62,0.48,0.72,0.22,0.78,0.08,0.18,0.1
0.42,0.12,0.14,0.05,0.0,0.55,0.28,0.62,0.3,0.38,0.22,0.0,0.12
0.52,0.12,0.18,0.0,0.0,0.14,0.22,0.62,0.18,0.02,0.03,0.12,0.1
0.62,0.28,0.03,0.01,0.01,0.18,0.22,0.74,0.18,0.06,0.12,0.46,0.2
0.78,0.0,0.0,0.0,0.0,0.22,0.18,0.42,0.74,0.0,0.06,0.0,0.08
0.78,0.08,0.0,0.0,0.0,0.12,0.18,0.62,0.18,0.0,0.06,0.22,0.04
0.34,0.42,0.18,0.12,0.22,0.46,0.33,0.72,0.28,0.3,0.06,0.38,0.24
0.62,0.18,0.1,0.0,0.0,0.34,0.22,0.78,0.32,0.36,0.12,0.28,0.3
0.62,0.18,0.12,0.0,0.0,0.56,0.34,0.72,0.48,0.22,0.06,0.12,0.28
0.72,0.18,0.12,0.06,0.04,0.46,0.28,0.62,0.55,0.44,0.18,0.22,0.34
0.22,0.48,0.18,0.12,0.02,0.46,0.34,0.62,0.18,0.2,0.06,0.0,0.2
0.0,0.78,0.34,0.22,0.18,0.12,0.28,0.72,0.22,0.62,0.46,0.44,0.08
0.22,0.58,0.12,0.34,0.06,0.46,0.24,0.72,0.18,0.44,0.14,0.62,0.2
0.12,0.72,0.22,0.08,0.28,0.24,0.18,0.62,0.12,0.1,0.18,0.22,0.14
0.12,0.58,0.46,0.08,0.22,0.44,0.38,0.72,0.12,0.1,0.1,0.62,0.14
0.12,0.52,0.22,0.05,0.34,0.24,0.28,0.86,0.22,0.03,0.18,0.62,0.1
0.12,0.62,0.28,0.05,0.22,0.55,0.48,0.78,0.08,0.52,0.1,0.42,0.06
0.0,0.78,0.34,0.22,0.08,0.18,0.26,0.62,0.28,0.55,0.22,0.46,0.14
0.02,0.86,0.34,0.28,0.22,0.18,0.24,0.78,0.1,0.62,0.44,0.46,0.04
0.22,0.38,0.18,0.24,0.02,0.46,0.28,0.62,0.2,0.55,0.12,0.3,0.18
0.12,0.78,0.42,0.38,0.08,0.34,0.46,0.86,0.18,0.62,0.22,0.74,0.14
0.34,0.62,0.38,0.66,0.06,0.44,0.33,0.78,0.55,0.22,0.18,0.24,0.2
0.02,0.86,0.34,0.72,0.46,0.22,0.18,0.78,0.04,0.01,0.18,0.44,0.03
0.03,0.78,0.18,0.62,0.22,0.34,0.2,0.86,0.02,0.02,0.12,0.88,0.04
0.18,0.62,0.12,0.08,0.06,0.34,0.22,0.72,0.38,0.3,0.44,0.02,0.2
0.35,0.05,0.0,0.0,0.0,0.32,0.22,0.55,0.0,0.62,0.12,0.0,0.12
0.22,0.08,0.18,0.0,0.0,0.34,0.32,0.42,0.0,0.18,0.0,0.02,0.16
0.05,0.32,0.12,0.0,0.08,0.55,0.38,0.78,0.42,0.0,0.12,0.22,0.08
0.1,0.55,0.15,0.0,0.0,0.25,0.1,0.6,0.35,0.15,0.2,0.55,0.35
0.62,0.38,0.08,0.22,0.02,0.34,0.14,0.78,0.1,0.72,0.46,0.1,0.18
0.62,0.22,0.08,0.03,0.1,0.34,0.18,0.55,0.14,0.58,0.2,0.02,0.12
0.12,0.58,0.62,0.02,0.08,0.55,0.6,0.78,0.18,0.72,0.22,0.42,0.28
0.55,0.35,0.18,0.08,0.05,0.52,0.28,0.62,0.72,0.12,0.22,0.22,0.2
0.05,0.62,0.18,0.08,0.22,0.58,0.34,0.78,0.0,0.32,0.22,0.55,0.18
0.12,0.48,0.1,0.55,0.06,0.42,0.18,0.72,0.14,0.66,0.28,0.18,0.2
0.32,0.38,0.12,0.06,0.0,0.28,0.18,0.62,0.22,0.55,0.06,0.05,0.24
0.12,0.62,0.48,0.03,0.1,0.44,0.58,0.72,0.34,0.66,0.18,0.02,0.22
0.12,0.52,0.18,0.22,0.06,0.46,0.24,0.62,0.34,0.58,0.08,0.22,0.14
0.12,0.58,0.08,0.03,0.02,0.34,0.22,0.78,0.06,0.62,0.46,0.55,0.1
0.18,0.12,0.1,0.0,0.0,0.22,0.28,0.72,0.0,0.1,0.0,0.22,0.2
0.12,0.28,0.06,0.22,0.0,0.22,0.18,0.72,0.08,0.0,0.0,0.22,0.18
0.0,0.92,0.55,0.35,0.32,0.28,0.22,0.78,0.18,0.86,0.62,0.42,0.06
0.05,0.78,0.32,0.62,0.06,0.34,0.22,0.72,0.18,0.74,0.28,0.08,0.2
0.22,0.48,0.1,0.34,0.02,0.18,0.16,0.72,0.04,0.06,0.08,0.3,0.06
0.22,0.34,0.1,0.06,0.02,0.3,0.24,0.62,0.1,0.58,0.08,0.42,0.26
0.22,0.14,0.06,0.0,0.0,0.18,0.16,0.62,0.0,0.34,0.18,0.16,0.28
0.12,0.22,0.04,0.0,0.0,0.22,0.18,0.72,0.0,0.12,0.0,0.12,0.18
0.05,0.08,0.06,0.0,0.02,0.18,0.22,0.62,0.0,0.08,0.02,0.12,0.12
0.08,0.22,0.06,0.0,0.18,0.18,0.22,0.34,0.0,0.22,0.06,0.0,0.12
0.18,0.62,0.22,0.02,0.04,0.34,0.2,0.58,0.22,0.78,0.3,0.06,0.16
0.12,0.62,0.46,0.02,0.03,0.44,0.34,0.78,0.01,0.86,0.52,0.58,0.1
0.12,0.62,0.58,0.12,0.18,0.55,0.62,0.78,0.0,0.72,0.68,0.42,0.22
0.62,0.28,0.06,0.08,0.02,0.22,0.14,0.78,0.22,0.12,0.1,0.2,0.16
0.12,0.52,0.22,0.18,0.34,0.28,0.3,0.78,0.18,0.02,0.1,0.14,0.2
0.05,0.28,0.18,0.0,0.03,0.22,0.06,0.78,0.0,0.08,0.0,0.62,0.12
0.18,0.62,0.22,0.06,0.04,0.34,0.28,0.78,0.02,0.72,0.46,0.22,0.2
0.05,0.62,0.48,0.18,0.08,0.42,0.55,0.78,0.0,0.72,0.58,0.22,0.28
0.05,0.55,0.25,0.05,0.05,0.45,0.12,0.85,0.18,0.7,0.22,0.6,0.28
0.34,0.22,0.24,0.0,0.0,0.28,0.26,0.62,0.18,0.3,0.2,0.18,0.22
0.06,0.52,0.34,0.08,0.1,0.33,0.3,0.78,0.18,0.62,0.28,0.44,0.14
0.05,0.42,0.03,0.0,0.0,0.18,0.08,0.78,0.0,0.12,0.22,0.72,0.28
0.22,0.28,0.18,0.0,0.14,0.12,0.1,0.62,0.0,0.22,0.06,0.18,0.14
0.05,0.62,0.58,0.08,0.06,0.46,0.52,0.78,0.02,0.86,0.66,0.34,0.22
0.12,0.62,0.28,0.02,0.01,0.34,0.22,0.78,0.06,0.1,0.24,0.55,0.18
0.34,0.28,0.12,0.0,0.0,0.42,0.22,0.62,0.08,0.46,0.12,0.44,0.26
0.05,0.62,0.38,0.02,0.12,0.22,0.28,0.72,0.22,0.1,0.03,0.78,0.04
0.34,0.22,0.08,0.03,0.02,0.18,0.12,0.62,0.28,0.0,0.03,0.24,0.16
0.22,0.62,0.28,0.03,0.05,0.3,0.26,0.78,0.04,0.22,0.24,0.72,0.2
0.12,0.62,0.22,0.02,0.06,0.28,0.34,0.78,0.0,0.0,0.06,0.92,0.04
0.42,0.48,0.34,0.02,0.03,0.22,0.24,0.78,0.06,0.62,0.28,0.55,0.36
0.22,0.62,0.28,0.34,0.06,0.33,0.3,0.72,0.18,0.36,0.2,0.34,0.14
0.34,0.22,0.06,0.0,0.0,0.24,0.12,0.62,0.0,0.08,0.06,0.32,0.28
0.12,0.78,0.18,0.22,0.12,0.22,0.1,0.85,0.22,0.3,0.08,0.04,0.14
0.32,0.38,0.12,0.02,0.1,0.22,0.18,0.72,0.22,0.3,0.1,0.18,0.2
0.12,0.78,0.06,0.72,0.08,0.34,0.18,0.62,0.22,0.58,0.06,0.02,0.1
0.0,0.78,0.22,0.72,0.0,0.12,0.0,0.62,0.0,0.08,0.0,0.22,0.0
0.12,0.62,0.12,0.28,0.0,0.34,0.3,0.58,0.0,0.66,0.18,0.1,0.12
0.05,0.72,0.12,0.38,0.06,0.42,0.18,0.78,0.18,0.62,0.22,0.28,0.04
0.12,0.62,0.28,0.22,0.18,0.46,0.34,0.78,0.22,0.86,0.32,0.02,0.06
0.0,0.62,0.18,0.05,0.03,0.42,0.22,0.78,0.06,0.72,0.55,0.58,0.02
0.0,0.72,0.12,0.28,0.06,0.42,0.18,0.62,0.0,0.0,0.22,0.88,0.0
0.0,0.78,0.34,0.0,0.12,0.42,0.28,0.72,0.12,0.22,0.06,0.92,0.02
0.02,0.72,0.22,0.12,0.06,0.34,0.18,0.78,0.1,0.62,0.28,0.82,0.02
0.0,0.78,0.32,0.0,0.18,0.42,0.22,0.72,0.06,0.48,0.28,0.86,0.12
0.0,0.78,0.12,0.0,0.06,0.34,0.22,0.72,0.0,0.55,0.28,0.92,0.18
0.0,0.78,0.06,0.42,0.18,0.34,0.22,0.86,0.28,0.32,0.18,0.88,0.04
0.32,0.62,0.08,0.05,0.06,0.34,0.1,0.78,0.0,0.28,0.22,0.66,0.18
0.34,0.22,0.06,0.02,0.01,0.22,0.18,0.62,0.08,0.12,0.06,0.46,0.18
0.12,0.34,0.22,0.0,0.0,0.28,0.18,0.62,0.0,0.22,0.0,0.38,0.16
0.12,0.62,0.18,0.05,0.08,0.34,0.28,0.52,0.22,0.58,0.24,0.16,0.06
0.12,0.62,0.34,0.08,0.06,0.22,0.18,0.72,0.28,0.78,0.56,0.26,0.1
0.12,0.58,0.18,0.06,0.04,0.34,0.22,0.72,0.22,0.86,0.44,0.22,0.2
0.12,0.08,0.06,0.0,0.0,0.22,0.12,0.62,0.0,0.78,0.34,0.0,0.14
0.22,0.18,0.06,0.04,0.0,0.12,0.07,0.62,0.14,0.28,0.16,0.12,0.1
0.0,0.0,0.0,0.0,0.0,0.0,0.0,0.35,0.0,0.0,0.25,0.0,0.0
0.02,0.62,0.22,0.08,0.06,0.3,0.12,0.58,0.22,0.72,0.1,0.04,0.03
0.0,0.55,0.05,0.1,0.0,0.22,0.12,0.75,0.12,0.78,0.18,0.22,0.02
0.0,0.78,0.12,0.55,0.08,0.06,0.0,0.62,0.22,0.74,0.28,0.22,0.0
0.12,0.78,0.42,0.08,0.28,0.22,0.18,0.72,0.34,0.62,0.22,0.74,0.16
0.0,0.55,0.12,0.25,0.0,0.08,0.0,0.45,0.0,0.22,0.18,0.0,0.0
0.0,0.2,0.0,0.0,0.0,0.1,0.0,0.6,0.4,0.7,0.1,0.2,0.0
0.0,0.0,0.0,0.0,0.0,0.0,0.0,0.2,0.0,0.1,0.0,0.0,0.0
0.0,0.55,0.05,0.15,0.0,0.12,0.0,0.6,0.0,0.75,0.0,0.0,0.0
0.12,0.34,0.18,0.02,0.01,0.46,0.12,0.62,0.01,0.78,0.22,0.14,0.1
0.0,0.55,0.05,0.25,0.0,0.55,0.15,0.6,0.35,0.55,0.05,0.0,0.15
0.18,0.32,0.08,0.22,0.0,0.34,0.12,0.62,0.22,0.38,0.08,0.0,0.18
0.12,0.1,0.0,0.0,0.0,0.02,0.06,0.22,0.0,0.0,0.0,0.06,0.0
0.34,0.12,0.18,0.0,0.0,0.22,0.16,0.62,0.0,0.04,0.22,0.18,0.08
0.18,0.34,0.03,0.0,0.0,0.28,0.12,0.62,0.0,0.72,0.06,0.22,0.12
0.02,0.22,0.08,0.02,0.01,0.48,0.28,0.34,0.03,0.62,0.06,0.26,0.18
0.12,0.55,0.18,0.22,0.12,0.62,0.48,0.58,0.22,0.72,0.1,0.12,0.2
0.05,0.62,0.22,0.55,0.06,0.58,0.2,0.72,0.18,0.3,0.08,0.02,0.22
0.08,0.62,0.22,0.48,0.18,0.44,0.34,0.86,0.06,0.32,0.04,0.02,0.28
0.34,0.18,0.08,0.06,0.02,0.42,0.28,0.55,0.22,0.04,0.1,0.02,0.04
0.62,0.06,0.1,0.0,0.0,0.22,0.18,0.34,0.18,0.1,0.0,0.04,0.06
0.12,0.34,0.1,0.02,0.01,0.62,0.48,0.72,0.01,0.55,0.05,0.18,0.22
0.0,0.35,0.25,0.0,0.0,0.15,0.2,0.55,0.1,0.0,0.05,0.75,0.05
0.62,0.0,0.0,0.0,0.0,0.12,0.08,0.55,0.02,0.22,0.0,0.08,0.0
0.22,0.0,0.0,0.0,0.0,0.12,0.08,0.55,0.18,0.0,0.0,0.22,0.0
0.0,0.78,0.05,0.62,0.0,0.22,0.0,0.55,0.28,0.0,0.0,0.0,0.0
0.22,0.38,0.03,0.18,0.0,0.55,0.42,0.48,0.28,0.62,0.12,0.0,0.08
0.08,0.62,0.12,0.55,0.08,0.48,0.22,0.72,0.58,0.52,0.18,0.0,0.06
0.22,0.28,0.34,0.02,0.03,0.33,0.3,0.62,0.01,0.55,0.3,0.1,0.24
0.1,0.3,0.2,0.0,0.0,0.2,0.2,0.4,0.0,0.3,0.1,0.1,0.1
0.62,0.02,0.0,0.0,0.0,0.08,0.03,0.78,0.22,0.0,0.05,0.0,0.06
0.22,0.24,0.06,0.02,0.1,0.24,0.18,0.52,0.18,0.0,0.0,0.14,0.02
0.05,0.42,0.28,0.06,0.02,0.34,0.38,0.72,0.18,0.55,0.1,0.32,0.03
0.32,0.62,0.18,0.55,0.06,0.44,0.22,0.66,0.48,0.58,0.28,0.1,0.3
0.62,0.34,0.12,0.06,0.1,0.48,0.3,0.58,0.28,0.55,0.18,0.08,0.22
0.02,0.42,0.18,0.22,0.0,0.22,0.16,0.34,0.18,0.22,0.12,0.38,0.02
0.42,0.46,0.18,0.22,0.08,0.24,0.16,0.62,0.34,0.55,0.12,0.1,0.06
0.34,0.28,0.14,0.12,0.0,0.18,0.12,0.72,0.18,0.16,0.02,0.0,0.22
0.62,0.08,0.0,0.0,0.0,0.18,0.06,0.72,0.0,0.0,0.0,0.06,0.22
0.05,0.72,0.18,0.62,0.12,0.46,0.22,0.58,0.44,0.55,0.12,0.18,0.03
0.34,0.42,0.46,0.03,0.1,0.55,0.62,0.58,0.52,0.6,0.28,0.06,0.18
0.12,0.28,0.32,0.0,0.0,0.34,0.22,0.78,0.02,0.38,0.26,0.22,0.24
0.42,0.06,0.03,0.0,0.0,0.08,0.12,0.28,0.0,0.05,0.04,0.0,0.22
0.22,0.08,0.02,0.0,0.0,0.24,0.18,0.72,0.18,0.06,0.0,0.22,0.12
0.62,0.22,0.06,0.0,0.0,0.24,0.12,0.78,0.0,0.06,0.08,0.28,0.06
0.22,0.18,0.06,0.04,0.12,0.2,0.14,0.78,0.28,0.02,0.06,0.22,0.12
0.22,0.12,0.06,0.0,0.0,0.06,0.08,0.72,0.0,0.62,0.18,0.22,0.24
0.42,0.18,0.08,0.12,0.02,0.22,0.2,0.55,0.28,0.3,0.18,0.1,0.14
0.24,0.08,0.03,0.0,0.0,0.12,0.06,0.55,0.18,0.22,0.03,0.08,0.14
0.22,0.18,0.24,0.0,0.0,0.12,0.18,0.78,0.18,0.62,0.12,0.28,0.26
0.12,0.62,0.28,0.34,0.06,0.22,0.24,0.78,0.18,0.55,0.22,0.0,0.08
0.22,0.34,0.08,0.0,0.0,0.12,0.14,0.72,0.0,0.06,0.08,0.46,0.28
0.18,0.22,0.12,0.0,0.0,0.24,0.16,0.72,0.0,0.06,0.04,0.34,0.28
0.22,0.12,0.08,0.0,0.0,0.12,0.14,0.34,0.06,0.28,0.04,0.0,0.12
0.22,0.18,0.12,0.03,0.02,0.12,0.1,0.62,0.1,0.55,0.12,0.06,0.18
0.0,0.62,0.08,0.28,0.0,0.46,0.06,0.72,0.34,0.78,0.22,0.0,0.0
0.12,0.62,0.08,0.38,0.34,0.44,0.22,0.78,0.28,0.72,0.36,0.02,0.14
0.05,0.62,0.28,0.34,0.03,0.55,0.18,0.78,0.02,0.72,0.58,0.32,0.22
0.18,0.62,0.06,0.58,0.08,0.52,0.22,0.66,0.28,0.72,0.26,0.18,0.34
0.0,0.22,0.05,0.12,0.0,0.34,0.18,0.12,0.08,0.06,0.2,0.0,0.0
0.0,0.55,0.12,0.62,0.0,0.34,0.22,0.78,0.06,0.08,0.18,0.42,0.06
0.12,0.58,0.1,0.62,0.06,0.34,0.22,0.78,0.08,0.62,0.46,0.22,0.18
0.05,0.78,0.22,0.72,0.06,0.52,0.18,0.62,0.38,0.74,0.28,0.04,0.02
0.08,0.62,0.06,0.58,0.12,0.55,0.22,0.78,0.28,0.86,0.42,0.1,0.3
0.05,0.62,0.14,0.72,0.02,0.33,0.12,0.58,0.18,0.78,0.22,0.01,0.16
0.12,0.72,0.28,0.62,0.08,0.58,0.46,0.66,0.22,0.74,0.52,0.1,0.26
0.12,0.62,0.1,0.48,0.28,0.34,0.12,0.78,0.1,0.22,0.18,0.06,0.08
0.22,0.38,0.24,0.08,0.04,0.33,0.3,0.78,0.06,0.42,0.18,0.1,0.12
0.18,0.34,0.18,0.16,0.02,0.3,0.22,0.62,0.2,0.55,0.12,0.03,0.1
0.22,0.38,0.06,0.12,0.02,0.2,0.08,0.62,0.02,0.72,0.34,0.06,0.1
0.0,0.55,0.0,0.0,0.0,0.1,0.15,0.6,0.0,0.55,0.0,0.75,0.0
0.42,0.22,0.08,0.0,0.12,0.18,0.06,0.62,0.18,0.55,0.18,0.22,0.28
0.1,0.2,0.2,0.0,0.0,0.4,0.1,0.6,0.0,0.7,0.4,0.0,0.3
0.35,0.18,0.03,0.0,0.0,0.22,0.06,0.78,0.0,0.12,0.28,0.42,0.12
0.12,0.28,0.18,0.0,0.0,0.12,0.22,0.62,0.0,0.18,0.22,0.55,0.18
0.35,0.1,0.0,0.0,0.0,0.12,0.05,0.55,0.05,0.0,0.0,0.1,0.0
0.22,0.12,0.03,0.0,0.0,0.18,0.02,0.62,0.0,0.78,0.28,0.0,0.34
0.42,0.08,0.03,0.0,0.0,0.22,0.12,0.62,0.02,0.55,0.06,0.06,0.28
0.42,0.1,0.02,0.0,0.0,0.18,0.03,0.55,0.0,0.48,0.22,0.0,0.4
0.22,0.28,0.03,0.06,0.02,0.18,0.08,0.62,0.22,0.72,0.08,0.03,0.2
0.22,0.34,0.02,0.1,0.06,0.18,0.06,0.62,0.18,0.86,0.08,0.04,0.16
0.42,0.18,0.02,0.12,0.0,0.12,0.03,0.62,0.18,0.0,0.08,0.55,0.22
0.18,0.22,0.02,0.0,0.03,0.12,0.04,0.78,0.12,0.62,0.06,0.06,0.22
0.0,0.55,0.15,0.0,0.0,0.25,0.35,0.35,0.0,0.75,0.25,0.0,0.0
0.0,0.62,0.18,0.0,0.0,0.34,0.42,0.58,0.18,0.55,0.0,0.0,0.0
0.0,0.78,0.42,0.0,0.0,0.34,0.48,0.62,0.0,0.55,0.18,0.0,0.0
0.05,0.85,0.45,0.05,0.55,0.2,0.55,0.8,0.1,0.35,0.1,0.05,0.0
0.55,0.05,0.02,0.0,0.0,0.12,0.03,0.05,0.55,0.45,0.0,0.0,0.35
0.12,0.78,0.46,0.34,0.08,0.3,0.42,0.72,0.1,0.62,0.28,0.3,0.26
0.05,0.78,0.02,0.06,0.08,0.18,0.01,0.62,0.22,0.74,0.28,0.55,0.14
0.62,0.44,0.33,0.03,0.06,0.28,0.3,0.72,0.1,0.55,0.18,0.14,0.12
0.34,0.22,0.38,0.0,0.0,0.12,0.18,0.72,0.04,0.22,0.12,0.28,0.3
0.34,0.62,0.18,0.22,0.08,0.22,0.1,0.72,0.1,0.86,0.44,0.06,0.38
0.32,0.22,0.06,0.02,0.0,0.34,0.18,0.28,0.18,0.78,0.22,0.08,0.12
0.62,0.18,0.08,0.22,0.0,0.34,0.16,0.72,0.22,0.48,0.12,0.0,0.24
0.42,0.48,0.12,0.18,0.14,0.55,0.22,0.62,0.18,0.7,0.1,0.12,0.2
0.62,0.46,0.03,0.55,0.02,0.34,0.12,0.78,0.38,0.72,0.06,0.22,0.28
0.62,0.28,0.12,0.0,0.0,0.34,0.18,0.72,0.12,0.14,0.08,0.06,0.16
0.42,0.34,0.22,0.06,0.0,0.33,0.12,0.62,0.12,0.78,0.12,0.0,0.26
0.18,0.62,0.12,0.38,0.03,0.22,0.16,0.58,0.44,0.78,0.06,0.22,0.14
0.22,0.62,0.06,0.72,0.28,0.55,0.18,0.78,0.58,0.74,0.06,0.14,0.2
0.62,0.34,0.03,0.1,0.18,0.33,0.08,0.72,0.55,0.78,0.1,0.06,0.3
0.05,0.55,0.12,0.18,0.02,0.42,0.18,0.62,0.38,0.78,0.06,0.0,0.22
0.42,0.22,0.06,0.02,0.0,0.33,0.12,0.62,0.06,0.72,0.18,0.12,0.24
0.62,0.38,0.06,0.34,0.12,0.44,0.22,0.78,0.66,0.02,0.36,0.22,0.28
0.52,0.62,0.18,0.44,0.12,0.46,0.22,0.78,0.34,0.86,0.14,0.32,0.4
0.34,0.46,0.18,0.42,0.03,0.33,0.22,0.62,0.28,0.78,0.24,0.18,0.36
0.34,0.52,0.12,0.03,0.08,0.18,0.1,0.72,0.22,0.62,0.28,0.3,0.2
0.42,0.34,0.08,0.03,0.05,0.33,0.28,0.78,0.32,0.18,0.22,0.2,0.3
0.34,0.62,0.18,0.12,0.08,0.22,0.1,0.78,0.06,0.4,0.18,0.2,0.08
0.03,0.78,0.22,0.12,0.28,0.34,0.1,0.72,0.02,0.22,0.1,0.48,0.3
0.22,0.48,0.24,0.0,0.0,0.62,0.34,0.78,0.0,0.72,0.46,0.06,0.32
0.18,0.72,0.22,0.48,0.06,0.34,0.16,0.78,0.1,0.42,0.28,0.3,0.4
0.12,0.78,0.22,0.18,0.28,0.22,0.2,0.72,0.12,0.22,0.1,0.22,0.08
0.18,0.72,0.22,0.55,0.22,0.62,0.28,0.58,0.34,0.86,0.32,0.52,0.22
0.12,0.78,0.28,0.62,0.22,0.46,0.34,0.86,0.44,0.18,0.06,0.3,0.04
0.22,0.62,0.18,0.06,0.08,0.34,0.24,0.78,0.02,0.18,0.12,0.46,0.4
0.22,0.48,0.02,0.1,0.02,0.18,0.06,0.62,0.02,0.55,0.06,0.28,0.18
0.42,0.28,0.34,0.0,0.0,0.22,0.18,0.78,0.0,0.0,0.02,0.22,0.12
0.42,0.38,0.44,0.0,0.08,0.34,0.22,0.78,0.06,0.36,0.18,0.14,0.22
0.22,0.24,0.38,0.0,0.0,0.24,0.06,0.78,0.0,0.06,0.08,0.12,0.18
0.62,0.18,0.12,0.0,0.0,0.46,0.22,0.78,0.0,0.0,0.12,0.0,0.06
0.78,0.28,0.06,0.03,0.0,0.22,0.18,0.72,0.02,0.0,0.08,0.06,0.12
0.12,0.72,0.34,0.06,0.1,0.46,0.22,0.62,0.06,0.86,0.58,0.18,0.2
0.18,0.46,0.42,0.02,0.06,0.18,0.22,0.78,0.01,0.62,0.44,0.22,0.16
0.34,0.62,0.22,0.18,0.06,0.46,0.28,0.72,0.22,0.66,0.12,0.18,0.3
0.78,0.28,0.12,0.0,0.0,0.34,0.18,0.72,0.06,0.62,0.12,0.14,0.22
0.78,0.12,0.06,0.0,0.0,0.22,0.18,0.62,0.0,0.34,0.14,0.0,0.08
0.62,0.34,0.18,0.14,0.12,0.33,0.24,0.72,0.28,0.02,0.08,0.06,0.22
0.34,0.32,0.08,0.0,0.14,0.3,0.18,0.86,0.0,0.1,0.02,0.02,0.18
0.34,0.46,0.18,0.05,0.06,0.3,0.22,0.62,0.1,0.66,0.14,0.22,0.2
0.34,0.38,0.18,0.05,0.06,0.33,0.3,0.62,0.1,0.42,0.06,0.0,0.22
0.12,0.72,0.22,0.38,0.06,0.34,0.26,0.78,0.22,0.28,0.1,0.46,0.18
0.05,0.72,0.18,0.12,0.06,0.22,0.14,0.78,0.22,0.28,0.1,0.92,0.12
0.42,0.68,0.1,0.34,0.06,0.3,0.22,0.86,0.02,0.18,0.16,0.88,0.28
0.02,0.78,0.22,0.12,0.06,0.28,0.24,0.86,0.02,0.1,0.08,0.92,0.06
0.34,0.3,0.06,0.05,0.04,0.18,0.12,0.78,0.1,0.12,0.1,0.72,0.22
0.12,0.58,0.18,0.62,0.06,0.34,0.22,0.72,0.06,0.42,0.18,0.28,0.14
0.05,0.55,0.12,0.08,0.1,0.32,0.18,0.72,0.0,0.62,0.48,0.22,0.2
0.05,0.72,0.12,0.62,0.28,0.34,0.22,0.78,0.1,0.3,0.12,0.48,0.06
0.12,0.78,0.1,0.82,0.06,0.46,0.18,0.58,0.62,0.44,0.14,0.28,0.16
0.03,0.82,0.18,0.72,0.06,0.34,0.22,0.78,0.28,0.22,0.1,0.22,0.12
0.05,0.52,0.08,0.32,0.18,0.28,0.1,0.78,0.06,0.12,0.22,0.55,0.06
0.22,0.48,0.34,0.18,0.02,0.3,0.24,0.72,0.0,0.2,0.1,0.28,0.18
0.18,0.34,0.12,0.06,0.22,0.3,0.28,0.62,0.04,0.22,0.14,0.16,0.08
0.12,0.62,0.18,0.34,0.06,0.22,0.2,0.78,0.02,0.1,0.02,0.72,0.08
0.06,0.52,0.18,0.02,0.06,0.62,0.46,0.58,0.0,0.44,0.34,0.48,0.18
0.02,0.62,0.28,0.02,0.06,0.34,0.3,0.58,0.22,0.3,0.12,0.55,0.1
0.22,0.62,0.28,0.03,0.05,0.58,0.55,0.78,0.02,0.72,0.22,0.34,0.3
0.12,0.62,0.28,0.06,0.02,0.46,0.44,0.72,0.08,0.02,0.18,0.34,0.1
0.34,0.62,0.33,0.02,0.05,0.58,0.55,0.72,0.42,0.12,0.06,0.48,0.28
0.18,0.72,0.22,0.12,0.03,0.34,0.28,0.62,0.1,0.48,0.22,0.55,0.12
0.12,0.72,0.22,0.06,0.02,0.34,0.18,0.86,0.01,0.55,0.38,0.78,0.06
0.14,0.62,0.18,0.02,0.06,0.34,0.46,0.72,0.08,0.22,0.1,0.78,0.2
0.34,0.42,0.18,0.02,0.01,0.3,0.36,0.78,0.12,0.62,0.14,0.4,0.22
0.22,0.62,0.46,0.06,0.08,0.44,0.48,0.78,0.1,0.52,0.2,0.72,0.14
0.22,0.62,0.28,0.02,0.03,0.34,0.46,0.72,0.18,0.16,0.12,0.58,0.14
0.22,0.62,0.12,0.14,0.18,0.34,0.38,0.66,0.02,0.14,0.18,0.16,0.06
0.22,0.62,0.18,0.44,0.14,0.28,0.34,0.66,0.06,0.2,0.12,0.1,0.08
0.18,0.62,0.34,0.12,0.03,0.44,0.58,0.74,0.16,0.46,0.14,0.48,0.2
0.0,0.62,0.08,0.0,0.0,0.22,0.06,0.78,0.22,0.86,0.28,0.74,0.0
0.22,0.48,0.18,0.03,0.34,0.36,0.2,0.72,0.02,0.3,0.18,0.22,0.08
0.22,0.62,0.12,0.08,0.06,0.18,0.2,0.78,0.02,0.72,0.55,0.48,0.1
0.62,0.18,0.0,0.0,0.0,0.06,0.0,0.72,0.0,0.0,0.06,0.34,0.08
0.22,0.18,0.03,0.0,0.0,0.12,0.12,0.55,0.02,0.02,0.0,0.62,0.08
0.22,0.38,0.18,0.22,0.0,0.24,0.12,0.62,0.0,0.72,0.34,0.26,0.06
0.18,0.52,0.22,0.28,0.06,0.34,0.24,0.62,0.18,0.78,0.58,0.22,0.2
0.42,0.18,0.12,0.0,0.0,0.22,0.24,0.62,0.02,0.22,0.06,0.12,0.18
0.52,0.38,0.12,0.03,0.18,0.34,0.22,0.62,0.02,0.18,0.06,0.1,0.2
0.18,0.42,0.06,0.28,0.1,0.22,0.2,0.72,0.3,0.48,0.1,0.22,0.08
0.42,0.18,0.03,0.0,0.0,0.22,0.24,0.78,0.12,0.0,0.02,0.55,0.28
0.62,0.22,0.06,0.0,0.0,0.34,0.18,0.72,0.28,0.0,0.0,0.58,0.12
0.12,0.52,0.22,0.02,0.04,0.34,0.24,0.78,0.18,0.62,0.28,0.58,0.14
0.18,0.62,0.08,0.12,0.22,0.14,0.12,0.78,0.22,0.28,0.18,0.26,0.02
0.32,0.18,0.02,0.0,0.0,0.22,0.28,0.34,0.0,0.62,0.18,0.0,0.06
0.05,0.55,0.45,0.12,0.0,0.28,0.22,0.78,0.0,0.32,0.38,0.62,0.22
0.18,0.62,0.14,0.05,0.03,0.34,0.22,0.78,0.02,0.86,0.18,0.28,0.2
0.34,0.12,0.1,0.0,0.0,0.22,0.18,0.78,0.0,0.1,0.0,0.3,0.28
0.42,0.18,0.14,0.0,0.06,0.22,0.24,0.62,0.12,0.12,0.12,0.16,0.14
0.05,0.55,0.12,0.03,0.02,0.22,0.18,0.62,0.01,0.28,0.22,0.2,0.1
0.12,0.62,0.08,0.06,0.02,0.46,0.34,0.72,0.02,0.78,0.28,0.44,0.06
0.22,0.55,0.18,0.28,0.0,0.24,0.22,0.62,0.05,0.48,0.34,0.12,0.06
0.55,0.45,0.05,0.0,0.0,0.55,0.35,0.65,0.35,0.45,0.05,0.55,0.35
0.42,0.18,0.02,0.0,0.0,0.34,0.12,0.62,0.0,0.28,0.02,0.22,0.12
0.42,0.14,0.04,0.02,0.0,0.18,0.16,0.62,0.12,0.06,0.04,0.22,0.18
0.45,0.18,0.12,0.0,0.0,0.22,0.18,0.72,0.0,0.12,0.08,0.08,0.22
0.03,0.42,0.22,0.0,0.0,0.34,0.28,0.62,0.0,0.32,0.06,0.12,0.08
0.18,0.28,0.22,0.0,0.0,0.42,0.38,0.62,0.22,0.34,0.12,0.18,0.26
0.42,0.55,0.02,0.18,0.08,0.3,0.06,0.78,0.22,0.62,0.06,0.22,0.34
0.82,0.18,0.08,0.0,0.0,0.34,0.22,0.62,0.0,0.48,0.22,0.18,0.3
0.62,0.18,0.0,0.0,0.0,0.22,0.06,0.72,0.22,0.55,0.06,0.0,0.28
0.62,0.22,0.02,0.12,0.04,0.28,0.12,0.55,0.22,0.1,0.06,0.48,0.1
0.78,0.14,0.08,0.0,0.0,0.34,0.12,0.62,0.18,0.22,0.06,0.18,0.16
0.62,0.12,0.03,0.0,0.0,0.22,0.18,0.55,0.05,0.48,0.22,0.06,0.24
0.42,0.55,0.22,0.18,0.12,0.48,0.28,0.62,0.3,0.22,0.12,0.08,0.2
0.12,0.72,0.18,0.46,0.42,0.34,0.22,0.78,0.55,0.32,0.18,0.08,0.14
0.34,0.52,0.12,0.38,0.04,0.28,0.22,0.62,0.46,0.44,0.18,0.02,0.36
0.0,0.72,0.18,0.62,0.0,0.34,0.22,0.55,0.66,0.58,0.0,0.0,0.0
0.32,0.48,0.06,0.0,0.0,0.18,0.14,0.72,0.34,0.12,0.12,0.62,0.22
0.22,0.48,0.06,0.0,0.12,0.24,0.18,0.72,0.02,0.06,0.12,0.62,0.22
0.12,0.62,0.22,0.28,0.24,0.34,0.3,0.58,0.3,0.42,0.12,0.55,0.1
0.12,0.46,0.34,0.14,0.22,0.55,0.28,0.62,0.22,0.3,0.12,0.38,0.16
0.2,0.1,0.0,0.0,0.0,0.0,0.0,0.6,0.0,0.0,0.0,0.0,0.0
0.34,0.22,0.06,0.0,0.0,0.28,0.12,0.42,0.14,0.22,0.04,0.24,0.12
0.62,0.12,0.1,0.0,0.0,0.22,0.18,0.58,0.22,0.34,0.06,0.18,0.16
0.42,0.34,0.18,0.0,0.14,0.22,0.16,0.78,0.22,0.06,0.04,0.28,0.18
0.62,0.18,0.08,0.1,0.0,0.14,0.12,0.46,0.22,0.02,0.04,0.1,0.12
0.22,0.28,0.12,0.18,0.02,0.34,0.2,0.42,0.3,0.72,0.1,0.02,0.24
0.22,0.34,0.12,0.08,0.04,0.28,0.14,0.18,0.46,0.72,0.1,0.0,0.06
0.42,0.24,0.12,0.02,0.0,0.18,0.14,0.62,0.22,0.48,0.16,0.14,0.12
0.12,0.62,0.18,0.28,0.06,0.34,0.22,0.72,0.38,0.78,0.18,0.44,0.26
0.34,0.46,0.18,0.02,0.14,0.33,0.12,0.62,0.38,0.55,0.36,0.3,0.28
0.42,0.22,0.08,0.0,0.06,0.18,0.12,0.34,0.18,0.04,0.1,0.2,0.16
0.62,0.38,0.18,0.02,0.14,0.22,0.24,0.78,0.0,0.02,0.06,0.82,0.28
0.22,0.48,0.18,0.03,0.02,0.2,0.24,0.72,0.18,0.62,0.1,0.34,0.2
0.22,0.28,0.12,0.18,0.03,0.34,0.26,0.62,0.18,0.55,0.2,0.24,0.2
0.22,0.06,0.12,0.0,0.0,0.24,0.08,0.62,0.22,0.72,0.12,0.14,0.26
0.12,0.62,0.28,0.05,0.02,0.34,0.1,0.58,0.1,0.55,0.42,0.38,0.08
0.12,0.78,0.62,0.42,0.38,0.34,0.22,0.74,0.18,0.82,0.1,0.46,0.2
0.34,0.38,0.06,0.28,0.02,0.12,0.18,0.72,0.22,0.0,0.0,0.46,0.06
0.22,0.12,0.0,0.0,0.0,0.18,0.14,0.72,0.0,0.18,0.06,0.46,0.04
0.32,0.58,0.12,0.62,0.05,0.44,0.38,0.78,0.55,0.66,0.28,0.3,0.26
0.18,0.82,0.08,0.88,0.22,0.34,0.18,0.86,0.22,0.42,0.12,0.28,0.3
0.22,0.34,0.06,0.02,0.03,0.28,0.18,0.72,0.1,0.55,0.14,0.26,0.2
0.22,0.34,0.08,0.12,0.0,0.18,0.16,0.62,0.22,0.28,0.06,0.24,0.06
0.22,0.62,0.03,0.55,0.18,0.3,0.12,0.78,0.1,0.58,0.22,0.34,0.2
0.08,0.62,0.22,0.03,0.05,0.18,0.24,0.78,0.0,0.12,0.06,0.9,0.12
0.12,0.62,0.14,0.0,0.0,0.22,0.18,0.78,0.0,0.06,0.0,0.92,0.34
0.12,0.72,0.18,0.22,0.05,0.34,0.2,0.78,0.18,0.62,0.28,0.88,0.22
0.02,0.72,0.22,0.12,0.06,0.18,0.08,0.86,0.1,0.62,0.18,0.78,0.2
0.22,0.28,0.03,0.06,0.02,0.34,0.18,0.62,0.12,0.46,0.05,0.44,0.04
0.0,0.62,0.02,0.46,0.0,0.12,0.08,0.28,0.55,0.42,0.12,0.0,0.0
0.32,0.72,0.12,0.38,0.08,0.34,0.18,0.78,0.62,0.66,0.44,0.46,0.14
0.02,0.78,0.18,0.42,0.06,0.12,0.1,0.62,0.38,0.72,0.22,0.1,0.04
0.34,0.62,0.22,0.28,0.06,0.24,0.18,0.78,0.08,0.55,0.18,0.06,0.26
0.55,0.05,0.05,0.0,0.0,0.05,0.12,0.62,0.22,0.0,0.18,0.0,0.05
0.32,0.38,0.18,0.03,0.06,0.14,0.22,0.72,0.02,0.22,0.12,0.28,0.12
0.05,0.78,0.32,0.08,0.12,0.22,0.18,0.86,0.03,0.62,0.28,0.74,0.1
0.18,0.22,0.06,0.0,0.08,0.08,0.06,0.62,0.0,0.28,0.12,0.08,0.12
0.12,0.62,0.18,0.02,0.22,0.18,0.14,0.78,0.06,0.34,0.12,0.88,0.1
0.62,0.12,0.0,0.0,0.0,0.08,0.05,0.55,0.18,0.42,0.06,0.14,0.03
0.22,0.28,0.24,0.0,0.0,0.18,0.34,0.62,0.06,0.18,0.06,0.0,0.14
0.35,0.25,0.0,0.0,0.0,0.0,0.0,0.15,0.0,0.0,0.0,0.0,0.0
0.0,0.86,0.34,0.06,0.08,0.22,0.28,0.72,0.08,0.22,0.12,0.32,0.02
0.12,0.62,0.28,0.46,0.03,0.34,0.3,0.72,0.55,0.18,0.22,0.02,0.2
0.42,0.28,0.06,0.04,0.03,0.46,0.22,0.62,0.34,0.3,0.14,0.4,0.18
0.42,0.72,0.28,0.22,0.06,0.48,0.34,0.78,0.55,0.06,0.38,0.32,0.18
0.62,0.48,0.1,0.34,0.06,0.3,0.28,0.72,0.55,0.02,0.36,0.44,0.22
0.12,0.62,0.1,0.05,0.08,0.46,0.22,0.78,0.22,0.55,0.38,0.7,0.28
0.46,0.44,0.22,0.0,0.0,0.42,0.24,0.78,0.62,0.28,0.34,0.52,0.18
0.22,0.34,0.18,0.02,0.01,0.33,0.24,0.72,0.38,0.22,0.08,0.2,0.26
0.05,0.62,0.34,0.06,0.04,0.22,0.18,0.58,0.66,0.08,0.36,0.06,0.1
0.34,0.62,0.58,0.02,0.04,0.22,0.28,0.78,0.55,0.02,0.18,0.46,0.2
0.22,0.62,0.24,0.28,0.06,0.18,0.16,0.78,0.58,0.02,0.12,0.34,0.14
0.22,0.72,0.18,0.55,0.12,0.28,0.2,0.78,0.42,0.1,0.34,0.48,0.18
0.52,0.22,0.06,0.0,0.0,0.46,0.24,0.78,0.28,0.44,0.08,0.48,0.22
0.22,0.62,0.18,0.06,0.04,0.24,0.28,0.78,0.38,0.26,0.1,0.66,0.2
0.22,0.62,0.28,0.08,0.12,0.24,0.26,0.78,0.3,0.34,0.1,0.22,0.06
0.72,0.12,0.0,0.0,0.0,0.22,0.0,0.34,0.0,0.0,0.18,0.0,0.0
0.1,0.2,0.0,0.0,0.0,0.2,0.0,0.7,0.2,0.7,0.0,0.2,0.0
0.62,0.18,0.02,0.08,0.0,0.22,0.12,0.72,0.55,0.0,0.12,0.28,0.18
0.32,0.34,0.06,0.08,0.0,0.18,0.12,0.72,0.22,0.12,0.38,0.08,0.04
0.12,0.78,0.12,0.72,0.34,0.3,0.18,0.86,0.22,0.92,0.58,0.16,0.06
0.05,0.78,0.18,0.32,0.06,0.22,0.2,0.86,0.18,0.62,0.34,0.88,0.1
0.18,0.34,0.05,0.02,0.03,0.3,0.06,0.62,0.0,0.72,0.12,0.38,0.44
0.42,0.38,0.24,0.0,0.08,0.34,0.22,0.78,0.22,0.28,0.12,0.46,0.14
0.0,0.55,0.05,0.6,0.0,0.55,0.25,0.7,0.35,0.75,0.05,0.0,0.1
0.42,0.28,0.03,0.22,0.0,0.12,0.18,0.62,0.38,0.02,0.08,0.18,0.0
0.12,0.55,0.18,0.12,0.03,0.42,0.22,0.78,0.22,0.88,0.32,0.38,0.18
0.0,0.55,0.35,0.0,0.45,0.25,0.3,0.35,0.35,0.3,0.1,0.0,0.0
0.22,0.78,0.28,0.06,0.12,0.34,0.3,0.72,0.34,0.62,0.1,0.02,0.18
0.78,0.22,0.12,0.0,0.05,0.18,0.16,0.72,0.0,0.0,0.06,0.18,0.08
0.12,0.62,0.18,0.22,0.06,0.24,0.28,0.72,0.34,0.38,0.06,0.18,0.14
0.0,0.78,0.62,0.46,0.06,0.34,0.28,0.86,0.32,0.74,0.08,0.06,0.14
0.0,0.78,0.32,0.72,0.06,0.46,0.34,0.62,0.12,0.74,0.22,0.08,0.04
0.62,0.34,0.28,0.02,0.18,0.46,0.32,0.78,0.42,0.3,0.1,0.16,0.36
0.0,0.78,0.12,0.22,0.18,0.34,0.18,0.86,0.02,0.72,0.22,0.62,0.06
0.12,0.62,0.48,0.12,0.06,0.34,0.28,0.58,0.22,0.72,0.46,0.1,0.14
0.05,0.22,0.02,0.03,0.06,0.18,0.28,0.62,0.18,0.02,0.06,0.3,0.14
0.34,0.03,0.02,0.0,0.0,0.18,0.22,0.62,0.12,0.12,0.0,0.06,0.08
0.05,0.62,0.22,0.55,0.06,0.34,0.18,0.78,0.38,0.72,0.1,0.22,0.2
0.22,0.48,0.08,0.06,0.18,0.12,0.2,0.72,0.02,0.3,0.18,0.2,0.1
0.22,0.06,0.04,0.0,0.0,0.28,0.24,0.62,0.18,0.55,0.08,0.14,0.16
0.12,0.72,0.18,0.42,0.06,0.22,0.06,0.28,0.34,0.78,0.06,0.0,0.04
0.05,0.62,0.22,0.08,0.06,0.44,0.18,0.78,0.22,0.66,0.18,0.72,0.14
0.18,0.42,0.12,0.22,0.0,0.22,0.18,0.62,0.28,0.06,0.12,0.48,0.12
0.12,0.38,0.14,0.0,0.0,0.22,0.18,0.62,0.12,0.06,0.22,0.18,0.05
0.18,0.62,0.12,0.18,0.08,0.34,0.1,0.72,0.55,0.7,0.58,0.42,0.1
0.12,0.62,0.18,0.22,0.28,0.18,0.12,0.78,0.22,0.72,0.28,0.34,0.18
0.12,0.78,0.22,0.62,0.08,0.34,0.28,0.72,0.38,0.74,0.44,0.56,0.18
0.0,0.78,0.12,0.74,0.0,0.46,0.22,0.72,0.44,0.34,0.0,0.0,0.0
0.12,0.78,0.08,0.0,0.0,0.34,0.18,0.72,0.0,0.62,0.46,0.28,0.22
0.0,0.62,0.22,0.08,0.0,0.12,0.18,0.78,0.0,0.0,0.28,0.72,0.0
0.62,0.12,0.05,0.0,0.0,0.22,0.08,0.78,0.0,0.05,0.18,0.28,0.34
0.22,0.34,0.05,0.0,0.0,0.28,0.06,0.62,0.02,0.72,0.18,0.12,0.26
0.22,0.12,0.03,0.0,0.0,0.12,0.05,0.62,0.08,0.38,0.06,0.18,0.28
0.0,0.78,0.42,0.22,0.34,0.46,0.28,0.44,0.72,0.9,0.22,0.12,0.06
0.0,0.72,0.78,0.05,0.08,0.42,0.48,0.62,0.28,0.66,0.22,0.58,0.06
0.42,0.22,0.08,0.06,0.0,0.24,0.07,0.62,0.55,0.03,0.18,0.48,0.12
0.34,0.46,0.12,0.0,0.18,0.33,0.14,0.72,0.04,0.78,0.44,0.22,0.36
0.0,0.62,0.34,0.08,0.12,0.22,0.18,0.72,0.38,0.9,0.46,0.28,0.04
0.0,0.72,0.22,0.05,0.0,0.42,0.18,0.78,0.28,0.86,0.62,0.48,0.22
0.0,0.62,0.18,0.12,0.06,0.34,0.08,0.52,0.46,0.78,0.44,0.38,0.06
0.0,0.78,0.62,0.55,0.05,0.66,0.34,0.72,0.58,0.92,0.18,0.06,0.08
0.0,0.62,0.28,0.12,0.06,0.34,0.22,0.38,0.44,0.78,0.08,0.0,0.06
0.34,0.52,0.03,0.06,0.02,0.18,0.02,0.62,0.18,0.55,0.3,0.22,0.1
0.22,0.48,0.12,0.55,0.18,0.46,0.18,0.62,0.34,0.78,0.08,0.22,0.2
0.42,0.28,0.06,0.0,0.0,0.22,0.12,0.34,0.55,0.78,0.06,0.0,0.36
0.42,0.28,0.33,0.0,0.0,0.36,0.34,0.72,0.08,0.3,0.06,0.22,0.26
0.34,0.22,0.18,0.0,0.0,0.33,0.16,0.62,0.38,0.78,0.22,0.18,0.14
0.34,0.18,0.22,0.0,0.0,0.55,0.24,0.62,0.22,0.78,0.08,0.18,0.14
0.05,0.62,0.38,0.03,0.08,0.42,0.34,0.66,0.22,0.78,0.28,0.02,0.04
0.18,0.72,0.46,0.02,0.62,0.44,0.28,0.62,0.34,0.58,0.06,0.03,0.1
0.22,0.62,0.18,0.22,0.38,0.34,0.3,0.78,0.14,0.1,0.26,0.1,0.18
0.78,0.18,0.06,0.0,0.0,0.34,0.28,0.72,0.22,0.02,0.06,0.32,0.14
0.12,0.62,0.08,0.55,0.32,0.28,0.22,0.78,0.3,0.58,0.18,0.02,0.14
0.12,0.62,0.34,0.58,0.28,0.55,0.52,0.78,0.18,0.36,0.22,0.1,0.16
0.28,0.52,0.18,0.34,0.02,0.62,0.38,0.72,0.22,0.66,0.18,0.2,0.36
0.42,0.22,0.06,0.0,0.0,0.34,0.28,0.55,0.0,0.3,0.18,0.0,0.0
0.62,0.28,0.18,0.02,0.22,0.34,0.3,0.72,0.08,0.55,0.12,0.03,0.26
0.22,0.38,0.12,0.03,0.28,0.34,0.3,0.72,0.0,0.0,0.1,0.18,0.1
0.22,0.62,0.18,0.03,0.22,0.48,0.34,0.78,0.18,0.1,0.22,0.2,0.3
0.12,0.62,0.34,0.18,0.08,0.46,0.44,0.58,0.22,0.55,0.38,0.2,0.24
0.05,0.62,0.06,0.78,0.02,0.46,0.28,0.55,0.34,0.3,0.02,0.0,0.18
0.12,0.72,0.34,0.18,0.14,0.42,0.22,0.78,0.28,0.86,0.36,0.06,0.2
0.0,0.72,0.12,0.38,0.18,0.34,0.22,0.62,0.58,0.66,0.22,0.0,0.0
0.18,0.72,0.52,0.28,0.06,0.44,0.34,0.78,0.22,0.58,0.12,0.22,0.14
0.34,0.42,0.18,0.0,0.0,0.33,0.22,0.62,0.12,0.22,0.06,0.06,0.18
0.42,0.28,0.18,0.0,0.0,0.22,0.26,0.62,0.04,0.06,0.06,0.22,0.24
0.18,0.62,0.12,0.22,0.06,0.28,0.24,0.72,0.34,0.78,0.14,0.18,0.36
0.22,0.62,0.18,0.28,0.06,0.44,0.34,0.72,0.46,0.78,0.18,0.34,0.52
0.18,0.72,0.22,0.28,0.12,0.34,0.3,0.62,0.38,0.55,0.22,0.48,0.26
0.34,0.38,0.12,0.22,0.05,0.33,0.24,0.62,0.3,0.55,0.1,0.12,0.28
0.34,0.38,0.08,0.12,0.1,0.22,0.18,0.62,0.22,0.66,0.2,0.02,0.44
0.78,0.12,0.03,0.05,0.0,0.22,0.18,0.62,0.0,0.18,0.02,0.14,0.24
0.18,0.34,0.22,0.0,0.0,0.24,0.28,0.72,0.06,0.22,0.18,0.22,0.26
0.05,0.62,0.12,0.38,0.22,0.48,0.28,0.72,0.3,0.66,0.18,0.06,0.44
0.18,0.62,0.34,0.42,0.18,0.46,0.44,0.78,0.22,0.4,0.1,0.3,0.36
0.1,0.65,0.35,0.05,0.3,0.35,0.4,0.75,0.2,0.8,0.35,0.35,0.25
0.34,0.32,0.08,0.0,0.0,0.33,0.22,0.62,0.18,0.72,0.12,0.22,0.28
0.22,0.34,0.02,0.0,0.42,0.12,0.06,0.28,0.18,0.14,0.0,0.0,0.08
0.72,0.12,0.0,0.0,0.0,0.18,0.06,0.62,0.0,0.0,0.14,0.18,0.04
0.05,0.22,0.02,0.0,0.0,0.06,0.08,0.62,0.0,0.08,0.02,0.55,0.28
0.18,0.22,0.02,0.01,0.0,0.08,0.06,0.62,0.0,0.0,0.12,0.0,0.04
0.05,0.42,0.03,0.02,0.01,0.22,0.18,0.62,0.18,0.72,0.22,0.38,0.06
0.0,0.35,0.05,0.0,0.0,0.25,0.12,0.75,0.0,0.55,0.1,0.65,0.0
0.0,0.42,0.12,0.0,0.08,0.12,0.22,0.62,0.0,0.0,0.08,0.78,0.18
0.2,0.0,0.0,0.0,0.0,0.1,0.3,0.4,0.0,0.0,0.0,0.6,0.0
0.18,0.32,0.03,0.02,0.0,0.22,0.12,0.62,0.0,0.0,0.18,0.38,0.0
0.18,0.12,0.06,0.0,0.0,0.08,0.14,0.62,0.0,0.0,0.08,0.22,0.12
0.2,0.3,0.0,0.0,0.0,0.2,0.1,0.6,0.0,0.0,0.1,0.2,0.1
0.0,0.35,0.0,0.0,0.0,0.45,0.1,0.6,0.0,0.25,0.0,0.0,0.0
0.15,0.12,0.0,0.0,0.0,0.08,0.18,0.55,0.0,0.05,0.0,0.22,0.0
0.62,0.12,0.18,0.0,0.0,0.06,0.22,0.58,0.0,0.0,0.0,0.34,0.08
0.0,0.55,0.15,0.25,0.0,0.25,0.35,0.35,0.25,0.9,0.1,0.0,0.0
0.22,0.34,0.28,0.0,0.0,0.24,0.33,0.62,0.22,0.78,0.12,0.0,0.06
0.12,0.72,0.34,0.08,0.18,0.28,0.22,0.78,0.18,0.86,0.62,0.06,0.04
0.34,0.42,0.22,0.08,0.03,0.46,0.44,0.62,0.02,0.78,0.3,0.04,0.18
0.05,0.22,0.12,0.0,0.0,0.28,0.24,0.32,0.18,0.72,0.26,0.06,0.03
0.34,0.22,0.18,0.0,0.0,0.12,0.14,0.62,0.12,0.28,0.16,0.12,0.08
0.55,0.18,0.32,0.0,0.0,0.22,0.28,0.62,0.06,0.48,0.18,0.08,0.12
0.12,0.62,0.18,0.05,0.06,0.34,0.1,0.72,0.22,0.92,0.38,0.16,0.14
0.34,0.12,0.18,0.0,0.0,0.22,0.24,0.62,0.02,0.46,0.12,0.0,0.04
0.22,0.62,0.24,0.08,0.03,0.34,0.28,0.78,0.1,0.86,0.58,0.0,0.12
0.34,0.22,0.12,0.02,0.0,0.28,0.24,0.62,0.02,0.78,0.36,0.02,0.12
0.62,0.22,0.12,0.14,0.0,0.28,0.26,0.72,0.28,0.34,0.18,0.02,0.04
0.05,0.45,0.25,0.05,0.0,0.12,0.05,0.55,0.25,0.55,0.05,0.0,0.0
0.0,0.62,0.18,0.12,0.08,0.34,0.28,0.72,0.08,0.86,0.32,0.0,0.14
0.0,0.62,0.18,0.34,0.0,0.46,0.22,0.44,0.38,0.86,0.22,0.0,0.0
0.42,0.28,0.06,0.0,0.08,0.34,0.3,0.62,0.3,0.38,0.1,0.55,0.12
0.0,0.62,0.46,0.0,0.0,0.55,0.34,0.78,0.22,0.72,0.18,0.0,0.0
0.55,0.55,0.35,0.05,0.0,0.45,0.15,0.75,0.25,0.85,0.55,0.0,0.05
0.18,0.62,0.08,0.22,0.06,0.46,0.14,0.58,0.44,0.86,0.22,0.02,0.2
0.42,0.18,0.06,0.0,0.0,0.22,0.16,0.62,0.12,0.38,0.18,0.28,0.06
0.0,0.62,0.03,0.55,0.22,0.18,0.12,0.78,0.18,0.05,0.12,0.58,0.1
0.12,0.62,0.28,0.08,0.34,0.46,0.38,0.72,0.22,0.78,0.34,0.52,0.26
0.0,0.72,0.34,0.28,0.18,0.62,0.22,0.78,0.46,0.74,0.44,0.66,0.06
0.22,0.62,0.12,0.38,0.06,0.34,0.28,0.58,0.42,0.78,0.55,0.3,0.1
0.12,0.28,0.06,0.02,0.0,0.34,0.22,0.62,0.08,0.86,0.38,0.06,0.04
0.18,0.42,0.28,0.0,0.12,0.34,0.22,0.62,0.22,0.58,0.22,0.26,0.24
0.62,0.18,0.06,0.0,0.0,0.34,0.12,0.72,0.18,0.28,0.04,0.08,0.16
0.42,0.22,0.03,0.01,0.18,0.46,0.34,0.78,0.28,0.55,0.05,0.2,0.18
0.0,0.62,0.58,0.0,0.0,0.55,0.22,0.34,0.0,0.78,0.18,0.0,0.0
0.12,0.62,0.18,0.48,0.22,0.55,0.28,0.72,0.38,0.78,0.22,0.42,0.2
0.08,0.55,0.08,0.03,0.12,0.42,0.18,0.62,0.22,0.78,0.28,0.48,0.14
0.0,0.78,0.62,0.34,0.22,0.55,0.18,0.72,0.28,0.86,0.74,0.58,0.06
0.18,0.28,0.04,0.0,0.0,0.42,0.22,0.62,0.0,0.55,0.08,0.48,0.06
0.62,0.08,0.03,0.0,0.0,0.34,0.06,0.52,0.22,0.28,0.1,0.02,0.18
0.22,0.62,0.28,0.18,0.06,0.34,0.24,0.58,0.55,0.3,0.1,0.06,0.2
0.05,0.72,0.78,0.02,0.03,0.34,0.46,0.62,0.18,0.86,0.22,0.06,0.08
0.12,0.62,0.72,0.02,0.1,0.48,0.22,0.78,0.1,0.92,0.34,0.3,0.28
0.22,0.62,0.58,0.12,0.08,0.34,0.18,0.66,0.28,0.72,0.46,0.34,0.2
0.0,0.72,0.12,0.62,0.08,0.48,0.22,0.78,0.34,0.86,0.12,0.66,0.04
0.12,0.62,0.58,0.22,0.14,0.34,0.3,0.78,0.22,0.86,0.28,0.18,0.2
0.62,0.18,0.22,0.05,0.05,0.18,0.08,0.78,0.22,0.34,0.03,0.1,0.16
0.22,0.48,0.62,0.0,0.24,0.34,0.46,0.72,0.02,0.58,0.12,0.18,0.06
0.12,0.42,0.28,0.0,0.0,0.46,0.34,0.78,0.0,0.22,0.12,0.38,0.08
0.0,0.62,0.12,0.18,0.0,0.22,0.06,0.55,0.22,0.78,0.34,0.0,0.0
0.0,0.78,0.06,0.18,0.05,0.34,0.12,0.86,0.03,0.55,0.42,0.74,0.06
0.32,0.22,0.18,0.0,0.0,0.14,0.12,0.62,0.0,0.28,0.06,0.22,0.02
0.18,0.34,0.22,0.0,0.0,0.52,0.24,0.62,0.28,0.58,0.22,0.16,0.04
0.12,0.38,0.42,0.0,0.06,0.46,0.34,0.62,0.44,0.78,0.28,0.14,0.04
0.34,0.22,0.06,0.02,0.05,0.18,0.14,0.62,0.18,0.1,0.06,0.28,0.16
0.12,0.62,0.18,0.12,0.04,0.22,0.14,0.78,0.22,0.58,0.28,0.72,0.06
0.06,0.62,0.55,0.12,0.04,0.34,0.22,0.78,0.22,0.86,0.28,0.26,0.05
0.42,0.58,0.22,0.03,0.02,0.18,0.24,0.78,0.22,0.34,0.06,0.26,0.2
0.03,0.34,0.18,0.06,0.02,0.42,0.14,0.38,0.1,0.22,0.16,0.06,0.12
0.02,0.62,0.28,0.12,0.06,0.18,0.22,0.72,0.18,0.55,0.1,0.38,0.06
0.62,0.22,0.06,0.0,0.0,0.18,0.24,0.58,0.22,0.12,0.0,0.0,0.0
0.22,0.34,0.12,0.18,0.0,0.62,0.14,0.58,0.46,0.78,0.12,0.16,0.18
0.18,0.62,0.55,0.05,0.12,0.58,0.52,0.78,0.38,0.6,0.22,0.28,0.2
0.56,0.48,0.22,0.12,0.28,0.54,0.33,0.78,0.52,0.72,0.34,0.44,0.46
0.12,0.62,0.58,0.05,0.12,0.55,0.48,0.78,0.12,0.72,0.42,0.52,0.28
0.12,0.42,0.18,0.22,0.03,0.34,0.28,0.78,0.22,0.72,0.46,0.24,0.16
0.08,0.62,0.38,0.08,0.34,0.56,0.44,0.78,0.28,0.72,0.36,0.22,0.26
0.42,0.08,0.18,0.0,0.0,0.34,0.22,0.62,0.48,0.04,0.06,0.0,0.12
0.78,0.18,0.14,0.0,0.06,0.34,0.32,0.72,0.46,0.12,0.06,0.16,0.14
0.32,0.28,0.22,0.0,0.0,0.18,0.24,0.72,0.18,0.04,0.06,0.26,0.08
0.12,0.62,0.38,0.22,0.12,0.34,0.28,0.78,0.1,0.46,0.24,0.22,0.1
0.62,0.22,0.24,0.02,0.06,0.34,0.28,0.58,0.3,0.26,0.1,0.14,0.18
0.52,0.58,0.22,0.03,0.04,0.46,0.34,0.78,0.02,0.44,0.18,0.36,0.33
0.22,0.18,0.12,0.0,0.0,0.34,0.18,0.62,0.06,0.72,0.06,0.14,0.12
0.12,0.62,0.18,0.34,0.06,0.22,0.1,0.58,0.18,0.86,0.22,0.28,0.2
0.02,0.78,0.22,0.28,0.18,0.34,0.3,0.86,0.22,0.62,0.18,0.66,0.2
0.12,0.72,0.28,0.08,0.06,0.55,0.48,0.86,0.06,0.78,0.62,0.34,0.3
0.22,0.62,0.34,0.12,0.06,0.48,0.44,0.78,0.18,0.86,0.58,0.32,0.24
0.12,0.72,0.18,0.22,0.03,0.22,0.28,0.86,0.18,0.55,0.48,0.62,0.2
0.12,0.78,0.22,0.48,0.12,0.34,0.26,0.82,0.18,0.42,0.36,0.62,0.18
0.22,0.62,0.34,0.18,0.06,0.48,0.44,0.86,0.18,0.78,0.36,0.28,0.3
0.05,0.62,0.12,0.72,0.06,0.44,0.22,0.78,0.28,0.55,0.48,0.12,0.34
0.18,0.62,0.22,0.08,0.34,0.24,0.2,0.78,0.06,0.72,0.28,0.46,0.22
0.0,0.78,0.22,0.55,0.05,0.52,0.38,0.85,0.18,0.82,0.42,0.48,0.12
0.18,0.62,0.22,0.55,0.03,0.34,0.28,0.78,0.22,0.86,0.66,0.2,0.3
0.62,0.58,0.12,0.06,0.04,0.22,0.18,0.86,0.14,0.74,0.46,0.28,0.34
0.12,0.62,0.22,0.08,0.05,0.18,0.28,0.78,0.12,0.34,0.22,0.55,0.26
0.32,0.28,0.03,0.18,0.02,0.18,0.12,0.78,0.1,0.18,0.1,0.92,0.22
0.12,0.72,0.18,0.22,0.08,0.18,0.14,0.62,0.0,0.78,0.58,0.66,0.22
0.02,0.62,0.05,0.38,0.02,0.22,0.28,0.55,0.48,0.92,0.22,0.0,0.06
0.12,0.34,0.22,0.0,0.0,0.18,0.28,0.62,0.14,0.55,0.0,0.48,0.06
0.34,0.32,0.12,0.18,0.14,0.22,0.26,0.62,0.22,0.58,0.18,0.16,0.2
0.55,0.12,0.0,0.0,0.0,0.12,0.0,0.28,0.05,0.62,0.08,0.18,0.12
0.32,0.22,0.06,0.0,0.0,0.34,0.24,0.62,0.28,0.78,0.46,0.18,0.22
0.0,0.25,0.12,0.0,0.0,0.18,0.22,0.72,0.0,0.18,0.12,0.55,0.22
0.0,0.22,0.12,0.0,0.0,0.34,0.28,0.36,0.22,0.62,0.06,0.18,0.0
0.42,0.18,0.05,0.03,0.0,0.08,0.12,0.62,0.28,0.22,0.14,0.04,0.02
0.12,0.34,0.18,0.0,0.0,0.08,0.12,0.42,0.12,0.06,0.08,0.48,0.14
0.0,0.55,0.18,0.0,0.08,0.12,0.22,0.62,0.22,0.58,0.18,0.22,0.05
0.12,0.22,0.12,0.08,0.0,0.34,0.28,0.22,0.18,0.62,0.0,0.0,0.12
0.0,0.45,0.35,0.25,0.0,0.22,0.55,0.25,0.35,0.1,0.4,0.05,0.0
0.18,0.28,0.06,0.0,0.0,0.22,0.14,0.62,0.12,0.78,0.22,0.55,0.18
0.0,0.12,0.28,0.0,0.0,0.22,0.18,0.34,0.22,0.62,0.12,0.0,0.06
0.2,0.0,0.1,0.0,0.0,0.1,0.2,0.6,0.0,0.4,0.0,0.0,0.1
0.18,0.34,0.22,0.03,0.05,0.24,0.2,0.62,0.22,0.55,0.2,0.22,0.18
0.22,0.38,0.12,0.06,0.0,0.18,0.16,0.62,0.12,0.72,0.34,0.06,0.18
0.22,0.62,0.28,0.12,0.08,0.55,0.3,0.48,0.52,0.7,0.18,0.2,0.06
0.82,0.08,0.03,0.0,0.0,0.12,0.18,0.55,0.0,0.18,0.05,0.0,0.06
0.62,0.12,0.05,0.0,0.08,0.22,0.12,0.55,0.0,0.28,0.03,0.0,0.12
0.12,0.62,0.1,0.22,0.06,0.18,0.14,0.78,0.06,0.72,0.34,0.0,0.1
0.12,0.62,0.38,0.18,0.06,0.34,0.22,0.72,0.1,0.78,0.46,0.34,0.2
0.18,0.62,0.06,0.34,0.04,0.38,0.1,0.58,0.02,0.72,0.3,0.16,0.12
0.22,0.62,0.28,0.24,0.02,0.34,0.26,0.72,0.06,0.78,0.48,0.44,0.3
0.34,0.32,0.08,0.06,0.03,0.22,0.18,0.62,0.22,0.3,0.1,0.04,0.16
0.34,0.46,0.22,0.18,0.24,0.44,0.3,0.72,0.22,0.28,0.1,0.3,0.14
0.62,0.18,0.12,0.0,0.0,0.22,0.16,0.78,0.0,0.28,0.06,0.14,0.08
0.34,0.22,0.05,0.08,0.02,0.24,0.18,0.62,0.1,0.78,0.18,0.02,0.2
0.34,0.42,0.08,0.02,0.06,0.22,0.18,0.78,0.22,0.55,0.18,0.38,0.12
0.0,0.52,0.46,0.08,0.0,0.62,0.22,0.44,0.28,0.78,0.18,0.06,0.04
0.08,0.34,0.32,0.0,0.0,0.46,0.22,0.62,0.12,0.44,0.06,0.22,0.12
0.18,0.28,0.12,0.08,0.02,0.42,0.22,0.55,0.18,0.62,0.1,0.3,0.24
0.22,0.48,0.18,0.12,0.06,0.42,0.28,0.55,0.38,0.62,0.06,0.18,0.04
0.55,0.22,0.06,0.0,0.08,0.28,0.12,0.62,0.02,0.22,0.06,0.18,0.34
0.34,0.22,0.1,0.0,0.08,0.55,0.18,0.62,0.0,0.12,0.06,0.3,0.4
0.42,0.28,0.03,0.12,0.06,0.3,0.1,0.34,0.3,0.32,0.04,0.01,0.1
0.62,0.12,0.1,0.0,0.05,0.22,0.18,0.72,0.0,0.28,0.06,0.34,0.2
0.55,0.25,0.12,0.0,0.12,0.38,0.32,0.62,0.12,0.78,0.0,0.0,0.08
0.34,0.12,0.06,0.0,0.0,0.22,0.18,0.62,0.22,0.1,0.04,0.3,0.1
0.22,0.18,0.06,0.0,0.0,0.34,0.24,0.62,0.0,0.38,0.04,0.16,0.12
0.35,0.08,0.02,0.0,0.0,0.18,0.22,0.28,0.22,0.18,0.0,0.0,0.0
0.34,0.28,0.3,0.0,0.12,0.22,0.26,0.72,0.18,0.7,0.14,0.22,0.2
0.22,0.48,0.28,0.24,0.12,0.34,0.18,0.72,0.46,0.62,0.14,0.2,0.18
0.42,0.18,0.06,0.08,0.0,0.34,0.22,0.62,0.18,0.46,0.08,0.22,0.16
0.22,0.48,0.06,0.34,0.12,0.28,0.18,0.92,0.14,0.0,0.26,0.62,0.3
0.12,0.06,0.03,0.0,0.0,0.62,0.08,0.0,0.28,0.0,0.0,0.0,0.06
0.12,0.18,0.03,0.02,0.06,0.55,0.08,0.22,0.28,0.14,0.06,0.03,0.1
0.12,0.62,0.06,0.28,0.22,0.34,0.1,0.48,0.58,0.55,0.18,0.04,0.1
0.12,0.28,0.18,0.0,0.12,0.62,0.22,0.18,0.1,0.0,0.0,0.0,0.14
0.12,0.42,0.38,0.06,0.28,0.55,0.22,0.06,0.78,0.0,0.0,0.06,0.08
0.12,0.28,0.08,0.1,0.18,0.34,0.22,0.3,0.62,0.02,0.1,0.1,0.08
0.0,0.55,0.12,0.0,0.0,0.32,0.22,0.85,0.18,0.05,0.28,0.62,0.25
0.12,0.38,0.05,0.18,0.14,0.42,0.08,0.22,0.34,0.12,0.06,0.2,0.1
0.22,0.34,0.08,0.03,0.26,0.33,0.1,0.42,0.28,0.06,0.1,0.18,0.2
0.22,0.62,0.12,0.58,0.06,0.55,0.34,0.78,0.28,0.46,0.18,0.44,0.2
0.0,0.62,0.22,0.05,0.0,0.34,0.12,0.28,0.22,0.58,0.0,0.0,0.0
0.22,0.62,0.38,0.18,0.22,0.34,0.28,0.72,0.18,0.78,0.22,0.46,0.2
0.22,0.48,0.08,0.18,0.22,0.34,0.28,0.72,0.18,0.55,0.14,0.42,0.12
0.78,0.12,0.0,0.0,0.0,0.06,0.0,0.62,0.0,0.08,0.18,0.04,0.06
0.62,0.12,0.0,0.0,0.0,0.22,0.08,0.72,0.0,0.18,0.0,0.34,0.06
0.42,0.22,0.12,0.0,0.06,0.18,0.14,0.78,0.0,0.12,0.0,0.18,0.08
0.22,0.38,0.08,0.12,0.04,0.34,0.14,0.62,0.28,0.72,0.18,0.16,0.1
0.42,0.12,0.03,0.0,0.0,0.22,0.08,0.34,0.08,0.55,0.12,0.0,0.06
0.18,0.12,0.06,0.0,0.0,0.22,0.18,0.62,0.0,0.72,0.12,0.08,0.04
0.62,0.12,0.0,0.0,0.0,0.22,0.06,0.48,0.0,0.44,0.0,0.14,0.06
0.0,0.22,0.02,0.0,0.0,0.18,0.12,0.28,0.0,0.42,0.0,0.0,0.0
0.32,0.18,0.12,0.0,0.0,0.22,0.24,0.62,0.18,0.22,0.08,0.34,0.06
0.05,0.12,0.03,0.0,0.0,0.12,0.18,0.62,0.12,0.28,0.03,0.22,0.02
0.0,0.62,0.06,0.0,0.08,0.22,0.12,0.78,0.0,0.34,0.08,0.92,0.06
0.12,0.62,0.18,0.55,0.02,0.58,0.34,0.52,0.28,0.78,0.02,0.0,0.46
0.62,0.12,0.02,0.0,0.0,0.34,0.18,0.72,0.14,0.66,0.06,0.22,0.28
0.42,0.12,0.02,0.0,0.0,0.22,0.14,0.62,0.02,0.78,0.08,0.18,0.24
0.62,0.08,0.02,0.0,0.0,0.22,0.12,0.78,0.0,0.48,0.18,0.18,0.22
0.62,0.06,0.02,0.0,0.0,0.22,0.18,0.74,0.18,0.28,0.02,0.12,0.24
0.42,0.18,0.06,0.0,0.08,0.22,0.12,0.78,0.0,0.22,0.06,0.0,0.34
0.18,0.42,0.06,0.12,0.0,0.34,0.22,0.62,0.28,0.78,0.26,0.0,0.22
0.34,0.22,0.12,0.0,0.0,0.28,0.24,0.78,0.0,0.86,0.26,0.52,0.46
0.34,0.12,0.06,0.0,0.0,0.22,0.18,0.62,0.0,0.55,0.32,0.28,0.24
0.34,0.38,0.12,0.18,0.02,0.3,0.22,0.62,0.28,0.78,0.26,0.1,0.24
0.34,0.12,0.03,0.0,0.0,0.18,0.14,0.62,0.18,0.28,0.06,0.16,0.22
0.62,0.08,0.02,0.0,0.0,0.18,0.22,0.72,0.18,0.06,0.04,0.14,0.2
0.34,0.22,0.18,0.0,0.04,0.18,0.2,0.62,0.08,0.18,0.1,0.1,0.22
0.34,0.32,0.18,0.03,0.06,0.33,0.28,0.72,0.12,0.78,0.3,0.22,0.26
0.34,0.18,0.1,0.0,0.0,0.12,0.14,0.62,0.18,0.55,0.1,0.12,0.22
0.0,0.75,0.1,0.0,0.55,0.35,0.0,0.6,0.0,0.0,0.55,0.2,0.0
0.05,0.62,0.28,0.06,0.12,0.34,0.3,0.78,0.02,0.32,0.06,0.04,0.1
0.78,0.08,0.06,0.0,0.0,0.22,0.18,0.62,0.0,0.22,0.0,0.0,0.12
0.34,0.22,0.12,0.0,0.0,0.24,0.18,0.62,0.0,0.12,0.0,0.28,0.12
0.12,0.38,0.22,0.05,0.08,0.52,0.34,0.78,0.03,0.18,0.06,0.26,0.2
0.02,0.62,0.28,0.12,0.04,0.55,0.34,0.78,0.08,0.86,0.18,0.22,0.26
0.22,0.62,0.34,0.03,0.0,0.48,0.44,0.72,0.06,0.58,0.12,0.0,0.24
0.0,0.62,0.22,0.0,0.0,0.18,0.34,0.58,0.0,0.86,0.12,0.0,0.0
0.12,0.72,0.34,0.22,0.05,0.55,0.48,0.78,0.02,0.7,0.22,0.28,0.32
0.35,0.45,0.25,0.05,0.05,0.18,0.32,0.7,0.0,0.55,0.12,0.0,0.1
0.12,0.58,0.22,0.18,0.08,0.34,0.52,0.78,0.02,0.72,0.1,0.62,0.28
0.12,0.34,0.22,0.02,0.03,0.48,0.26,0.62,0.1,0.58,0.18,0.22,0.24
0.05,0.62,0.55,0.18,0.22,0.58,0.72,0.78,0.08,0.86,0.34,0.28,0.12
0.0,0.35,0.05,0.0,0.0,0.55,0.25,0.35,0.45,0.85,0.0,0.0,0.0
0.22,0.34,0.28,0.08,0.0,0.33,0.32,0.62,0.55,0.78,0.42,0.06,0.24
0.12,0.38,0.03,0.22,0.02,0.18,0.06,0.42,0.55,0.62,0.1,0.2,0.14
0.62,0.06,0.03,0.0,0.0,0.18,0.14,0.72,0.34,0.12,0.08,0.22,0.16
0.42,0.18,0.12,0.0,0.0,0.34,0.22,0.78,0.0,0.36,0.28,0.16,0.4
0.22,0.18,0.12,0.0,0.06,0.34,0.14,0.42,0.38,0.62,0.06,0.02,0.12
0.72,0.08,0.03,0.0,0.0,0.34,0.12,0.62,0.66,0.55,0.04,0.03,0.22
0.34,0.32,0.08,0.02,0.01,0.46,0.22,0.62,0.28,0.86,0.44,0.02,0.38
0.18,0.62,0.34,0.38,0.06,0.56,0.22,0.72,0.66,0.86,0.22,0.1,0.3
0.46,0.28,0.22,0.02,0.06,0.33,0.24,0.62,0.18,0.58,0.34,0.2,0.3
0.78,0.08,0.03,0.0,0.0,0.34,0.22,0.62,0.66,0.18,0.05,0.0,0.24
0.62,0.12,0.18,0.0,0.0,0.22,0.24,0.78,0.28,0.14,0.08,0.16,0.18
0.34,0.32,0.08,0.14,0.02,0.62,0.28,0.66,0.58,0.86,0.1,0.02,0.3
0.34,0.22,0.06,0.18,0.12,0.46,0.24,0.62,0.78,0.86,0.1,0.04,0.28
0.22,0.48,0.12,0.18,0.03,0.44,0.16,0.62,0.46,0.78,0.28,0.06,0.24
0.0,0.72,0.38,0.22,0.08,0.62,0.55,0.42,0.78,0.86,0.48,0.28,0.34
0.22,0.48,0.12,0.08,0.04,0.34,0.18,0.62,0.38,0.66,0.18,0.22,0.3
0.22,0.48,0.1,0.42,0.28,0.34,0.12,0.72,0.22,0.4,0.46,0.18,0.26
0.12,0.55,0.22,0.03,0.18,0.46,0.28,0.62,0.3,0.72,0.2,0.1,0.18
0.05,0.62,0.22,0.28,0.06,0.55,0.18,0.78,0.38,0.9,0.58,0.12,0.2
0.78,0.18,0.12,0.0,0.0,0.34,0.16,0.72,0.32,0.22,0.12,0.12,0.14
0.0,0.22,0.06,0.0,0.0,0.62,0.18,0.58,0.12,0.9,0.48,0.0,0.08
0.12,0.18,0.22,0.02,0.0,0.62,0.08,0.55,0.28,0.78,0.22,0.06,0.08
0.22,0.24,0.06,0.0,0.0,0.28,0.12,0.72,0.34,0.18,0.12,0.22,0.14
0.02,0.22,0.12,0.0,0.0,0.24,0.18,0.62,0.28,0.55,0.12,0.18,0.08
0.42,0.12,0.08,0.0,0.0,0.62,0.18,0.78,0.18,0.82,0.22,0.0,0.46
0.22,0.18,0.12,0.0,0.0,0.34,0.24,0.62,0.0,0.55,0.28,0.32,0.3
0.0,0.35,0.1,0.0,0.0,0.55,0.25,0.7,0.0,0.35,0.15,0.45,0.05
0.42,0.48,0.08,0.22,0.06,0.34,0.18,0.72,0.18,0.66,0.22,0.22,0.36
0.12,0.38,0.02,0.08,0.02,0.1,0.03,0.78,0.0,0.12,0.1,0.72,0.04
0.62,0.22,0.02,0.0,0.0,0.12,0.18,0.58,0.0,0.18,0.02,0.28,0.14
0.22,0.62,0.02,0.03,0.08,0.18,0.1,0.78,0.0,0.28,0.04,0.82,0.12
0.0,0.55,0.05,0.25,0.0,0.12,0.08,0.45,0.35,0.4,0.05,0.0,0.18
0.12,0.55,0.06,0.48,0.03,0.34,0.08,0.62,0.46,0.58,0.1,0.1,0.06
0.22,0.62,0.03,0.78,0.02,0.34,0.06,0.48,0.44,0.58,0.1,0.04,0.05
0.55,0.25,0.0,0.55,0.0,0.12,0.05,0.65,0.15,0.35,0.05,0.0,0.0
0.33,0.55,0.06,0.0,0.0,0.22,0.12,0.78,0.0,0.28,0.0,0.62,0.18
0.62,0.22,0.14,0.0,0.12,0.12,0.06,0.78,0.0,0.48,0.04,0.18,0.02
0.22,0.28,0.02,0.0,0.0,0.12,0.08,0.62,0.0,0.18,0.06,0.55,0.18
0.18,0.22,0.0,0.0,0.05,0.12,0.0,0.62,0.08,0.72,0.08,0.12,0.08
0.25,0.45,0.05,0.15,0.05,0.25,0.12,0.55,0.02,0.55,0.08,0.75,0.12
0.0,0.62,0.78,0.22,0.18,0.66,0.58,0.74,0.28,0.0,0.34,0.0,0.18
0.22,0.38,0.34,0.06,0.02,0.46,0.28,0.62,0.44,0.58,0.24,0.0,0.18
0.42,0.18,0.22,0.0,0.12,0.48,0.34,0.62,0.14,0.06,0.22,0.06,0.24
0.72,0.18,0.02,0.0,0.0,0.34,0.06,0.62,0.0,0.08,0.06,0.22,0.18
0.05,0.42,0.18,0.12,0.08,0.34,0.1,0.62,0.38,0.55,0.22,0.0,0.2
0.12,0.38,0.22,0.06,0.02,0.34,0.18,0.62,0.3,0.72,0.1,0.02,0.1
0.34,0.28,0.12,0.0,0.0,0.22,0.14,0.62,0.12,0.58,0.06,0.0,0.3
0.42,0.12,0.03,0.0,0.0,0.28,0.12,0.62,0.18,0.48,0.12,0.0,0.18
0.42,0.18,0.06,0.0,0.05,0.34,0.14,0.62,0.12,0.28,0.08,0.0,0.16
0.62,0.18,0.02,0.0,0.0,0.22,0.08,0.56,0.0,0.14,0.0,0.0,0.12
0.52,0.28,0.22,0.0,0.0,0.24,0.18,0.62,0.0,0.18,0.06,0.12,0.14
0.05,0.62,0.48,0.08,0.12,0.55,0.58,0.72,0.18,0.66,0.1,0.0,0.06
0.12,0.34,0.22,0.06,0.0,0.28,0.18,0.62,0.02,0.78,0.55,0.08,0.16
0.34,0.22,0.12,0.0,0.0,0.55,0.28,0.62,0.0,0.78,0.18,0.0,0.26
0.05,0.52,0.08,0.0,0.48,0.18,0.12,0.62,0.55,0.42,0.18,0.12,0.22
0.0,0.72,0.78,0.28,0.0,0.12,0.06,0.62,0.55,0.66,0.18,0.0,0.0
0.22,0.62,0.28,0.34,0.12,0.46,0.3,0.72,0.38,0.86,0.3,0.26,0.2
0.12,0.62,0.55,0.08,0.18,0.34,0.3,0.78,0.18,0.42,0.22,0.06,0.16
0.22,0.58,0.62,0.06,0.28,0.55,0.46,0.78,0.12,0.52,0.18,0.02,0.34
0.32,0.28,0.42,0.04,0.02,0.34,0.3,0.62,0.18,0.55,0.18,0.16,0.1
0.34,0.62,0.46,0.38,0.06,0.33,0.3,0.78,0.44,0.86,0.28,0.22,0.18
0.12,0.62,0.46,0.18,0.34,0.3,0.28,0.72,0.3,0.66,0.22,0.02,0.14
0.22,0.62,0.55,0.08,0.1,0.52,0.48,0.78,0.28,0.72,0.18,0.58,0.3
0.62,0.38,0.34,0.02,0.18,0.3,0.28,0.78,0.22,0.72,0.18,0.3,0.16
0.22,0.18,0.06,0.0,0.08,0.34,0.12,0.72,0.18,0.32,0.12,0.22,0.08
0.1,0.5,0.6,0.0,0.1,0.5,0.6,0.7,0.0,0.6,0.3,0.4,0.1
0.12,0.62,0.48,0.28,0.12,0.44,0.34,0.78,0.46,0.86,0.22,0.32,0.26
0.42,0.34,0.22,0.06,0.02,0.28,0.24,0.62,0.38,0.55,0.18,0.2,0.16
0.42,0.48,0.22,0.12,0.02,0.55,0.38,0.72,0.36,0.78,0.18,0.14,0.26
0.22,0.18,0.16,0.12,0.0,0.24,0.12,0.42,0.18,0.62,0.08,0.0,0.12
0.0,0.62,0.34,0.46,0.0,0.44,0.38,0.52,0.66,0.86,0.08,0.0,0.12
0.32,0.62,0.22,0.68,0.02,0.34,0.18,0.58,0.55,0.72,0.1,0.18,0.12
0.62,0.22,0.28,0.0,0.03,0.12,0.08,0.55,0.42,0.08,0.06,0.18,0.06
0.62,0.08,0.06,0.0,0.12,0.18,0.12,0.55,0.28,0.12,0.04,0.0,0.22
0.34,0.33,0.22,0.18,0.05,0.32,0.24,0.46,0.3,0.44,0.1,0.02,0.14
0.18,0.62,0.12,0.55,0.06,0.34,0.22,0.58,0.46,0.78,0.22,0.14,0.2
0.34,0.32,0.12,0.02,0.08,0.22,0.28,0.62,0.1,0.42,0.1,0.3,0.08
0.86,0.12,0.18,0.0,0.0,0.12,0.22,0.78,0.02,0.28,0.08,0.12,0.04
0.62,0.22,0.08,0.0,0.18,0.24,0.26,0.72,0.14,0.34,0.12,0.16,0.18
0.42,0.28,0.22,0.0,0.0,0.12,0.24,0.62,0.22,0.12,0.06,0.58,0.18
0.62,0.18,0.12,0.0,0.0,0.22,0.28,0.44,0.22,0.12,0.06,0.0,0.34
0.22,0.38,0.2,0.14,0.06,0.24,0.26,0.78,0.22,0.3,0.1,0.42,0.24
0.62,0.28,0.18,0.0,0.0,0.22,0.24,0.66,0.06,0.44,0.08,0.22,0.46
0.34,0.28,0.12,0.32,0.0,0.33,0.18,0.72,0.3,0.78,0.06,0.0,0.18
0.34,0.28,0.12,0.38,0.0,0.22,0.12,0.62,0.28,0.72,0.0,0.0,0.22
0.32,0.22,0.18,0.0,0.0,0.12,0.14,0.28,0.0,0.22,0.0,0.0,0.0
0.46,0.28,0.03,0.22,0.12,0.34,0.18,0.62,0.3,0.66,0.18,0.06,0.26
0.62,0.08,0.1,0.03,0.0,0.18,0.22,0.58,0.55,0.28,0.12,0.1,0.2
0.72,0.02,0.01,0.01,0.0,0.18,0.03,0.62,0.28,0.0,0.01,0.0,0.12
0.35,0.05,0.08,0.0,0.0,0.22,0.12,0.62,0.08,0.38,0.05,0.06,0.12
0.62,0.18,0.22,0.02,0.0,0.46,0.24,0.78,0.22,0.55,0.28,0.06,0.18
0.22,0.18,0.06,0.01,0.01,0.33,0.24,0.62,0.34,0.72,0.14,0.04,0.2
0.34,0.18,0.22,0.0,0.0,0.46,0.24,0.78,0.18,0.72,0.08,0.16,0.22
0.62,0.18,0.02,0.0,0.14,0.08,0.12,0.22,0.28,0.12,0.06,0.06,0.04
0.62,0.12,0.02,0.01,0.03,0.18,0.1,0.55,0.48,0.3,0.06,0.1,0.14
0.62,0.18,0.02,0.0,0.0,0.22,0.12,0.55,0.78,0.06,0.08,0.12,0.24
0.62,0.28,0.22,0.02,0.18,0.46,0.24,0.78,0.22,0.66,0.26,0.44,0.3
0.34,0.28,0.22,0.03,0.05,0.62,0.46,0.78,0.38,0.86,0.1,0.12,0.3
0.34,0.18,0.06,0.03,0.01,0.55,0.32,0.78,0.22,0.86,0.12,0.01,0.44
0.42,0.18,0.03,0.02,0.01,0.55,0.22,0.62,0.22,0.58,0.06,0.1,0.18
0.1,0.3,0.0,0.0,0.0,0.3,0.1,0.6,0.0,0.7,0.0,0.3,0.2
0.42,0.34,0.18,0.22,0.0,0.33,0.24,0.62,0.55,0.38,0.12,0.28,0.16
0.0,0.35,0.05,0.1,0.0,0.25,0.1,0.75,0.25,0.2,0.1,0.3,0.25
0.2,0.3,0.2,0.0,0.1,0.2,0.3,0.6,0.0,0.2,0.0,0.3,0.1
0.05,0.32,0.02,0.18,0.0,0.22,0.06,0.28,0.22,0.62,0.03,0.0,0.02
0.62,0.18,0.02,0.05,0.0,0.22,0.12,0.58,0.28,0.32,0.06,0.12,0.08
0.18,0.42,0.22,0.12,0.18,0.28,0.26,0.62,0.34,0.78,0.22,0.16,0.08
0.0,0.62,0.18,0.42,0.34,0.12,0.22,0.55,0.38,0.78,0.22,0.44,0.02
0.22,0.12,0.0,0.0,0.0,0.18,0.0,0.62,0.0,0.55,0.0,0.18,0.12
0.22,0.24,0.0,0.28,0.0,0.18,0.12,0.62,0.34,0.22,0.12,0.12,0.0
0.22,0.28,0.18,0.0,0.0,0.12,0.14,0.62,0.0,0.26,0.0,0.12,0.1
0.18,0.34,0.12,0.0,0.0,0.22,0.08,0.62,0.38,0.3,0.22,0.28,0.06
0.22,0.34,0.18,0.0,0.0,0.12,0.24,0.62,0.0,0.46,0.12,0.38,0.06
0.05,0.55,0.0,0.0,0.0,0.12,0.08,0.75,0.0,0.35,0.0,0.6,0.0
0.12,0.72,0.22,0.05,0.28,0.34,0.18,0.78,0.22,0.3,0.2,0.82,0.06
0.12,0.62,0.22,0.55,0.08,0.34,0.38,0.72,0.22,0.58,0.18,0.1,0.28
0.12,0.72,0.46,0.22,0.34,0.78,0.74,0.86,0.18,0.58,0.62,0.44,0.1
0.12,0.22,0.18,0.0,0.14,0.34,0.28,0.32,0.55,0.0,0.12,0.38,0.08
0.02,0.78,0.22,0.34,0.18,0.36,0.28,0.62,0.46,0.88,0.18,0.06,0.04
0.12,0.62,0.34,0.08,0.38,0.44,0.22,0.78,0.3,0.72,0.28,0.36,0.26
0.12,0.62,0.38,0.55,0.08,0.58,0.46,0.72,0.66,0.64,0.12,0.06,0.34
0.02,0.62,0.22,0.1,0.06,0.34,0.24,0.78,0.1,0.3,0.18,0.36,0.2
0.05,0.62,0.06,0.18,0.08,0.34,0.22,0.58,0.46,0.72,0.06,0.38,0.2
0.42,0.34,0.1,0.0,0.0,0.22,0.18,0.78,0.0,0.55,0.08,0.32,0.2
0.62,0.08,0.06,0.0,0.0,0.12,0.05,0.72,0.12,0.22,0.0,0.12,0.08
0.62,0.12,0.18,0.0,0.0,0.22,0.14,0.78,0.22,0.12,0.16,0.18,0.28
0.12,0.28,0.06,0.02,0.22,0.22,0.3,0.62,0.02,0.42,0.14,0.0,0.12
0.12,0.72,0.28,0.62,0.22,0.55,0.34,0.78,0.38,0.74,0.12,0.26,0.22
0.32,0.22,0.12,0.0,0.0,0.18,0.14,0.62,0.0,0.55,0.08,0.48,0.18
0.62,0.28,0.08,0.12,0.05,0.34,0.22,0.66,0.22,0.3,0.06,0.18,0.06
0.42,0.38,0.12,0.05,0.14,0.18,0.16,0.62,0.12,0.34,0.1,0.16,0.08
0.34,0.52,0.18,0.03,0.12,0.46,0.28,0.78,0.02,0.44,0.22,0.38,0.26
0.62,0.18,0.12,0.0,0.0,0.34,0.22,0.58,0.28,0.06,0.04,0.26,0.24
0.22,0.24,0.18,0.02,0.06,0.34,0.28,0.72,0.18,0.62,0.14,0.08,0.26
0.72,0.18,0.12,0.0,0.04,0.18,0.14,0.62,0.34,0.46,0.22,0.02,0.2
0.34,0.32,0.02,0.01,0.01,0.08,0.05,0.62,0.1,0.18,0.03,0.58,0.12
0.22,0.12,0.0,0.0,0.0,0.12,0.18,0.42,0.22,0.55,0.0,0.0,0.18
0.42,0.34,0.03,0.02,0.04,0.1,0.12,0.62,0.18,0.28,0.06,0.3,0.16
0.42,0.34,0.28,0.0,0.0,0.18,0.12,0.78,0.0,0.3,0.06,0.18,0.16
0.18,0.62,0.55,0.0,0.38,0.22,0.34,0.72,0.12,0.28,0.05,0.58,0.22
0.18,0.34,0.32,0.12,0.02,0.22,0.14,0.62,0.02,0.28,0.04,0.72,0.1
0.34,0.22,0.02,0.0,0.0,0.28,0.12,0.62,0.0,0.48,0.02,0.58,0.26
0.62,0.18,0.06,0.0,0.0,0.12,0.12,0.78,0.0,0.34,0.0,0.28,0.08
0.42,0.12,0.06,0.0,0.0,0.12,0.08,0.62,0.12,0.28,0.0,0.22,0.18
0.42,0.18,0.08,0.0,0.0,0.22,0.12,0.62,0.22,0.28,0.0,0.0,0.18
0.62,0.28,0.03,0.05,0.22,0.18,0.04,0.72,0.34,0.46,0.1,0.0,0.3
0.12,0.22,0.1,0.0,0.0,0.34,0.08,0.62,0.0,0.3,0.0,0.0,0.1
0.34,0.46,0.08,0.32,0.0,0.12,0.06,0.62,0.08,0.34,0.06,0.18,0.22
0.05,0.55,0.22,0.12,0.06,0.28,0.3,0.62,0.02,0.22,0.18,0.3,0.12
0.22,0.38,0.12,0.06,0.24,0.18,0.1,0.72,0.1,0.34,0.06,0.18,0.16
0.18,0.42,0.03,0.12,0.02,0.34,0.1,0.3,0.46,0.72,0.06,0.02,0.1
0.62,0.18,0.06,0.0,0.0,0.08,0.12,0.72,0.34,0.16,0.08,0.12,0.06
0.12,0.62,0.06,0.18,0.0,0.22,0.12,0.58,0.34,0.55,0.08,0.0,0.0
0.0,0.62,0.18,0.22,0.08,0.22,0.12,0.34,0.46,0.78,0.12,0.18,0.12
0.55,0.12,0.05,0.0,0.0,0.18,0.06,0.62,0.0,0.48,0.08,0.22,0.2
0.03,0.62,0.08,0.12,0.02,0.48,0.22,0.55,0.18,0.88,0.1,0.06,0.05
0.12,0.62,0.08,0.22,0.06,0.34,0.1,0.58,0.3,0.78,0.1,0.22,0.18
0.12,0.62,0.03,0.28,0.06,0.22,0.08,0.72,0.34,0.66,0.18,0.58,0.06
0.62,0.03,0.0,0.0,0.0,0.12,0.08,0.55,0.72,0.06,0.0,0.06,0.0
0.55,0.32,0.22,0.02,0.03,0.12,0.1,0.62,0.58,0.18,0.28,0.3,0.16
0.06,0.62,0.12,0.22,0.08,0.24,0.18,0.72,0.28,0.66,0.18,0.34,0.22
0.34,0.46,0.08,0.18,0.04,0.22,0.12,0.62,0.28,0.72,0.3,0.18,0.4
0.12,0.58,0.1,0.22,0.04,0.34,0.08,0.72,0.18,0.36,0.1,0.1,0.14
0.18,0.42,0.03,0.02,0.02,0.14,0.06,0.62,0.18,0.72,0.18,0.22,0.2
0.34,0.22,0.06,0.0,0.0,0.22,0.12,0.62,0.12,0.38,0.06,0.12,0.18
0.12,0.62,0.34,0.02,0.0,0.38,0.28,0.44,0.22,0.78,0.18,0.0,0.06
0.12,0.34,0.18,0.02,0.01,0.22,0.16,0.42,0.1,0.62,0.1,0.04,0.06
0.0,0.62,0.12,0.28,0.06,0.34,0.22,0.58,0.46,0.86,0.38,0.0,0.12
0.18,0.14,0.06,0.0,0.0,0.34,0.18,0.62,0.22,0.72,0.22,0.38,0.2
0.12,0.18,0.03,0.02,0.03,0.62,0.18,0.72,0.12,0.88,0.22,0.03,0.2
0.12,0.42,0.18,0.06,0.02,0.48,0.34,0.62,0.18,0.88,0.36,0.1,0.22
0.12,0.62,0.34,0.46,0.12,0.52,0.38,0.58,0.44,0.86,0.42,0.18,0.22
0.34,0.18,0.12,0.0,0.0,0.62,0.28,0.72,0.0,0.92,0.46,0.0,0.38
0.12,0.22,0.18,0.02,0.01,0.34,0.16,0.62,0.18,0.78,0.28,0.08,0.1
0.12,0.34,0.22,0.08,0.02,0.46,0.28,0.62,0.3,0.72,0.38,0.58,0.22
0.12,0.58,0.22,0.06,0.02,0.34,0.1,0.78,0.1,0.86,0.52,0.46,0.4
0.22,0.34,0.18,0.06,0.02,0.28,0.24,0.62,0.02,0.78,0.22,0.02,0.26
0.22,0.34,0.08,0.06,0.02,0.18,0.2,0.62,0.18,0.72,0.18,0.2,0.26
0.12,0.55,0.08,0.32,0.22,0.22,0.18,0.62,0.18,0.78,0.22,0.12,0.18
0.05,0.28,0.12,0.0,0.0,0.22,0.18,0.72,0.08,0.62,0.18,0.42,0.08
0.12,0.34,0.28,0.02,0.03,0.22,0.3,0.62,0.02,0.78,0.42,0.26,0.08
0.12,0.32,0.1,0.06,0.02,0.34,0.28,0.62,0.0,0.7,0.08,0.18,0.3
0.12,0.62,0.1,0.7,0.02,0.34,0.22,0.78,0.1,0.88,0.58,0.02,0.18
0.34,0.52,0.18,0.46,0.06,0.33,0.28,0.72,0.14,0.66,0.22,0.1,0.3
0.62,0.12,0.06,0.0,0.0,0.08,0.22,0.78,0.18,0.0,0.0,0.28,0.34
0.34,0.62,0.22,0.55,0.28,0.36,0.24,0.72,0.46,0.78,0.12,0.22,0.3
0.18,0.62,0.14,0.05,0.08,0.22,0.16,0.78,0.06,0.72,0.28,0.24,0.26
0.22,0.38,0.12,0.02,0.04,0.18,0.26,0.62,0.06,0.78,0.34,0.06,0.3
0.18,0.42,0.22,0.08,0.06,0.2,0.18,0.72,0.12,0.78,0.18,0.02,0.46
0.0,0.55,0.1,0.0,0.0,0.15,0.05,0.35,0.45,0.75,0.15,0.0,0.0
0.0,0.55,0.25,0.0,0.0,0.35,0.25,0.75,0.0,0.25,0.35,0.6,0.0
0.22,0.62,0.18,0.06,0.04,0.34,0.2,0.72,0.28,0.3,0.04,0.58,0.22
0.42,0.38,0.12,0.02,0.0,0.22,0.08,0.28,0.18,0.62,0.22,0.0,0.02
0.56,0.34,0.12,0.02,0.03,0.22,0.18,0.78,0.32,0.24,0.1,0.3,0.2
0.34,0.22,0.08,0.0,0.0,0.28,0.24,0.72,0.46,0.12,0.08,0.14,0.22
0.12,0.48,0.06,0.0,0.0,0.18,0.08,0.62,0.08,0.55,0.22,0.78,0.06
0.0,0.55,0.12,0.0,0.0,0.62,0.38,0.72,0.05,0.58,0.0,0.62,0.0
0.02,0.52,0.58,0.03,0.1,0.62,0.28,0.78,0.42,0.3,0.05,0.02,0.22
0.0,0.55,0.0,0.35,0.0,0.12,0.0,0.45,0.35,0.45,0.0,0.35,0.18
0.62,0.18,0.12,0.0,0.0,0.34,0.22,0.78,0.18,0.12,0.12,0.22,0.16
0.12,0.62,0.08,0.18,0.06,0.55,0.22,0.78,0.34,0.72,0.18,0.74,0.1
0.18,0.06,0.0,0.0,0.0,0.0,0.0,0.12,0.0,0.0,0.0,0.0,0.0
0.12,0.72,0.34,0.46,0.22,0.28,0.3,0.78,0.44,0.86,0.42,0.18,0.1
0.12,0.72,0.55,0.38,0.18,0.52,0.46,0.78,0.62,0.86,0.34,0.02,0.28
0.06,0.62,0.22,0.18,0.24,0.28,0.3,0.78,0.22,0.7,0.44,0.02,0.2
0.62,0.38,0.12,0.18,0.02,0.34,0.22,0.78,0.0,0.58,0.18,0.0,0.16
0.12,0.62,0.28,0.22,0.08,0.34,0.18,0.58,0.3,0.72,0.26,0.06,0.1
0.12,0.48,0.34,0.32,0.06,0.3,0.28,0.62,0.14,0.58,0.3,0.16,0.06
0.0,0.62,0.12,0.38,0.0,0.56,0.22,0.58,0.44,0.86,0.0,0.0,0.06
0.12,0.48,0.06,0.34,0.22,0.3,0.14,0.42,0.28,0.18,0.02,0.04,0.1
0.03,0.62,0.06,0.55,0.22,0.48,0.28,0.72,0.22,0.58,0.06,0.02,0.26
0.02,0.62,0.18,0.55,0.06,0.22,0.2,0.72,0.18,0.42,0.22,0.55,0.18
0.42,0.34,0.08,0.0,0.0,0.46,0.28,0.72,0.0,0.18,0.0,0.62,0.22
0.22,0.55,0.38,0.05,0.18,0.52,0.58,0.78,0.02,0.48,0.1,0.03,0.2
0.05,0.78,0.32,0.48,0.12,0.46,0.34,0.62,0.22,0.86,0.44,0.1,0.18
0.12,0.72,0.06,0.78,0.08,0.34,0.22,0.62,0.58,0.74,0.1,0.02,0.28
0.0,0.78,0.22,0.74,0.34,0.42,0.36,0.62,0.46,0.58,0.08,0.52,0.24
0.0,0.72,0.28,0.05,0.0,0.42,0.34,0.78,0.02,0.18,0.06,0.92,0.08
0.05,0.78,0.32,0.0,0.08,0.34,0.42,0.62,0.0,0.22,0.0,0.86,0.18
0.05,0.78,0.22,0.02,0.08,0.34,0.46,0.72,0.0,0.0,0.06,0.88,0.52
0.12,0.78,0.34,0.72,0.06,0.32,0.28,0.74,0.38,0.3,0.1,0.42,0.26
0.0,0.78,0.18,0.72,0.12,0.62,0.28,0.66,0.58,0.86,0.22,0.12,0.34
0.02,0.72,0.18,0.78,0.34,0.46,0.22,0.62,0.58,0.86,0.06,0.01,0.18
0.03,0.72,0.55,0.12,0.28,0.34,0.3,0.78,0.12,0.82,0.18,0.32,0.18
0.62,0.22,0.18,0.24,0.0,0.28,0.26,0.72,0.34,0.58,0.04,0.06,0.14
0.22,0.62,0.34,0.28,0.12,0.55,0.3,0.72,0.38,0.78,0.36,0.18,0.26
0.34,0.46,0.22,0.38,0.06,0.44,0.24,0.62,0.48,0.78,0.32,0.1,0.28
0.62,0.18,0.03,0.02,0.02,0.12,0.06,0.72,0.18,0.1,0.1,0.12,0.1
0.12,0.78,0.52,0.38,0.18,0.34,0.22,0.74,0.28,0.86,0.32,0.26,0.3
0.34,0.62,0.66,0.28,0.08,0.3,0.22,0.72,0.12,0.78,0.44,0.1,0.26
0.05,0.62,0.55,0.18,0.08,0.34,0.22,0.78,0.38,0.72,0.44,0.3,0.16
0.12,0.62,0.22,0.28,0.08,0.34,0.24,0.72,0.18,0.78,0.26,0.06,0.2
0.42,0.18,0.12,0.0,0.28,0.14,0.12,0.72,0.38,0.22,0.12,0.0,0.12
0.62,0.28,0.18,0.06,0.02,0.22,0.24,0.78,0.72,0.2,0.18,0.34,0.22
0.34,0.42,0.08,0.06,0.02,0.22,0.12,0.78,0.06,0.18,0.26,0.18,0.44
0.0,0.78,0.62,0.28,0.05,0.46,0.34,0.72,0.44,0.86,0.32,0.06,0.04
0.22,0.38,0.02,0.32,0.01,0.34,0.18,0.42,0.28,0.62,0.03,0.18,0.06
0.34,0.42,0.12,0.18,0.02,0.46,0.33,0.62,0.3,0.72,0.06,0.01,0.05
0.18,0.62,0.18,0.22,0.14,0.55,0.28,0.58,0.34,0.72,0.1,0.22,0.08
0.12,0.62,0.22,0.38,0.06,0.55,0.28,0.58,0.74,0.86,0.22,0.18,0.2
0.62,0.22,0.12,0.0,0.0,0.28,0.14,0.58,0.06,0.34,0.18,0.0,0.06
0.62,0.12,0.08,0.0,0.0,0.22,0.18,0.55,0.28,0.18,0.0,0.02,0.06
0.18,0.34,0.18,0.06,0.12,0.42,0.36,0.78,0.22,0.24,0.2,0.16,0.14
0.12,0.62,0.08,0.72,0.1,0.34,0.18,0.66,0.58,0.7,0.06,0.1,0.14
0.42,0.34,0.08,0.1,0.02,0.3,0.22,0.62,0.18,0.55,0.14,0.16,0.2
0.32,0.62,0.03,0.55,0.02,0.28,0.18,0.72,0.58,0.74,0.22,0.02,0.1
0.34,0.46,0.08,0.22,0.03,0.44,0.28,0.62,0.3,0.58,0.18,0.1,0.14
0.22,0.24,0.28,0.0,0.0,0.24,0.18,0.72,0.34,0.18,0.06,0.18,0.22
0.22,0.18,0.14,0.0,0.0,0.24,0.18,0.42,0.28,0.18,0.12,0.22,0.16
0.62,0.28,0.08,0.18,0.0,0.44,0.36,0.72,0.06,0.34,0.06,0.16,0.12
0.02,0.78,0.22,0.32,0.03,0.18,0.1,0.62,0.55,0.88,0.08,0.3,0.06
0.42,0.34,0.03,0.06,0.01,0.24,0.08,0.72,0.18,0.46,0.06,0.33,0.12
0.22,0.48,0.12,0.18,0.03,0.34,0.1,0.62,0.3,0.55,0.28,0.1,0.14
0.18,0.72,0.08,0.55,0.06,0.22,0.2,0.62,0.34,0.78,0.12,0.3,0.22
0.55,0.25,0.05,0.0,0.0,0.18,0.22,0.75,0.05,0.12,0.12,0.45,0.28
0.62,0.08,0.03,0.0,0.0,0.22,0.12,0.78,0.0,0.03,0.02,0.34,0.18
0.12,0.72,0.18,0.08,0.02,0.22,0.2,0.62,0.28,0.88,0.34,0.3,0.16
0.18,0.72,0.22,0.68,0.06,0.34,0.28,0.62,0.66,0.58,0.22,0.64,0.14
0.18,0.22,0.06,0.0,0.04,0.24,0.18,0.78,0.14,0.62,0.22,0.12,0.16
0.78,0.22,0.06,0.0,0.0,0.18,0.12,0.86,0.06,0.28,0.14,0.26,0.22
0.62,0.14,0.06,0.0,0.0,0.22,0.18,0.78,0.0,0.08,0.18,0.34,0.12
0.78,0.12,0.02,0.0,0.0,0.22,0.18,0.62,0.02,0.08,0.18,0.22,0.06
0.62,0.08,0.06,0.0,0.0,0.18,0.14,0.78,0.0,0.22,0.06,0.12,0.12
0.12,0.62,0.08,0.22,0.06,0.22,0.18,0.78,0.34,0.86,0.38,0.22,0.28
0.0,0.28,0.12,0.0,0.0,0.12,0.14,0.62,0.02,0.38,0.55,0.12,0.06
0.0,0.55,0.05,0.25,0.35,0.45,0.25,0.55,0.35,0.75,0.05,0.25,0.0
0.42,0.38,0.18,0.0,0.22,0.24,0.28,0.72,0.22,0.3,0.16,0.34,0.26
0.0,0.55,0.25,0.0,0.1,0.75,0.65,0.85,0.1,0.8,0.0,0.35,0.25
0.34,0.46,0.52,0.02,0.18,0.3,0.44,0.72,0.22,0.38,0.1,0.18,0.16
0.34,0.32,0.22,0.12,0.08,0.18,0.14,0.62,0.28,0.38,0.06,0.18,0.44
0.62,0.28,0.34,0.22,0.0,0.46,0.38,0.72,0.06,0.44,0.12,0.08,0.52
0.78,0.18,0.22,0.0,0.12,0.34,0.28,0.62,0.46,0.44,0.08,0.06,0.22
0.34,0.22,0.12,0.0,0.0,0.55,0.18,0.72,0.12,0.48,0.28,0.0,0.62
0.34,0.28,0.12,0.0,0.0,0.22,0.08,0.62,0.0,0.18,0.12,0.72,0.58
0.62,0.12,0.06,0.0,0.0,0.22,0.18,0.58,0.42,0.18,0.06,0.0,0.46
0.78,0.12,0.05,0.0,0.0,0.18,0.08,0.62,0.0,0.08,0.06,0.22,0.55
0.62,0.34,0.18,0.12,0.22,0.28,0.24,0.72,0.06,0.18,0.22,0.1,0.46
0.62,0.22,0.34,0.0,0.28,0.12,0.26,0.58,0.22,0.24,0.08,0.0,0.66
0.62,0.28,0.18,0.02,0.0,0.12,0.14,0.72,0.12,0.18,0.02,0.0,0.66
0.78,0.22,0.34,0.0,0.0,0.42,0.18,0.62,0.12,0.18,0.04,0.1,0.66
0.18,0.42,0.02,0.0,0.0,0.22,0.18,0.62,0.06,0.72,0.04,0.0,0.04
0.32,0.28,0.03,0.18,0.02,0.34,0.22,0.62,0.18,0.78,0.1,0.14,0.2
0.22,0.18,0.08,0.06,0.03,0.24,0.14,0.78,0.0,0.12,0.04,0.22,0.12
0.22,0.28,0.03,0.06,0.04,0.34,0.12,0.48,0.42,0.72,0.1,0.02,0.18
0.02,0.48,0.12,0.22,0.03,0.22,0.18,0.72,0.18,0.78,0.42,0.06,0.04
0.72,0.0,0.0,0.0,0.0,0.06,0.0,0.22,0.0,0.12,0.0,0.0,0.0
0.22,0.28,0.12,0.08,0.0,0.34,0.18,0.72,0.12,0.42,0.38,0.18,0.16
0.42,0.12,0.06,0.03,0.0,0.18,0.22,0.55,0.02,0.14,0.02,0.0,0.02
0.12,0.42,0.1,0.34,0.0,0.46,0.28,0.62,0.12,0.86,0.44,0.0,0.18
0.12,0.46,0.34,0.18,0.22,0.33,0.52,0.78,0.14,0.74,0.48,0.04,0.1
0.1,0.6,0.0,0.7,0.0,0.2,0.0,0.6,0.0,0.3,0.0,0.1,0.1
0.32,0.28,0.05,0.0,0.0,0.12,0.08,0.62,0.22,0.72,0.03,0.0,0.18
0.34,0.22,0.12,0.0,0.0,0.33,0.28,0.62,0.18,0.78,0.06,0.18,0.22
0.18,0.14,0.16,0.0,0.12,0.22,0.24,0.62,0.34,0.58,0.08,0.0,0.18
0.55,0.12,0.06,0.0,0.0,0.34,0.18,0.78,0.42,0.22,0.14,0.08,0.06
0.05,0.62,0.38,0.22,0.06,0.18,0.24,0.78,0.34,0.72,0.18,0.66,0.14
0.12,0.46,0.28,0.06,0.18,0.34,0.3,0.72,0.26,0.78,0.18,0.74,0.16
0.18,0.42,0.22,0.03,0.02,0.22,0.18,0.62,0.72,0.06,0.34,0.22,0.06
0.02,0.48,0.1,0.02,0.03,0.42,0.34,0.78,0.3,0.86,0.18,0.44,0.16
0.12,0.48,0.08,0.22,0.28,0.46,0.18,0.62,0.34,0.78,0.22,0.02,0.06
0.12,0.55,0.38,0.02,0.06,0.42,0.28,0.62,0.22,0.78,0.18,0.1,0.16
0.35,0.45,0.25,0.0,0.0,0.35,0.05,0.65,0.25,0.85,0.05,0.0,0.15
0.0,0.34,0.02,0.18,0.06,0.22,0.08,0.62,0.38,0.86,0.22,0.0,0.12
0.18,0.34,0.22,0.06,0.03,0.33,0.28,0.72,0.32,0.62,0.18,0.46,0.24
0.34,0.22,0.08,0.01,0.01,0.3,0.24,0.78,0.22,0.26,0.06,0.24,0.18
0.0,0.62,0.08,0.28,0.0,0.34,0.18,0.72,0.55,0.86,0.32,0.22,0.06
0.12,0.38,0.22,0.06,0.02,0.34,0.3,0.42,0.18,0.78,0.22,0.0,0.2
0.34,0.22,0.28,0.02,0.01,0.55,0.46,0.62,0.01,0.58,0.18,0.26,0.24
0.32,0.62,0.18,0.05,0.08,0.46,0.34,0.72,0.1,0.78,0.22,0.36,0.4
0.42,0.28,0.33,0.0,0.0,0.34,0.3,0.78,0.0,0.62,0.08,0.22,0.24
0.62,0.22,0.18,0.0,0.0,0.46,0.24,0.72,0.44,0.34,0.12,0.12,0.28
0.34,0.28,0.22,0.0,0.0,0.33,0.26,0.78,0.22,0.24,0.05,0.3,0.18
0.22,0.48,0.24,0.02,0.03,0.34,0.33,0.72,0.02,0.78,0.32,0.22,0.28
0.12,0.55,0.42,0.0,0.0,0.48,0.38,0.72,0.08,0.62,0.18,0.44,0.22
0.22,0.55,0.32,0.03,0.02,0.46,0.34,0.62,0.18,0.58,0.28,0.42,0.24
0.34,0.62,0.33,0.24,0.05,0.46,0.28,0.72,0.22,0.66,0.3,0.44,0.48
0.18,0.62,0.22,0.03,0.04,0.46,0.28,0.78,0.02,0.86,0.44,0.22,0.52
0.62,0.12,0.03,0.0,0.0,0.34,0.06,0.78,0.22,0.28,0.03,0.08,0.26
0.22,0.08,0.04,0.0,0.0,0.28,0.12,0.62,0.18,0.22,0.03,0.24,0.34
0.22,0.38,0.18,0.02,0.03,0.34,0.26,0.62,0.01,0.78,0.22,0.1,0.44
0.0,0.55,0.6,0.35,0.0,0.1,0.05,0.25,0.35,0.3,0.0,0.0,0.0
0.08,0.62,0.06,0.12,0.38,0.18,0.22,0.86,0.18,0.34,0.1,0.3,0.44
0.12,0.62,0.1,0.28,0.44,0.18,0.22,0.66,0.34,0.3,0.1,0.38,0.14
0.45,0.18,0.03,0.0,0.08,0.12,0.0,0.55,0.0,0.12,0.0,0.0,0.12
0.22,0.34,0.18,0.0,0.0,0.12,0.24,0.78,0.0,0.22,0.08,0.42,0.12
0.18,0.62,0.12,0.38,0.44,0.22,0.24,0.78,0.34,0.66,0.1,0.22,0.2
0.05,0.55,0.05,0.0,0.65,0.12,0.08,0.75,0.0,0.05,0.0,0.25,0.0
0.12,0.48,0.03,0.08,0.32,0.1,0.18,0.62,0.22,0.18,0.06,0.02,0.2
0.08,0.78,0.12,0.62,0.22,0.12,0.18,0.72,0.48,0.58,0.18,0.1,0.22
0.22,0.34,0.03,0.1,0.18,0.12,0.2,0.62,0.22,0.18,0.02,0.06,0.2
0.05,0.62,0.18,0.12,0.48,0.12,0.22,0.78,0.0,0.42,0.08,0.0,0.18
0.12,0.72,0.18,0.78,0.05,0.34,0.22,0.62,0.28,0.86,0.38,0.06,0.2
0.0,0.72,0.06,0.62,0.48,0.34,0.44,0.66,0.38,0.58,0.12,0.0,0.0
0.12,0.62,0.08,0.55,0.02,0.18,0.1,0.72,0.28,0.58,0.1,0.12,0.14
0.12,0.38,0.03,0.1,0.02,0.18,0.22,0.62,0.22,0.72,0.06,0.14,0.06
0.35,0.12,0.0,0.08,0.05,0.06,0.18,0.62,0.0,0.22,0.0,0.12,0.0
0.22,0.18,0.03,0.04,0.02,0.28,0.3,0.62,0.18,0.55,0.06,0.16,0.12
0.22,0.62,0.08,0.28,0.02,0.18,0.2,0.78,0.22,0.55,0.22,0.7,0.18
0.12,0.62,0.1,0.18,0.06,0.18,0.22,0.78,0.18,0.55,0.1,0.72,0.1
0.34,0.22,0.02,0.18,0.0,0.18,0.16,0.72,0.22,0.62,0.12,0.26,0.14
0.0,0.35,0.12,0.0,0.0,0.12,0.32,0.85,0.0,0.0,0.0,0.65,0.08
0.0,0.62,0.02,0.03,0.05,0.12,0.0,0.78,0.05,0.72,0.22,0.7,0.18
0.12,0.08,0.1,0.0,0.0,0.06,0.05,0.62,0.04,0.28,0.1,0.12,0.06
0.0,0.62,0.05,0.03,0.28,0.18,0.06,0.78,0.06,0.55,0.34,0.52,0.22
0.62,0.28,0.05,0.0,0.0,0.34,0.18,0.72,0.18,0.55,0.08,0.42,0.36
0.62,0.22,0.06,0.0,0.14,0.18,0.12,0.78,0.18,0.46,0.06,0.28,0.22
0.62,0.18,0.12,0.0,0.14,0.22,0.24,0.78,0.0,0.34,0.0,0.16,0.18
0.32,0.18,0.06,0.0,0.0,0.22,0.12,0.62,0.22,0.2,0.04,0.18,0.1
0.62,0.0,0.0,0.0,0.0,0.06,0.02,0.48,0.08,0.0,0.0,0.06,0.12
0.42,0.22,0.06,0.0,0.18,0.24,0.08,0.62,0.0,0.28,0.04,0.34,0.18
0.62,0.18,0.02,0.0,0.06,0.22,0.06,0.72,0.02,0.28,0.0,0.34,0.18
0.18,0.28,0.12,0.0,0.06,0.12,0.08,0.72,0.0,0.22,0.12,0.42,0.18
0.62,0.05,0.02,0.0,0.0,0.12,0.03,0.55,0.22,0.0,0.0,0.0,0.0
0.42,0.18,0.03,0.0,0.0,0.06,0.04,0.62,0.38,0.08,0.02,0.22,0.12
0.62,0.12,0.08,0.0,0.0,0.14,0.05,0.58,0.06,0.28,0.04,0.22,0.12
0.62,0.12,0.18,0.0,0.0,0.14,0.06,0.72,0.04,0.28,0.06,0.04,0.22
0.62,0.22,0.18,0.0,0.0,0.18,0.22,0.72,0.18,0.55,0.0,0.32,0.22
0.0,0.12,0.0,0.0,0.0,0.22,0.28,0.18,0.0,0.0,0.0,0.0,0.0
0.0,0.78,0.08,0.05,0.06,0.34,0.18,0.62,0.12,0.86,0.72,0.22,0.02
0.22,0.34,0.02,0.0,0.0,0.18,0.06,0.62,0.0,0.18,0.06,0.16,0.08
0.32,0.18,0.02,0.0,0.0,0.22,0.28,0.34,0.22,0.12,0.0,0.0,0.0
0.22,0.34,0.18,0.03,0.0,0.28,0.26,0.72,0.0,0.22,0.04,0.22,0.06
0.05,0.22,0.03,0.02,0.0,0.28,0.34,0.62,0.12,0.55,0.06,0.0,0.18
0.22,0.34,0.03,0.0,0.02,0.32,0.28,0.62,0.18,0.16,0.02,0.38,0.04
0.0,0.78,0.02,0.32,0.22,0.28,0.18,0.62,0.18,0.72,0.34,0.26,0.0
0.22,0.28,0.03,0.0,0.0,0.34,0.52,0.62,0.0,0.46,0.0,0.0,0.08
0.32,0.38,0.03,0.0,0.0,0.34,0.28,0.62,0.0,0.36,0.02,0.22,0.06
0.05,0.62,0.12,0.03,0.02,0.48,0.44,0.58,0.12,0.78,0.28,0.22,0.14
0.0,0.62,0.0,0.0,0.0,0.22,0.12,0.55,0.0,0.05,0.18,0.9,0.0
0.0,0.35,0.05,0.0,0.0,0.35,0.45,0.6,0.0,0.15,0.35,0.0,0.0
0.02,0.62,0.05,0.0,0.0,0.22,0.18,0.55,0.0,0.48,0.18,0.22,0.0
0.0,0.55,0.12,0.18,0.0,0.42,0.48,0.62,0.0,0.18,0.38,0.0,0.22
0.34,0.18,0.42,0.0,0.0,0.46,0.38,0.62,0.0,0.44,0.22,0.0,0.36
0.12,0.38,0.22,0.02,0.06,0.24,0.3,0.72,0.0,0.42,0.22,0.34,0.1
0.24,0.18,0.14,0.06,0.0,0.34,0.22,0.62,0.0,0.38,0.18,0.04,0.16
0.0,0.62,0.34,0.08,0.06,0.22,0.18,0.78,0.02,0.12,0.28,0.46,0.1
0.12,0.62,0.48,0.1,0.06,0.55,0.58,0.72,0.1,0.06,0.22,0.34,0.2
0.18,0.34,0.28,0.02,0.03,0.33,0.42,0.62,0.1,0.22,0.12,0.3,0.16
0.32,0.22,0.34,0.0,0.0,0.28,0.42,0.62,0.12,0.26,0.24,0.06,0.18
0.12,0.18,0.22,0.0,0.0,0.18,0.24,0.62,0.06,0.78,0.72,0.14,0.22
0.12,0.22,0.34,0.0,0.0,0.46,0.38,0.62,0.0,0.78,0.66,0.0,0.28
0.12,0.34,0.22,0.03,0.05,0.28,0.3,0.62,0.14,0.86,0.78,0.08,0.1
0.12,0.34,0.06,0.0,0.12,0.12,0.05,0.78,0.0,0.08,0.12,0.42,0.22
0.32,0.12,0.0,0.0,0.0,0.22,0.18,0.62,0.0,0.12,0.0,0.0,0.28
0.22,0.34,0.24,0.03,0.06,0.33,0.28,0.62,0.01,0.78,0.66,0.02,0.26
0.12,0.42,0.34,0.18,0.02,0.38,0.3,0.62,0.1,0.22,0.26,0.0,0.04
0.03,0.42,0.22,0.05,0.04,0.34,0.28,0.62,0.06,0.18,0.12,0.72,0.18
0.0,0.35,0.45,0.0,0.0,0.12,0.08,0.55,0.25,0.55,0.0,0.0,0.0
0.0,0.78,0.02,0.72,0.12,0.12,0.03,0.62,0.34,0.48,0.1,0.28,0.02
0.0,0.78,0.08,0.22,0.32,0.34,0.12,0.62,0.18,0.86,0.06,0.28,0.02
0.0,0.22,0.06,0.0,0.0,0.18,0.12,0.28,0.0,0.34,0.0,0.0,0.0
0.05,0.18,0.06,0.0,0.0,0.22,0.12,0.62,0.0,0.72,0.05,0.0,0.0
0.0,0.62,0.08,0.28,0.0,0.22,0.12,0.34,0.46,0.78,0.12,0.0,0.18
0.12,0.34,0.03,0.01,0.18,0.18,0.1,0.62,0.1,0.78,0.18,0.7,0.04
0.0,0.85,0.05,0.1,0.0,0.35,0.1,0.55,0.25,0.9,0.15,0.05,0.0
0.05,0.22,0.02,0.01,0.01,0.12,0.1,0.62,0.1,0.55,0.08,0.28,0.03
0.0,0.12,0.0,0.0,0.0,0.08,0.12,0.62,0.0,0.72,0.0,0.0,0.0
0.22,0.12,0.02,0.0,0.06,0.18,0.14,0.34,0.0,0.38,0.0,0.0,0.08
0.05,0.18,0.0,0.0,0.0,0.22,0.08,0.32,0.0,0.78,0.0,0.12,0.0
0.0,0.78,0.12,0.08,0.55,0.42,0.18,0.62,0.22,0.86,0.08,0.0,0.0
0.0,0.78,0.12,0.0,0.0,0.62,0.18,0.72,0.12,0.66,0.08,0.34,0.0
0.0,0.62,0.02,0.0,0.48,0.12,0.06,0.72,0.08,0.22,0.02,0.34,0.0
0.34,0.36,0.52,0.0,0.0,0.46,0.44,0.62,0.22,0.66,0.14,0.0,0.12
0.42,0.24,0.22,0.0,0.0,0.33,0.28,0.62,0.46,0.78,0.26,0.34,0.18
0.42,0.48,0.28,0.02,0.06,0.44,0.3,0.72,0.55,0.62,0.18,0.46,0.26
0.62,0.28,0.22,0.0,0.03,0.24,0.18,0.72,0.46,0.06,0.05,0.44,0.26
0.12,0.55,0.22,0.03,0.28,0.34,0.42,0.78,0.3,0.18,0.14,0.72,0.16
0.22,0.38,0.18,0.03,0.04,0.46,0.34,0.62,0.55,0.24,0.2,0.33,0.26
0.12,0.42,0.18,0.03,0.06,0.34,0.22,0.78,0.22,0.62,0.28,0.3,0.24
0.34,0.46,0.28,0.02,0.12,0.33,0.3,0.78,0.22,0.62,0.24,0.55,0.32
0.22,0.34,0.18,0.05,0.12,0.55,0.42,0.62,0.38,0.72,0.18,0.28,0.26
0.34,0.46,0.28,0.12,0.08,0.62,0.55,0.78,0.58,0.82,0.18,0.42,0.5
0.22,0.58,0.18,0.0,0.06,0.34,0.28,0.86,0.22,0.42,0.12,0.74,0.34
0.22,0.38,0.18,0.06,0.12,0.55,0.48,0.78,0.22,0.14,0.1,0.26,0.2
0.42,0.48,0.08,0.0,0.0,0.34,0.18,0.32,0.28,0.85,0.38,0.12,0.08
0.05,0.32,0.12,0.02,0.1,0.48,0.22,0.78,0.08,0.62,0.34,0.28,0.1
0.62,0.08,0.05,0.0,0.12,0.55,0.48,0.72,0.12,0.08,0.06,0.02,0.18
0.0,0.62,0.46,0.12,0.0,0.44,0.38,0.58,0.52,0.86,0.12,0.34,0.06
0.34,0.33,0.03,0.1,0.18,0.46,0.22,0.78,0.22,0.36,0.12,0.3,0.18
0.34,0.46,0.22,0.33,0.03,0.3,0.24,0.62,0.38,0.78,0.18,0.24,0.2
0.62,0.22,0.08,0.0,0.0,0.18,0.14,0.72,0.22,0.08,0.0,0.58,0.18
0.22,0.34,0.18,0.02,0.12,0.3,0.1,0.78,0.0,0.42,0.14,0.06,0.26
0.22,0.38,0.12,0.02,0.08,0.24,0.18,0.72,0.18,0.88,0.62,0.28,0.34
0.12,0.62,0.18,0.55,0.08,0.46,0.34,0.58,0.52,0.72,0.22,0.28,0.2
0.34,0.42,0.06,0.55,0.0,0.28,0.22,0.62,0.46,0.72,0.08,0.0,0.26
0.06,0.62,0.58,0.0,0.44,0.46,0.34,0.78,0.0,0.06,0.08,0.66,0.22
0.46,0.44,0.12,0.0,0.06,0.34,0.28,0.78,0.1,0.42,0.1,0.72,0.34
0.33,0.34,0.12,0.0,0.0,0.32,0.28,0.78,0.02,0.18,0.03,0.62,0.36
0.22,0.38,0.18,0.12,0.02,0.24,0.2,0.62,0.28,0.18,0.1,0.7,0.3
0.42,0.28,0.24,0.06,0.02,0.22,0.14,0.62,0.18,0.72,0.12,0.2,0.34
0.22,0.34,0.03,0.06,0.02,0.46,0.24,0.78,0.18,0.44,0.14,0.52,0.36
0.42,0.38,0.06,0.0,0.0,0.62,0.34,0.78,0.02,0.04,0.0,0.22,0.08
0.78,0.06,0.0,0.0,0.0,0.22,0.06,0.72,0.22,0.48,0.0,0.0,0.18
0.62,0.12,0.08,0.0,0.0,0.34,0.22,0.78,0.66,0.28,0.12,0.06,0.18
0.62,0.08,0.06,0.0,0.0,0.22,0.06,0.55,0.58,0.0,0.05,0.08,0.04
0.55,0.22,0.08,0.0,0.0,0.28,0.18,0.72,0.32,0.06,0.05,0.26,0.24
0.42,0.08,0.06,0.0,0.0,0.22,0.18,0.62,0.12,0.0,0.04,0.14,0.16
0.62,0.18,0.22,0.0,0.0,0.34,0.28,0.72,0.22,0.06,0.14,0.22,0.24
0.34,0.28,0.06,0.0,0.03,0.42,0.18,0.78,0.12,0.22,0.16,0.55,0.24
0.12,0.08,0.06,0.0,0.0,0.55,0.38,0.62,0.18,0.52,0.22,0.28,0.12
0.18,0.22,0.03,0.0,0.0,0.24,0.12,0.55,0.22,0.34,0.18,0.12,0.08
0.22,0.14,0.06,0.0,0.0,0.28,0.18,0.62,0.0,0.0,0.04,0.06,0.12
0.42,0.08,0.12,0.0,0.06,0.18,0.28,0.62,0.0,0.0,0.0,0.06,0.04
0.12,0.18,0.1,0.12,0.0,0.22,0.12,0.62,0.28,0.48,0.18,0.0,0.08
0.18,0.22,0.12,0.0,0.0,0.34,0.38,0.62,0.24,0.58,0.18,0.16,0.22
0.35,0.1,0.12,0.0,0.0,0.32,0.22,0.72,0.22,0.55,0.28,0.0,0.08
0.55,0.55,0.12,0.05,0.0,0.32,0.12,0.62,0.22,0.72,0.08,0.12,0.48
0.12,0.42,0.08,0.0,0.0,0.22,0.06,0.62,0.08,0.78,0.55,0.0,0.18
0.78,0.14,0.02,0.12,0.0,0.34,0.08,0.62,0.12,0.18,0.1,0.1,0.16
0.72,0.22,0.02,0.28,0.0,0.18,0.06,0.62,0.42,0.22,0.06,0.02,0.26
0.32,0.34,0.18,0.02,0.03,0.3,0.06,0.78,0.18,0.72,0.55,0.38,0.42
0.05,0.42,0.12,0.02,0.03,0.28,0.18,0.72,0.01,0.88,0.62,0.22,0.34
0.34,0.32,0.22,0.03,0.02,0.55,0.18,0.78,0.02,0.86,0.48,0.18,0.52
0.22,0.48,0.18,0.03,0.2,0.24,0.14,0.78,0.04,0.82,0.62,0.06,0.34
0.62,0.22,0.08,0.0,0.0,0.34,0.12,0.72,0.22,0.55,0.28,0.18,0.26
0.34,0.22,0.18,0.02,0.05,0.33,0.2,0.72,0.01,0.24,0.1,0.2,0.38
0.62,0.18,0.22,0.0,0.0,0.24,0.12,0.78,0.12,0.28,0.14,0.22,0.34
0.12,0.28,0.03,0.02,0.01,0.22,0.06,0.78,0.0,0.86,0.72,0.18,0.34
0.34,0.62,0.22,0.08,0.12,0.28,0.18,0.72,0.02,0.86,0.74,0.06,0.44
0.18,0.62,0.12,0.22,0.06,0.28,0.1,0.72,0.18,0.88,0.34,0.04,0.3
0.34,0.22,0.24,0.0,0.0,0.28,0.18,0.62,0.0,0.78,0.56,0.0,0.44
0.22,0.62,0.38,0.06,0.0,0.55,0.24,0.72,0.06,0.58,0.18,0.0,0.26
0.12,0.62,0.28,0.18,0.22,0.46,0.22,0.78,0.22,0.86,0.34,0.26,0.14
0.42,0.18,0.06,0.0,0.12,0.34,0.22,0.62,0.28,0.78,0.08,0.16,0.12
0.55,0.18,0.22,0.0,0.0,0.42,0.28,0.62,0.18,0.38,0.26,0.14,0.22
0.18,0.12,0.08,0.0,0.0,0.34,0.22,0.62,0.22,0.78,0.28,0.0,0.06
0.22,0.28,0.12,0.06,0.0,0.55,0.24,0.62,0.26,0.78,0.34,0.08,0.18
0.34,0.22,0.18,0.06,0.0,0.22,0.14,0.62,0.22,0.78,0.04,0.0,0.06
0.62,0.18,0.12,0.0,0.0,0.34,0.16,0.78,0.08,0.86,0.32,0.08,0.22
0.55,0.28,0.18,0.03,0.02,0.34,0.22,0.62,0.3,0.58,0.2,0.04,0.12
0.78,0.06,0.0,0.0,0.0,0.22,0.06,0.34,0.28,0.18,0.04,0.0,0.06
0.78,0.18,0.22,0.0,0.0,0.34,0.28,0.62,0.06,0.22,0.12,0.06,0.08
0.18,0.34,0.22,0.03,0.02,0.3,0.2,0.62,0.18,0.78,0.36,0.2,0.12
0.34,0.12,0.28,0.06,0.0,0.22,0.18,0.62,0.22,0.38,0.12,0.06,0.16
0.34,0.18,0.22,0.06,0.0,0.33,0.18,0.62,0.22,0.78,0.12,0.03,0.16
0.12,0.28,0.22,0.02,0.03,0.3,0.24,0.55,0.22,0.34,0.1,0.03,0.08
0.34,0.32,0.06,0.12,0.0,0.55,0.18,0.62,0.48,0.78,0.12,0.0,0.22
0.42,0.28,0.18,0.12,0.0,0.34,0.22,0.62,0.26,0.72,0.18,0.14,0.16
0.42,0.12,0.1,0.0,0.0,0.18,0.14,0.78,0.0,0.12,0.1,0.28,0.08
0.18,0.22,0.06,0.0,0.24,0.22,0.12,0.62,0.06,0.08,0.06,0.28,0.08
0.42,0.18,0.08,0.02,0.01,0.34,0.22,0.62,0.03,0.58,0.22,0.01,0.2
0.62,0.34,0.05,0.08,0.02,0.46,0.22,0.78,0.28,0.55,0.18,0.42,0.24
0.22,0.28,0.03,0.08,0.02,0.24,0.06,0.62,0.18,0.72,0.14,0.02,0.1
0.12,0.62,0.18,0.22,0.28,0.24,0.2,0.72,0.34,0.78,0.3,0.44,0.16
0.34,0.42,0.12,0.28,0.05,0.18,0.22,0.78,0.3,0.55,0.18,0.32,0.24
0.62,0.08,0.02,0.0,0.0,0.22,0.18,0.9,0.06,0.0,0.12,0.12,0.14
0.34,0.18,0.12,0.0,0.16,0.22,0.24,0.78,0.0,0.06,0.08,0.22,0.12
0.12,0.62,0.18,0.55,0.22,0.44,0.34,0.78,0.06,0.72,0.46,0.48,0.28
0.12,0.62,0.18,0.22,0.28,0.34,0.24,0.78,0.1,0.72,0.46,0.38,0.14
0.62,0.22,0.1,0.0,0.0,0.18,0.34,0.58,0.06,0.44,0.1,0.04,0.12
0.22,0.55,0.12,0.02,0.38,0.28,0.18,0.78,0.08,0.32,0.1,0.42,0.2
0.0,0.12,0.0,0.0,0.0,0.22,0.18,0.12,0.12,0.22,0.12,0.0,0.0
0.12,0.18,0.05,0.02,0.0,0.34,0.22,0.42,0.18,0.78,0.14,0.08,0.12
0.18,0.34,0.06,0.0,0.04,0.22,0.12,0.62,0.0,0.48,0.06,0.32,0.22
0.0,0.55,0.12,0.0,0.12,0.45,0.22,0.6,0.0,0.35,0.0,0.7,0.0
0.12,0.55,0.12,0.18,0.06,0.34,0.22,0.48,0.3,0.78,0.22,0.18,0.16
0.12,0.38,0.12,0.02,0.06,0.34,0.28,0.42,0.1,0.62,0.1,0.18,0.06
0.34,0.28,0.05,0.1,0.02,0.3,0.42,0.78,0.22,0.7,0.05,0.18,0.2
0.12,0.38,0.08,0.03,0.1,0.42,0.34,0.62,0.22,0.48,0.04,0.2,0.26
0.55,0.18,0.12,0.0,0.0,0.22,0.18,0.62,0.0,0.28,0.08,0.22,0.32
0.1,0.1,0.0,0.0,0.0,0.2,0.1,0.7,0.0,0.3,0.0,0.6,0.0
0.0,0.1,0.0,0.0,0.0,0.2,0.1,0.3,0.0,0.8,0.0,0.0,0.0
0.12,0.62,0.08,0.34,0.06,0.3,0.1,0.58,0.38,0.78,0.22,0.22,0.18
0.05,0.18,0.02,0.03,0.0,0.34,0.12,0.22,0.28,0.62,0.0,0.0,0.03
0.18,0.22,0.02,0.0,0.0,0.34,0.24,0.42,0.18,0.62,0.02,0.0,0.06
0.0,0.2,0.0,0.0,0.0,0.1,0.0,0.6,0.0,0.2,0.0,0.7,0.1
0.22,0.12,0.03,0.0,0.0,0.18,0.12,0.62,0.0,0.55,0.22,0.12,0.06
0.12,0.18,0.06,0.0,0.0,0.12,0.18,0.9,0.12,0.0,0.12,0.32,0.22
0.0,0.62,0.34,0.46,0.0,0.22,0.18,0.78,0.0,0.12,0.28,0.55,0.24
0.1,0.2,0.0,0.0,0.0,0.4,0.3,0.7,0.0,0.4,0.1,0.7,0.3
0.34,0.06,0.08,0.0,0.0,0.12,0.14,0.62,0.12,0.38,0.06,0.22,0.12
0.62,0.12,0.06,0.0,0.0,0.28,0.34,0.52,0.06,0.48,0.08,0.18,0.14
0.34,0.12,0.08,0.03,0.0,0.18,0.12,0.62,0.38,0.28,0.14,0.0,0.06
0.22,0.14,0.18,0.03,0.04,0.24,0.2,0.46,0.2,0.34,0.08,0.06,0.06
0.32,0.22,0.08,0.0,0.0,0.18,0.14,0.72,0.18,0.48,0.06,0.26,0.12
0.12,0.0,0.0,0.0,0.0,0.34,0.18,0.62,0.0,0.08,0.0,0.12,0.22
0.34,0.22,0.06,0.18,0.02,0.3,0.24,0.62,0.22,0.58,0.06,0.01,0.18
0.32,0.18,0.22,0.06,0.0,0.34,0.28,0.62,0.18,0.58,0.22,0.0,0.16
0.05,0.18,0.12,0.06,0.02,0.22,0.28,0.72,0.06,0.55,0.04,0.32,0.06
0.32,0.22,0.08,0.12,0.0,0.34,0.28,0.62,0.12,0.72,0.18,0.0,0.14
0.12,0.62,0.34,0.28,0.22,0.46,0.3,0.72,0.34,0.78,0.18,0.16,0.1
0.34,0.28,0.22,0.06,0.02,0.33,0.3,0.78,0.06,0.86,0.18,0.12,0.14
0.22,0.18,0.24,0.0,0.0,0.34,0.42,0.78,0.0,0.12,0.06,0.22,0.18
0.08,0.42,0.28,0.22,0.02,0.55,0.48,0.78,0.18,0.82,0.22,0.32,0.26
0.34,0.52,0.46,0.12,0.28,0.44,0.38,0.72,0.22,0.78,0.26,0.18,0.3
0.42,0.34,0.28,0.0,0.06,0.46,0.38,0.78,0.22,0.62,0.22,0.44,0.36
0.18,0.62,0.22,0.38,0.05,0.44,0.28,0.72,0.55,0.42,0.18,0.1,0.16
0.62,0.22,0.08,0.03,0.0,0.24,0.18,0.72,0.0,0.34,0.12,0.06,0.2
0.22,0.18,0.03,0.0,0.04,0.18,0.24,0.78,0.0,0.02,0.06,0.34,0.12
0.42,0.28,0.18,0.0,0.0,0.22,0.24,0.78,0.0,0.26,0.06,0.34,0.18
0.12,0.78,0.62,0.46,0.18,0.58,0.44,0.86,0.34,0.82,0.22,0.2,0.18
0.03,0.72,0.68,0.06,0.22,0.34,0.38,0.86,0.1,0.88,0.44,0.36,0.06
0.18,0.72,0.46,0.06,0.34,0.3,0.28,0.86,0.04,0.78,0.44,0.32,0.22
0.34,0.42,0.38,0.02,0.03,0.22,0.28,0.72,0.18,0.26,0.12,0.44,0.3
0.12,0.28,0.08,0.06,0.18,0.52,0.46,0.78,0.18,0.14,0.22,0.12,0.16
0.22,0.62,0.18,0.05,0.06,0.55,0.28,0.72,0.22,0.78,0.12,0.04,0.34
0.12,0.62,0.08,0.28,0.22,0.3,0.06,0.78,0.18,0.0,0.06,0.55,0.22
0.0,0.78,0.22,0.0,0.32,0.24,0.18,0.86,0.18,0.12,0.18,0.92,0.12
0.18,0.62,0.55,0.22,0.12,0.34,0.46,0.72,0.58,0.02,0.1,0.52,0.24
0.22,0.58,0.46,0.44,0.06,0.62,0.38,0.72,0.34,0.78,0.24,0.3,0.36
0.06,0.72,0.18,0.62,0.08,0.66,0.22,0.78,0.34,0.86,0.32,0.28,0.18
0.42,0.55,0.28,0.08,0.12,0.34,0.3,0.78,0.3,0.62,0.32,0.58,0.26
0.34,0.3,0.18,0.22,0.03,0.3,0.16,0.78,0.42,0.28,0.1,0.22,0.12
0.62,0.12,0.18,0.0,0.0,0.22,0.14,0.58,0.34,0.28,0.12,0.22,0.2
0.12,0.22,0.14,0.18,0.02,0.55,0.24,0.62,0.38,0.88,0.1,0.08,0.2
0.34,0.22,0.18,0.03,0.02,0.55,0.32,0.62,0.28,0.86,0.38,0.08,0.3
0.62,0.18,0.22,0.0,0.0,0.46,0.18,0.72,0.34,0.86,0.18,0.04,0.22
0.12,0.62,0.05,0.78,0.03,0.52,0.18,0.74,0.58,0.86,0.34,0.48,0.16
0.0,0.62,0.28,0.05,0.06,0.44,0.33,0.72,0.22,0.78,0.34,0.55,0.06
0.22,0.48,0.28,0.12,0.18,0.52,0.24,0.62,0.34,0.78,0.56,0.18,0.22
0.05,0.55,0.0,0.35,0.0,0.15,0.1,0.35,0.3,0.35,0.15,0.0,0.0
0.82,0.08,0.0,0.0,0.0,0.12,0.14,0.62,0.28,0.55,0.06,0.22,0.18
0.32,0.28,0.06,0.0,0.08,0.22,0.18,0.62,0.18,0.55,0.06,0.48,0.06
0.62,0.08,0.03,0.01,0.0,0.18,0.14,0.55,0.28,0.46,0.02,0.0,0.12
0.78,0.08,0.02,0.0,0.0,0.22,0.18,0.62,0.0,0.55,0.05,0.0,0.22
0.62,0.18,0.12,0.0,0.0,0.22,0.08,0.72,0.08,0.78,0.12,0.22,0.18
0.72,0.08,0.0,0.0,0.0,0.12,0.06,0.62,0.48,0.18,0.06,0.22,0.14
0.52,0.22,0.06,0.05,0.02,0.24,0.2,0.62,0.02,0.58,0.06,0.14,0.12
0.72,0.06,0.04,0.0,0.0,0.22,0.18,0.62,0.12,0.48,0.04,0.22,0.12
0.62,0.12,0.22,0.0,0.0,0.28,0.24,0.58,0.14,0.46,0.04,0.0,0.12
0.55,0.18,0.02,0.0,0.0,0.22,0.12,0.62,0.18,0.58,0.18,0.32,0.06
0.05,0.28,0.22,0.0,0.0,0.22,0.18,0.62,0.12,0.72,0.05,0.42,0.03
0.22,0.18,0.12,0.0,0.08,0.24,0.14,0.62,0.18,0.78,0.04,0.0,0.12
0.34,0.18,0.06,0.0,0.0,0.22,0.12,0.62,0.12,0.3,0.14,0.0,0.08
0.42,0.12,0.03,0.0,0.0,0.18,0.22,0.62,0.05,0.55,0.18,0.0,0.22
0.78,0.18,0.12,0.0,0.22,0.34,0.24,0.62,0.58,0.52,0.08,0.14,0.46
0.62,0.12,0.08,0.0,0.0,0.18,0.22,0.78,0.22,0.55,0.12,0.0,0.28
0.22,0.34,0.12,0.08,0.28,0.18,0.26,0.62,0.22,0.3,0.14,0.06,0.18
0.42,0.12,0.14,0.08,0.0,0.18,0.22,0.62,0.08,0.28,0.02,0.06,0.16
0.22,0.38,0.12,0.08,0.06,0.18,0.2,0.72,0.34,0.78,0.1,0.24,0.26
0.62,0.18,0.06,0.0,0.0,0.22,0.12,0.78,0.28,0.12,0.04,0.22,0.18
0.22,0.38,0.03,0.42,0.02,0.18,0.2,0.72,0.4,0.62,0.1,0.01,0.26
0.34,0.14,0.06,0.0,0.08,0.12,0.12,0.62,0.22,0.38,0.12,0.0,0.22
0.22,0.34,0.08,0.03,0.28,0.18,0.16,0.72,0.22,0.62,0.24,0.18,0.26
0.42,0.18,0.06,0.08,0.0,0.22,0.14,0.62,0.22,0.55,0.06,0.06,0.18
0.55,0.25,0.02,0.0,0.0,0.32,0.18,0.62,0.28,0.72,0.03,0.02,0.22
0.42,0.18,0.02,0.14,0.0,0.22,0.12,0.62,0.28,0.72,0.08,0.22,0.26
0.78,0.08,0.01,0.0,0.0,0.18,0.03,0.72,0.28,0.22,0.12,0.12,0.34
0.0,0.62,0.34,0.52,0.0,0.48,0.44,0.58,0.22,0.66,0.46,0.0,0.08
0.03,0.62,0.58,0.06,0.08,0.55,0.42,0.78,0.0,0.48,0.22,0.4,0.18
0.12,0.55,0.22,0.02,0.06,0.34,0.38,0.62,0.1,0.42,0.08,0.0,0.28
0.12,0.55,0.42,0.08,0.03,0.58,0.48,0.62,0.02,0.9,0.22,0.0,0.18
0.12,0.38,0.22,0.1,0.02,0.34,0.3,0.52,0.1,0.18,0.04,0.04,0.02
0.02,0.78,0.08,0.82,0.06,0.22,0.06,0.62,0.48,0.72,0.34,0.02,0.02
0.0,0.55,0.0,0.45,0.0,0.12,0.08,0.18,0.12,0.35,0.0,0.0,0.0
0.22,0.28,0.08,0.12,0.04,0.24,0.18,0.62,0.3,0.7,0.06,0.0,0.2
0.34,0.46,0.1,0.42,0.06,0.4,0.18,0.72,0.22,0.78,0.12,0.3,0.26
0.12,0.42,0.28,0.0,0.0,0.62,0.55,0.58,0.22,0.78,0.18,0.0,0.12
0.12,0.42,0.22,0.03,0.05,0.34,0.28,0.72,0.22,0.78,0.26,0.38,0.18
0.12,0.62,0.22,0.18,0.06,0.34,0.28,0.72,0.46,0.86,0.3,0.44,0.2
0.2,0.1,0.2,0.0,0.0,0.6,0.7,0.8,0.1,0.5,0.0,0.4,0.1
0.12,0.62,0.28,0.18,0.08,0.34,0.3,0.78,0.06,0.42,0.22,0.58,0.14
0.05,0.62,0.28,0.22,0.03,0.44,0.24,0.72,0.38,0.86,0.46,0.22,0.14
0.18,0.62,0.34,0.28,0.06,0.33,0.3,0.72,0.55,0.86,0.44,0.22,0.2
0.05,0.72,0.55,0.22,0.08,0.52,0.28,0.78,0.34,0.62,0.1,0.66,0.18
0.12,0.48,0.62,0.08,0.06,0.34,0.22,0.72,0.28,0.86,0.32,0.44,0.06
0.05,0.62,0.22,0.18,0.24,0.46,0.34,0.72,0.55,0.78,0.18,0.44,0.12
0.18,0.22,0.12,0.02,0.08,0.34,0.2,0.62,0.1,0.48,0.14,0.16,0.12
0.12,0.62,0.28,0.46,0.34,0.52,0.44,0.78,0.48,0.86,0.1,0.3,0.22
0.12,0.28,0.42,0.02,0.0,0.55,0.38,0.62,0.48,0.78,0.22,0.24,0.18
0.42,0.38,0.34,0.0,0.0,0.22,0.06,0.78,0.18,0.22,0.04,0.62,0.24
0.05,0.62,0.58,0.12,0.02,0.22,0.1,0.78,0.22,0.55,0.12,0.48,0.03
0.34,0.22,0.08,0.0,0.06,0.18,0.12,0.62,0.18,0.55,0.1,0.2,0.22
0.38,0.42,0.34,0.08,0.0,0.12,0.18,0.62,0.28,0.32,0.14,0.58,0.04
0.42,0.28,0.02,0.0,0.22,0.08,0.06,0.78,0.04,0.0,0.0,0.72,0.18
0.32,0.22,0.02,0.0,0.03,0.06,0.03,0.62,0.22,0.04,0.02,0.88,0.08
0.05,0.42,0.38,0.0,0.12,0.22,0.18,0.78,0.18,0.12,0.06,0.72,0.02
0.12,0.18,0.06,0.03,0.0,0.06,0.12,0.62,0.08,0.38,0.0,0.58,0.0
0.55,0.12,0.0,0.0,0.0,0.05,0.08,0.62,0.0,0.32,0.0,0.28,0.06
0.22,0.38,0.34,0.0,0.0,0.12,0.06,0.42,0.06,0.62,0.18,0.0,0.04
0.12,0.28,0.06,0.0,0.0,0.12,0.08,0.72,0.0,0.32,0.0,0.78,0.12
0.38,0.22,0.0,0.0,0.0,0.08,0.0,0.62,0.22,0.0,0.06,0.88,0.0
0.12,0.62,0.18,0.0,0.44,0.12,0.14,0.78,0.22,0.0,0.08,0.92,0.06
0.0,0.72,0.55,0.0,0.34,0.22,0.12,0.78,0.18,0.62,0.28,0.74,0.0
0.02,0.72,0.03,0.28,0.22,0.18,0.04,0.62,0.22,0.55,0.06,0.34,0.02
0.12,0.62,0.28,0.3,0.06,0.52,0.18,0.78,0.34,0.58,0.22,0.3,0.2
0.0,0.62,0.48,0.0,0.12,0.72,0.22,0.86,0.0,0.58,0.74,0.55,0.08
0.18,0.62,0.22,0.28,0.12,0.44,0.18,0.78,0.22,0.72,0.34,0.46,0.2
0.22,0.34,0.02,0.18,0.03,0.33,0.12,0.78,0.18,0.72,0.12,0.22,0.28
0.72,0.18,0.16,0.0,0.0,0.34,0.22,0.62,0.58,0.0,0.0,0.22,0.06
0.05,0.42,0.18,0.02,0.28,0.34,0.22,0.78,0.01,0.18,0.2,0.12,0.14
0.12,0.28,0.06,0.08,0.02,0.34,0.18,0.72,0.0,0.22,0.08,0.12,0.26
0.22,0.34,0.18,0.2,0.1,0.3,0.24,0.78,0.32,0.72,0.22,0.18,0.06
0.12,0.34,0.22,0.12,0.18,0.46,0.2,0.78,0.1,0.62,0.44,0.18,0.06
0.22,0.28,0.18,0.12,0.0,0.46,0.24,0.62,0.12,0.78,0.34,0.02,0.18
0.34,0.33,0.06,0.1,0.05,0.44,0.22,0.62,0.3,0.78,0.18,0.22,0.2
0.72,0.12,0.03,0.1,0.02,0.18,0.22,0.55,0.28,0.0,0.0,0.04,0.1
0.12,0.62,0.58,0.05,0.28,0.55,0.52,0.78,0.38,0.52,0.34,0.22,0.08
0.12,0.52,0.34,0.58,0.06,0.36,0.18,0.72,0.02,0.78,0.22,0.18,0.44
0.0,0.62,0.05,0.48,0.22,0.66,0.12,0.58,0.44,0.92,0.06,0.0,0.02
0.0,0.78,0.12,0.62,0.18,0.46,0.22,0.58,0.66,0.86,0.18,0.54,0.22
0.12,0.62,0.1,0.06,0.04,0.46,0.22,0.78,0.28,0.66,0.18,0.74,0.34
0.06,0.62,0.22,0.38,0.06,0.55,0.34,0.58,0.44,0.66,0.36,0.22,0.28
0.0,0.62,0.46,0.08,0.0,0.34,0.12,0.58,0.0,0.55,0.28,0.0,0.0
0.12,0.62,0.38,0.08,0.06,0.44,0.46,0.72,0.34,0.78,0.18,0.22,0.16
0.12,0.78,0.28,0.82,0.02,0.34,0.3,0.72,0.22,0.58,0.1,0.62,0.06
0.12,0.78,0.28,0.42,0.08,0.34,0.3,0.62,0.46,0.72,0.22,0.66,0.18
0.22,0.55,0.28,0.18,0.06,0.34,0.3,0.72,0.3,0.48,0.18,0.42,0.26
0.12,0.55,0.18,0.12,0.03,0.52,0.34,0.72,0.38,0.78,0.22,0.22,0.58
0.34,0.12,0.0,0.0,0.0,0.18,0.22,0.62,0.0,0.22,0.0,0.28,0.26
0.12,0.22,0.08,0.02,0.06,0.34,0.48,0.72,0.0,0.38,0.02,0.1,0.18
0.05,0.78,0.08,0.03,0.82,0.22,0.1,0.86,0.02,0.22,0.18,0.1,0.18
0.12,0.72,0.18,0.12,0.62,0.46,0.34,0.78,0.38,0.52,0.14,0.06,0.28
0.12,0.62,0.03,0.74,0.06,0.22,0.12,0.58,0.46,0.72,0.18,0.2,0.24
0.62,0.18,0.03,0.02,0.0,0.22,0.12,0.78,0.22,0.66,0.08,0.18,0.34
0.78,0.08,0.0,0.0,0.0,0.22,0.06,0.62,0.0,0.34,0.0,0.12,0.08
0.34,0.33,0.12,0.1,0.0,0.22,0.18,0.62,0.24,0.78,0.08,0.1,0.28
0.34,0.38,0.22,0.1,0.12,0.3,0.18,0.78,0.22,0.72,0.3,0.22,0.2
0.22,0.34,0.12,0.0,0.0,0.38,0.18,0.62,0.36,0.78,0.18,0.14,0.22
0.34,0.12,0.06,0.0,0.0,0.22,0.03,0.62,0.08,0.78,0.08,0.12,0.28
0.22,0.38,0.03,0.12,0.02,0.18,0.1,0.78,0.14,0.2,0.06,0.42,0.1
0.62,0.06,0.05,0.0,0.0,0.34,0.22,0.58,0.06,0.3,0.05,0.0,0.12
0.62,0.08,0.02,0.0,0.04,0.12,0.14,0.78,0.0,0.18,0.04,0.22,0.18
0.12,0.42,0.08,0.34,0.03,0.18,0.22,0.78,0.1,0.86,0.18,0.38,0.3
0.34,0.46,0.03,0.22,0.02,0.18,0.1,0.78,0.3,0.72,0.22,0.4,0.28
0.78,0.12,0.1,0.0,0.14,0.22,0.06,0.62,0.22,0.48,0.18,0.0,0.12
0.55,0.32,0.02,0.18,0.0,0.08,0.12,0.62,0.28,0.58,0.06,0.18,0.22
0.62,0.12,0.0,0.0,0.0,0.06,0.0,0.58,0.18,0.34,0.06,0.04,0.22
0.55,0.22,0.12,0.0,0.08,0.24,0.18,0.62,0.0,0.0,0.0,0.38,0.22
0.22,0.18,0.04,0.0,0.06,0.12,0.14,0.62,0.0,0.12,0.08,0.02,0.18
0.55,0.05,0.0,0.0,0.0,0.12,0.22,0.78,0.0,0.08,0.0,0.18,0.12
0.42,0.22,0.18,0.02,0.0,0.24,0.06,0.62,0.28,0.55,0.04,0.18,0.12
0.42,0.0,0.12,0.0,0.0,0.22,0.08,0.62,0.18,0.28,0.06,0.22,0.26
0.62,0.08,0.12,0.0,0.0,0.18,0.22,0.78,0.42,0.22,0.18,0.04,0.14
0.12,0.38,0.14,0.0,0.0,0.18,0.12,0.72,0.0,0.06,0.12,0.62,0.22
0.18,0.34,0.08,0.02,0.01,0.22,0.2,0.78,0.01,0.1,0.24,0.3,0.26
0.42,0.18,0.06,0.0,0.0,0.12,0.14,0.78,0.0,0.0,0.06,0.32,0.34
0.32,0.18,0.03,0.0,0.08,0.06,0.04,0.72,0.12,0.18,0.06,0.28,0.22
0.62,0.02,0.0,0.0,0.0,0.06,0.08,0.55,0.05,0.22,0.04,0.18,0.34
0.62,0.08,0.06,0.03,0.0,0.12,0.08,0.78,0.12,0.55,0.06,0.18,0.22
0.62,0.12,0.06,0.03,0.0,0.18,0.08,0.72,0.0,0.55,0.02,0.18,0.22
0.05,0.55,0.12,0.18,0.08,0.22,0.18,0.85,0.0,0.35,0.08,0.75,0.22
0.0,0.62,0.05,0.0,0.0,0.22,0.12,0.55,0.0,0.48,0.08,0.78,0.06
0.22,0.12,0.06,0.0,0.0,0.28,0.24,0.62,0.18,0.16,0.04,0.46,0.18
0.2,0.0,0.0,0.0,0.0,0.0,0.0,0.6,0.4,0.0,0.0,0.1,0.1
0.22,0.18,0.08,0.0,0.0,0.34,0.28,0.78,0.02,0.42,0.22,0.32,0.26
0.35,0.12,0.18,0.0,0.0,0.22,0.24,0.78,0.0,0.32,0.0,0.0,0.08
0.0,0.55,0.05,0.0,0.0,0.22,0.06,0.62,0.0,0.12,0.12,0.78,0.05
0.0,0.55,0.45,0.0,0.05,0.55,0.35,0.6,0.0,0.1,0.05,0.75,0.0
0.22,0.12,0.02,0.0,0.0,0.18,0.12,0.62,0.12,0.72,0.08,0.18,0.02
0.34,0.22,0.18,0.0,0.0,0.24,0.28,0.72,0.0,0.38,0.16,0.62,0.22
0.34,0.12,0.08,0.0,0.0,0.22,0.18,0.62,0.0,0.46,0.08,0.3,0.14
0.62,0.14,0.08,0.0,0.0,0.18,0.22,0.78,0.12,0.0,0.08,0.34,0.06
0.42,0.18,0.06,0.0,0.0,0.22,0.24,0.62,0.0,0.12,0.08,0.34,0.22
0.08,0.42,0.12,0.0,0.0,0.46,0.34,0.78,0.0,0.62,0.18,0.72,0.28
0.62,0.34,0.22,0.02,0.03,0.46,0.28,0.78,0.06,0.44,0.12,0.66,0.38
0.08,0.46,0.1,0.08,0.06,0.44,0.42,0.78,0.02,0.62,0.18,0.72,0.22
0.22,0.28,0.34,0.0,0.06,0.33,0.3,0.72,0.1,0.62,0.18,0.66,0.44
0.12,0.34,0.12,0.0,0.0,0.46,0.38,0.72,0.12,0.78,0.12,0.86,0.34
0.12,0.62,0.18,0.0,0.06,0.34,0.28,0.86,0.08,0.18,0.22,0.92,0.58
0.05,0.62,0.12,0.02,0.08,0.34,0.28,0.86,0.01,0.18,0.22,0.92,0.24
0.18,0.34,0.06,0.0,0.02,0.22,0.24,0.78,0.04,0.62,0.08,0.72,0.46
0.34,0.14,0.18,0.0,0.0,0.32,0.28,0.62,0.22,0.46,0.02,0.44,0.16
0.0,0.78,0.22,0.0,0.08,0.12,0.06,0.86,0.0,0.0,0.0,0.92,0.04
0.82,0.12,0.04,0.0,0.0,0.18,0.08,0.78,0.22,0.34,0.02,0.0,0.12
0.18,0.52,0.22,0.12,0.14,0.2,0.24,0.78,0.34,0.46,0.1,0.62,0.36
0.12,0.62,0.18,0.52,0.34,0.46,0.28,0.78,0.34,0.72,0.08,0.32,0.36
0.62,0.28,0.12,0.0,0.06,0.18,0.14,0.72,0.22,0.06,0.16,0.48,0.12
0.22,0.72,0.12,0.28,0.34,0.24,0.18,0.78,0.18,0.22,0.14,0.62,0.36
0.34,0.52,0.12,0.14,0.22,0.18,0.1,0.72,0.22,0.1,0.06,0.36,0.18
0.22,0.48,0.06,0.18,0.24,0.24,0.12,0.78,0.42,0.18,0.06,0.34,0.22
0.34,0.28,0.05,0.0,0.22,0.55,0.12,0.72,0.0,0.06,0.0,0.42,0.22
0.12,0.62,0.03,0.0,0.48,0.22,0.12,0.78,0.02,0.0,0.06,0.58,0.34
0.18,0.62,0.12,0.02,0.48,0.46,0.1,0.86,0.0,0.18,0.06,0.74,0.44
0.78,0.28,0.06,0.0,0.12,0.22,0.14,0.72,0.34,0.18,0.04,0.26,0.12
0.34,0.28,0.03,0.06,0.1,0.18,0.1,0.78,0.03,0.02,0.06,0.3,0.22
0.12,0.62,0.1,0.72,0.22,0.48,0.18,0.86,0.28,0.34,0.22,0.44,0.2
0.12,0.62,0.28,0.06,0.08,0.18,0.22,0.78,0.12,0.04,0.06,0.58,0.1
0.0,0.62,0.18,0.12,0.0,0.46,0.34,0.72,0.55,0.78,0.22,0.22,0.12
0.0,0.42,0.06,0.12,0.0,0.22,0.18,0.72,0.18,0.78,0.12,0.34,0.08
0.0,0.55,0.12,0.18,0.08,0.32,0.42,0.62,0.0,0.58,0.08,0.28,0.22
0.0,0.78,0.06,0.62,0.05,0.18,0.22,0.72,0.34,0.74,0.08,0.66,0.18
0.12,0.62,0.08,0.55,0.06,0.34,0.22,0.58,0.3,0.86,0.28,0.32,0.14
0.05,0.62,0.34,0.18,0.06,0.33,0.28,0.78,0.22,0.86,0.44,0.24,0.12
0.12,0.14,0.03,0.04,0.0,0.22,0.18,0.78,0.34,0.18,0.03,0.12,0.05
0.03,0.22,0.12,0.0,0.0,0.24,0.28,0.62,0.18,0.12,0.18,0.22,0.08
0.12,0.72,0.12,0.78,0.18,0.34,0.22,0.86,0.62,0.92,0.28,0.44,0.18
0.12,0.48,0.08,0.18,0.06,0.34,0.14,0.62,0.38,0.72,0.18,0.22,0.1
0.05,0.32,0.1,0.18,0.14,0.18,0.16,0.62,0.34,0.0,0.12,0.06,0.14
0.22,0.18,0.12,0.0,0.0,0.08,0.12,0.62,0.05,0.0,0.22,0.38,0.06
0.22,0.18,0.06,0.0,0.0,0.24,0.18,0.62,0.0,0.0,0.08,0.28,0.06
0.0,0.62,0.08,0.22,0.12,0.34,0.18,0.28,0.46,0.72,0.0,0.14,0.38
0.62,0.12,0.08,0.0,0.0,0.22,0.28,0.55,0.08,0.58,0.12,0.28,0.34
0.22,0.18,0.12,0.0,0.0,0.34,0.18,0.62,0.02,0.48,0.04,0.22,0.2
0.34,0.12,0.04,0.0,0.0,0.22,0.18,0.62,0.28,0.22,0.08,0.24,0.12
0.12,0.22,0.1,0.0,0.0,0.34,0.08,0.72,0.12,0.86,0.1,0.48,0.22
0.0,0.62,0.08,0.28,0.0,0.18,0.06,0.22,0.55,0.78,0.12,0.0,0.04
0.32,0.58,0.12,0.34,0.1,0.3,0.22,0.62,0.66,0.72,0.1,0.3,0.22
0.42,0.18,0.06,0.0,0.0,0.22,0.12,0.78,0.12,0.62,0.04,0.28,0.24
0.62,0.12,0.05,0.0,0.0,0.34,0.18,0.72,0.38,0.46,0.06,0.28,0.22
0.12,0.28,0.22,0.0,0.14,0.24,0.26,0.72,0.22,0.46,0.08,0.34,0.18
0.62,0.0,0.0,0.0,0.0,0.22,0.06,0.58,0.55,0.18,0.0,0.08,0.24
0.18,0.22,0.08,0.02,0.01,0.34,0.14,0.62,0.18,0.78,0.12,0.36,0.28
0.62,0.12,0.18,0.03,0.0,0.22,0.24,0.72,0.22,0.48,0.02,0.12,0.34
0.62,0.14,0.06,0.03,0.02,0.18,0.12,0.58,0.22,0.46,0.06,0.16,0.28
0.0,0.86,0.12,0.82,0.0,0.22,0.0,0.62,0.34,0.58,0.0,0.0,0.0
0.35,0.55,0.15,0.25,0.05,0.45,0.35,0.7,0.35,0.4,0.25,0.1,0.3
0.0,0.55,0.12,0.62,0.0,0.58,0.32,0.78,0.22,0.0,0.0,0.0,0.38
0.0,0.22,0.06,0.0,0.0,0.18,0.34,0.28,0.0,0.12,0.18,0.0,0.0
0.22,0.18,0.24,0.0,0.0,0.18,0.28,0.62,0.0,0.55,0.22,0.0,0.12
0.0,0.62,0.12,0.0,0.0,0.46,0.22,0.28,0.0,0.34,0.0,0.0,0.18
0.0,0.62,0.58,0.0,0.0,0.34,0.22,0.66,0.0,0.18,0.24,0.0,0.28
0.0,0.2,0.0,0.0,0.0,0.0,0.1,0.3,0.0,0.0,0.0,0.2,0.0
0.0,0.55,0.0,0.0,0.35,0.25,0.2,0.6,0.0,0.0,0.0,0.55,0.0
0.0,0.55,0.05,0.1,0.0,0.25,0.05,0.35,0.0,0.1,0.6,0.0,0.0
0.85,0.1,0.0,0.0,0.0,0.12,0.1,0.75,0.0,0.2,0.05,0.0,0.15
0.42,0.12,0.0,0.0,0.0,0.08,0.03,0.55,0.08,0.62,0.0,0.0,0.05
0.0,0.32,0.0,0.0,0.34,0.18,0.22,0.28,0.0,0.0,0.0,0.0,0.0
0.0,0.55,0.05,0.65,0.0,0.22,0.18,0.32,0.42,0.18,0.0,0.0,0.0
0.62,0.08,0.0,0.0,0.0,0.12,0.06,0.34,0.38,0.06,0.0,0.0,0.08
0.0,0.55,0.12,0.0,0.0,0.42,0.18,0.62,0.0,0.22,0.0,0.58,0.12
0.85,0.0,0.0,0.0,0.0,0.0,0.0,0.55,0.6,0.0,0.0,0.0,0.1
0.55,0.12,0.0,0.0,0.0,0.08,0.05,0.72,0.0,0.05,0.0,0.32,0.22
0.0,0.62,0.06,0.38,0.08,0.22,0.12,0.58,0.55,0.18,0.0,0.0,0.28
0.55,0.12,0.0,0.0,0.0,0.08,0.06,0.62,0.22,0.72,0.0,0.0,0.08
0.12,0.28,0.18,0.0,0.0,0.72,0.34,0.62,0.0,0.0,0.0,0.0,0.58
0.22,0.24,0.12,0.14,0.18,0.34,0.1,0.62,0.18,0.0,0.04,0.0,0.2
0.08,0.62,0.12,0.18,0.02,0.56,0.34,0.58,0.06,0.18,0.22,0.0,0.14
0.35,0.25,0.0,0.0,0.0,0.05,0.08,0.55,0.0,0.0,0.0,0.18,0.05
0.32,0.18,0.12,0.0,0.0,0.34,0.22,0.62,0.02,0.12,0.22,0.06,0.28
0.62,0.02,0.0,0.0,0.0,0.12,0.03,0.78,0.0,0.18,0.22,0.0,0.12
0.05,0.38,0.12,0.0,0.18,0.12,0.22,0.72,0.02,0.18,0.06,0.62,0.18
0.05,0.22,0.02,0.0,0.0,0.62,0.12,0.55,0.12,0.0,0.0,0.0,0.58
0.35,0.12,0.03,0.0,0.0,0.22,0.18,0.62,0.0,0.0,0.0,0.06,0.08
0.62,0.22,0.12,0.0,0.0,0.28,0.24,0.72,0.0,0.0,0.0,0.48,0.18
0.62,0.22,0.08,0.0,0.06,0.34,0.28,0.72,0.0,0.24,0.38,0.0,0.36
0.62,0.48,0.06,0.34,0.1,0.66,0.18,0.86,0.1,0.06,0.08,0.04,0.74
0.0,0.35,0.25,0.0,0.0,0.25,0.1,0.75,0.1,0.8,0.2,0.0,0.15
0.42,0.48,0.34,0.02,0.06,0.55,0.22,0.78,0.1,0.36,0.3,0.0,0.4
0.62,0.18,0.03,0.02,0.01,0.22,0.18,0.46,0.42,0.04,0.06,0.0,0.05
0.05,0.62,0.28,0.02,0.03,0.22,0.06,0.55,0.0,0.32,0.12,0.0,0.18
0.0,0.75,0.0,0.55,0.0,0.25,0.0,0.6,0.55,0.7,0.0,0.0,0.0
0.0,0.35,0.0,0.1,0.0,0.1,0.0,0.35,0.55,0.0,0.0,0.0,0.0
0.65,0.15,0.0,0.0,0.0,0.0,0.0,0.25,0.0,0.2,0.0,0.0,0.0
0.55,0.25,0.0,0.15,0.0,0.12,0.08,0.6,0.25,0.0,0.0,0.0,0.0
0.45,0.05,0.02,0.0,0.0,0.18,0.22,0.55,0.35,0.0,0.0,0.0,0.0
0.0,0.75,0.0,0.0,0.35,0.25,0.0,0.7,0.0,0.0,0.2,0.85,0.0
0.05,0.55,0.35,0.1,0.0,0.25,0.4,0.55,0.35,0.6,0.2,0.0,0.05
0.12,0.55,0.62,0.05,0.18,0.22,0.08,0.72,0.22,0.28,0.1,0.3,0.26
0.0,0.2,0.0,0.0,0.0,0.1,0.2,0.4,0.0,0.0,0.0,0.0,0.0
0.1,0.5,0.1,0.0,0.0,0.1,0.2,0.6,0.1,0.1,0.0,0.0,0.3
0.32,0.28,0.03,0.0,0.22,0.18,0.05,0.62,0.0,0.0,0.0,0.0,0.44
0.72,0.0,0.0,0.0,0.0,0.12,0.18,0.62,0.0,0.0,0.0,0.12,0.0
0.78,0.06,0.08,0.0,0.0,0.06,0.05,0.34,0.0,0.0,0.0,0.12,0.18
0.78,0.0,0.0,0.0,0.0,0.12,0.0,0.34,0.22,0.0,0.0,0.0,0.18
0.62,0.0,0.0,0.0,0.0,0.12,0.0,0.55,0.38,0.0,0.0,0.0,0.34
0.85,0.0,0.0,0.0,0.0,0.05,0.0,0.65,0.25,0.2,0.0,0.0,0.45
0.35,0.25,0.05,0.0,0.2,0.2,0.05,0.55,0.0,0.0,0.0,0.0,0.1
0.62,0.18,0.03,0.0,0.0,0.08,0.06,0.34,0.42,0.0,0.22,0.06,0.08
0.72,0.12,0.0,0.0,0.0,0.18,0.0,0.62,0.34,0.0,0.22,0.0,0.28
0.62,0.0,0.0,0.0,0.0,0.18,0.22,0.28,0.22,0.08,0.0,0.0,0.34
0.62,0.14,0.0,0.0,0.0,0.06,0.08,0.46,0.0,0.0,0.0,0.22,0.28
0.72,0.0,0.0,0.0,0.0,0.12,0.0,0.62,0.0,0.0,0.0,0.0,0.08
0.0,0.2,0.0,0.0,0.0,0.2,0.0,0.4,0.0,0.7,0.6,0.4,0.0
0.55,0.12,0.0,0.0,0.0,0.08,0.05,0.35,0.32,0.08,0.28,0.0,0.22
0.0,0.35,0.0,0.6,0.0,0.25,0.15,0.35,0.55,0.0,0.0,0.0,0.4
0.12,0.42,0.08,0.1,0.0,0.48,0.1,0.78,0.32,0.9,0.18,0.0,0.22
0.42,0.08,0.03,0.0,0.0,0.34,0.06,0.55,0.38,0.0,0.12,0.0,0.08
0.62,0.12,0.02,0.0,0.0,0.34,0.12,0.78,0.22,0.0,0.0,0.08,0.28
0.55,0.22,0.08,0.0,0.0,0.28,0.06,0.62,0.12,0.72,0.22,0.0,0.38
0.0,0.32,0.38,0.0,0.0,0.42,0.22,0.62,0.0,0.0,0.0,0.58,0.28
0.55,0.25,0.12,0.0,0.0,0.22,0.06,0.32,0.02,0.78,0.05,0.0,0.18
0.32,0.12,0.0,0.0,0.0,0.18,0.14,0.62,0.0,0.34,0.0,0.18,0.0
0.22,0.18,0.02,0.0,0.0,0.12,0.03,0.62,0.0,0.12,0.18,0.34,0.28
0.52,0.12,0.02,0.0,0.0,0.46,0.08,0.78,0.0,0.0,0.06,0.34,0.22
0.62,0.12,0.02,0.0,0.0,0.22,0.08,0.55,0.08,0.58,0.06,0.18,0.12
0.62,0.18,0.06,0.0,0.0,0.34,0.08,0.52,0.0,0.66,0.06,0.0,0.36
0.62,0.48,0.1,0.34,0.22,0.55,0.22,0.78,0.02,0.0,0.02,0.3,0.58
0.55,0.12,0.0,0.0,0.0,0.18,0.0,0.42,0.0,0.0,0.0,0.22,0.08
0.1,0.5,0.3,0.0,0.0,0.3,0.4,0.4,0.0,0.4,0.4,0.0,0.2
0.0,0.35,0.05,0.0,0.0,0.25,0.05,0.7,0.0,0.35,0.3,0.55,0.0
0.05,0.45,0.02,0.35,0.0,0.18,0.22,0.55,0.18,0.22,0.08,0.32,0.12
0.0,0.55,0.05,0.0,0.0,0.05,0.0,0.6,0.0,0.0,0.15,0.75,0.25
0.0,0.35,0.05,0.25,0.0,0.25,0.2,0.35,0.25,0.55,0.0,0.0,0.1
0.1,0.2,0.0,0.1,0.0,0.2,0.1,0.3,0.1,0.2,0.0,0.0,0.0
0.55,0.18,0.0,0.0,0.0,0.12,0.05,0.62,0.0,0.0,0.0,0.28,0.42
0.35,0.25,0.0,0.0,0.0,0.22,0.12,0.75,0.0,0.28,0.18,0.55,0.22
0.0,0.42,0.18,0.06,0.0,0.34,0.22,0.62,0.0,0.0,0.0,0.0,0.0
0.62,0.22,0.02,0.0,0.03,0.18,0.06,0.72,0.0,0.22,0.03,0.55,0.04
0.42,0.62,0.18,0.55,0.28,0.66,0.22,0.88,0.58,0.12,0.14,0.1,0.34
0.72,0.18,0.03,0.0,0.0,0.62,0.22,0.55,0.18,0.48,0.0,0.0,0.06
0.62,0.18,0.02,0.08,0.06,0.55,0.22,0.48,0.0,0.12,0.02,0.0,0.0
0.0,0.55,0.1,0.0,0.0,0.25,0.12,0.6,0.0,0.05,0.1,0.1,0.0
0.0,0.2,0.3,0.0,0.0,0.2,0.1,0.4,0.0,0.0,0.2,0.0,0.0
0.35,0.12,0.0,0.0,0.0,0.05,0.0,0.55,0.0,0.08,0.08,0.0,0.22
0.45,0.35,0.25,0.0,0.0,0.25,0.15,0.55,0.0,0.7,0.6,0.0,0.25
0.0,0.55,0.12,0.0,0.0,0.18,0.08,0.62,0.12,0.78,0.72,0.32,0.0
0.55,0.12,0.22,0.0,0.0,0.18,0.05,0.62,0.0,0.42,0.18,0.0,0.05
0.62,0.34,0.18,0.02,0.0,0.22,0.06,0.78,0.28,0.32,0.46,0.12,0.22
0.22,0.38,0.03,0.0,0.06,0.28,0.18,0.72,0.0,0.0,0.08,0.62,0.05
0.12,0.22,0.18,0.0,0.0,0.12,0.05,0.62,0.0,0.22,0.0,0.18,0.12
0.55,0.55,0.35,0.05,0.0,0.35,0.1,0.65,0.0,0.75,0.55,0.05,0.1
0.35,0.35,0.15,0.0,0.0,0.35,0.35,0.55,0.0,0.75,0.45,0.0,0.35
0.35,0.25,0.15,0.0,0.0,0.25,0.2,0.55,0.2,0.7,0.05,0.1,0.3
0.22,0.18,0.05,0.02,0.0,0.62,0.12,0.55,0.28,0.9,0.08,0.0,0.18
0.18,0.22,0.34,0.02,0.06,0.55,0.48,0.62,0.18,0.78,0.06,0.0,0.28
0.22,0.28,0.18,0.06,0.0,0.42,0.24,0.62,0.22,0.78,0.34,0.0,0.18
0.12,0.08,0.14,0.0,0.0,0.62,0.28,0.55,0.18,0.34,0.0,0.06,0.08
0.0,0.1,0.0,0.0,0.0,0.7,0.1,0.4,0.4,0.7,0.0,0.0,0.0
0.05,0.22,0.28,0.0,0.06,0.18,0.12,0.32,0.62,0.0,0.0,0.0,0.0
0.22,0.06,0.04,0.0,0.02,0.18,0.06,0.34,0.62,0.0,0.0,0.0,0.08
0.0,0.12,0.05,0.0,0.0,0.62,0.18,0.28,0.08,0.78,0.12,0.0,0.08
0.12,0.22,0.1,0.02,0.0,0.62,0.18,0.2,0.1,0.78,0.02,0.0,0.02
0.0,0.1,0.1,0.0,0.0,0.6,0.4,0.2,0.7,0.9,0.0,0.0,0.1
0.22,0.48,0.12,0.0,0.28,0.34,0.18,0.26,0.44,0.32,0.05,0.18,0.3
0.32,0.22,0.06,0.04,0.02,0.18,0.07,0.28,0.62,0.0,0.0,0.08,0.06
0.05,0.12,0.08,0.0,0.0,0.42,0.18,0.22,0.28,0.62,0.06,0.0,0.14
0.32,0.18,0.28,0.0,0.0,0.34,0.12,0.55,0.48,0.62,0.06,0.0,0.08
0.0,0.55,0.35,0.0,0.0,0.12,0.32,0.62,0.0,0.85,0.72,0.58,0.0
0.0,0.35,0.05,0.1,0.0,0.25,0.25,0.6,0.05,0.25,0.3,0.0,0.0
0.34,0.18,0.02,0.1,0.0,0.22,0.12,0.62,0.18,0.55,0.06,0.14,0.1
0.28,0.42,0.12,0.06,0.02,0.34,0.22,0.62,0.04,0.78,0.46,0.0,0.36
0.0,0.55,0.05,0.35,0.0,0.12,0.22,0.28,0.12,0.0,0.0,0.0,0.0
0.0,0.72,0.12,0.05,0.0,0.22,0.08,0.62,0.38,0.28,0.12,0.0,0.0
0.1,0.4,0.2,0.0,0.1,0.6,0.6,0.7,0.4,0.2,0.3,0.1,0.0
0.0,0.32,0.12,0.0,0.0,0.08,0.06,0.22,0.12,0.12,0.05,0.0,0.0
0.05,0.18,0.0,0.0,0.0,0.06,0.12,0.62,0.0,0.28,0.12,0.32,0.0
0.35,0.12,0.0,0.0,0.0,0.08,0.03,0.55,0.12,0.62,0.08,0.0,0.12
0.55,0.25,0.05,0.0,0.0,0.25,0.05,0.35,0.0,0.2,0.05,0.0,0.2
0.0,0.55,0.05,0.1,0.0,0.25,0.1,0.6,0.35,0.0,0.0,0.0,0.15
0.35,0.25,0.12,0.0,0.0,0.08,0.18,0.75,0.0,0.12,0.08,0.0,0.0
0.2,0.4,0.1,0.0,0.0,0.2,0.2,0.7,0.0,0.0,0.0,0.6,0.2
0.12,0.18,0.1,0.0,0.0,0.22,0.28,0.62,0.22,0.24,0.12,0.26,0.08
0.12,0.38,0.18,0.06,0.0,0.12,0.22,0.62,0.12,0.78,0.08,0.0,0.18
0.22,0.12,0.0,0.0,0.0,0.18,0.06,0.42,0.18,0.55,0.06,0.0,0.08
0.0,0.72,0.08,0.0,0.0,0.18,0.0,0.62,0.0,0.0,0.0,0.55,0.22
0.35,0.18,0.0,0.05,0.0,0.12,0.0,0.55,0.22,0.18,0.0,0.32,0.12
0.2,0.1,0.0,0.0,0.0,0.1,0.0,0.7,0.0,0.6,0.1,0.3,0.0
0.0,0.62,0.0,0.22,0.0,0.28,0.0,0.72,0.34,0.22,0.0,0.46,0.06
0.42,0.18,0.02,0.0,0.0,0.22,0.34,0.28,0.0,0.0,0.0,0.16,0.0
0.2,0.1,0.0,0.0,0.0,0.3,0.4,0.3,0.3,0.0,0.0,0.2,0.0
0.0,0.1,0.0,0.0,0.0,0.1,0.2,0.6,0.0,0.2,0.0,0.1,0.1
0.62,0.0,0.0,0.0,0.0,0.03,0.0,0.22,0.38,0.0,0.0,0.0,0.0
0.0,0.12,0.0,0.0,0.0,0.0,0.18,0.35,0.0,0.0,0.0,0.0,0.0
0.1,0.1,0.0,0.0,0.0,0.1,0.3,0.4,0.0,0.0,0.0,0.1,0.0
0.25,0.05,0.0,0.0,0.0,0.05,0.2,0.35,0.25,0.0,0.0,0.05,0.0
0.55,0.0,0.0,0.0,0.0,0.12,0.22,0.28,0.78,0.0,0.0,0.0,0.0
0.0,0.55,0.05,0.0,0.0,0.12,0.08,0.62,0.0,0.0,0.08,0.85,0.0
0.0,0.62,0.08,0.0,0.0,0.34,0.12,0.55,0.0,0.12,0.0,0.58,0.0
0.0,0.55,0.1,0.0,0.0,0.45,0.35,0.55,0.0,0.0,0.1,0.85,0.25
0.0,0.3,0.0,0.0,0.2,0.0,0.1,0.3,0.4,0.0,0.0,0.0,0.0
0.0,0.55,0.25,0.0,0.0,0.35,0.05,0.6,0.0,0.0,0.2,0.75,0.3
0.0,0.55,0.0,0.0,0.0,0.0,0.15,0.6,0.0,0.0,0.0,0.65,0.0
0.0,0.2,0.0,0.0,0.0,0.2,0.3,0.4,0.0,0.0,0.0,0.4,0.0
0.05,0.18,0.22,0.06,0.04,0.62,0.48,0.72,0.46,0.0,0.0,0.0,0.14
0.0,0.35,0.0,0.0,0.0,0.12,0.18,0.85,0.22,0.12,0.12,0.65,0.22
0.42,0.18,0.12,0.0,0.0,0.46,0.22,0.62,0.12,0.34,0.08,0.22,0.12
0.35,0.12,0.0,0.0,0.0,0.32,0.22,0.62,0.0,0.0,0.0,0.0,0.18
0.0,0.62,0.08,0.55,0.0,0.28,0.06,0.72,0.0,0.0,0.0,0.0,0.0
0.0,0.78,0.18,0.0,0.62,0.22,0.14,0.72,0.34,0.32,0.0,0.0,0.06
0.05,0.85,0.35,0.0,0.65,0.55,0.45,0.75,0.55,0.0,0.0,0.0,0.25
0.0,0.62,0.12,0.0,0.18,0.46,0.22,0.72,0.34,0.0,0.12,0.0,0.18
0.0,0.62,0.28,0.0,0.0,0.22,0.12,0.78,0.42,0.08,0.0,0.55,0.24
0.0,0.78,0.05,0.85,0.12,0.22,0.08,0.62,0.55,0.05,0.12,0.0,0.18
0.0,0.78,0.62,0.0,0.74,0.46,0.66,0.86,0.28,0.22,0.12,0.08,0.06
0.0,0.85,0.25,0.0,0.75,0.15,0.35,0.7,0.25,0.0,0.3,0.55,0.0
0.12,0.62,0.72,0.0,0.34,0.18,0.46,0.78,0.58,0.0,0.0,0.0,0.22
0.0,0.62,0.34,0.06,0.0,0.42,0.38,0.55,0.0,0.0,0.22,0.78,0.18
0.0,0.78,0.12,0.18,0.22,0.22,0.0,0.72,0.34,0.0,0.0,0.62,0.0
0.55,0.12,0.02,0.0,0.0,0.22,0.18,0.62,0.0,0.22,0.05,0.0,0.0
0.0,0.75,0.1,0.2,0.0,0.25,0.0,0.7,0.45,0.0,0.15,0.0,0.05
0.0,0.2,0.0,0.0,0.0,0.2,0.1,0.6,0.0,0.0,0.0,0.6,0.0
0.0,0.78,0.22,0.34,0.0,0.24,0.12,0.62,0.58,0.86,0.06,0.0,0.0
0.0,0.75,0.55,0.1,0.0,0.15,0.0,0.6,0.05,0.85,0.7,0.25,0.0
0.1,0.5,0.0,0.0,0.0,0.3,0.3,0.6,0.0,0.2,0.0,0.0,0.2
0.35,0.12,0.05,0.0,0.0,0.22,0.06,0.55,0.0,0.62,0.18,0.0,0.08
0.0,0.35,0.25,0.0,0.0,0.25,0.2,0.35,0.05,0.55,0.35,0.15,0.1
0.0,0.35,0.12,0.0,0.32,0.28,0.12,0.12,0.85,0.0,0.0,0.55,0.0
0.0,0.78,0.42,0.62,0.18,0.22,0.18,0.72,0.34,0.46,0.12,0.0,0.0
0.05,0.55,0.12,0.48,0.08,0.42,0.22,0.72,0.18,0.1,0.38,0.06,0.08
0.22,0.34,0.55,0.02,0.12,0.28,0.24,0.62,0.01,0.0,0.18,0.26,0.08
0.0,0.62,0.48,0.0,0.44,0.72,0.66,0.78,0.74,0.0,0.0,0.18,0.0
0.55,0.12,0.22,0.0,0.08,0.28,0.32,0.62,0.0,0.18,0.06,0.0,0.14
0.0,0.35,0.05,0.0,0.0,0.22,0.08,0.12,0.22,0.55,0.08,0.0,0.0
0.0,0.62,0.34,0.28,0.0,0.46,0.22,0.55,0.44,0.78,0.0,0.0,0.12
0.0,0.22,0.08,0.0,0.0,0.28,0.34,0.62,0.0,0.0,0.26,0.0,0.0
0.0,0.62,0.12,0.0,0.0,0.22,0.08,0.55,0.0,0.78,0.52,0.0,0.0
0.22,0.18,0.12,0.0,0.0,0.18,0.16,0.72,0.28,0.0,0.06,0.08,0.22
0.72,0.03,0.0,0.0,0.0,0.22,0.18,0.34,0.62,0.0,0.08,0.0,0.06
0.0,0.55,0.12,0.0,0.18,0.42,0.22,0.78,0.0,0.0,0.12,0.62,0.18
0.0,0.55,0.15,0.0,0.25,0.45,0.25,0.75,0.45,0.25,0.0,0.0,0.0
0.22,0.28,0.03,0.05,0.0,0.34,0.08,0.62,0.12,0.55,0.06,0.18,0.12
0.15,0.22,0.02,0.03,0.02,0.08,0.06,0.55,0.18,0.0,0.0,0.0,0.0
0.12,0.28,0.06,0.05,0.03,0.34,0.07,0.62,0.18,0.42,0.04,0.0,0.16
0.0,0.32,0.12,0.0,0.0,0.22,0.18,0.72,0.28,0.0,0.0,0.22,0.0
0.0,0.55,0.2,0.1,0.1,0.45,0.35,0.6,0.2,0.05,0.0,0.15,0.1
0.0,0.62,0.12,0.05,0.55,0.42,0.48,0.72,0.38,0.32,0.05,0.08,0.0
0.0,0.72,0.08,0.42,0.06,0.38,0.22,0.34,0.62,0.0,0.0,0.0,0.0
0.15,0.22,0.18,0.0,0.0,0.22,0.18,0.28,0.0,0.18,0.0,0.0,0.0
0.35,0.15,0.25,0.0,0.0,0.25,0.05,0.65,0.0,0.45,0.05,0.35,0.1
0.1,0.1,0.0,0.1,0.0,0.2,0.0,0.6,0.0,0.7,0.1,0.1,0.0
0.34,0.32,0.12,0.08,0.0,0.28,0.3,0.62,0.3,0.22,0.0,0.0,0.06
0.0,0.85,0.55,0.7,0.1,0.1,0.15,0.75,0.35,0.7,0.1,0.0,0.0
0.0,0.72,0.34,0.62,0.0,0.55,0.28,0.66,0.32,0.78,0.64,0.0,0.18
0.05,0.55,0.1,0.6,0.0,0.25,0.1,0.35,0.05,0.85,0.35,0.0,0.0
0.05,0.45,0.05,0.55,0.05,0.25,0.25,0.7,0.2,0.85,0.35,0.05,0.3
0.22,0.28,0.06,0.0,0.0,0.34,0.18,0.62,0.0,0.38,0.22,0.0,0.16
0.12,0.06,0.02,0.0,0.0,0.08,0.12,0.62,0.0,0.0,0.04,0.02,0.0
0.25,0.05,0.0,0.0,0.0,0.05,0.05,0.35,0.2,0.25,0.0,0.05,0.1
0.05,0.45,0.1,0.05,0.1,0.15,0.05,0.35,0.1,0.55,0.0,0.0,0.0
0.62,0.12,0.0,0.0,0.0,0.08,0.06,0.55,0.58,0.0,0.0,0.22,0.12
0.32,0.0,0.0,0.0,0.0,0.12,0.18,0.42,0.28,0.0,0.0,0.06,0.0
0.0,0.55,0.1,0.15,0.35,0.35,0.05,0.55,0.35,0.15,0.1,0.0,0.05
0.25,0.45,0.55,0.1,0.05,0.55,0.5,0.65,0.2,0.35,0.25,0.0,0.1
0.7,0.0,0.1,0.0,0.0,0.2,0.2,0.6,0.0,0.3,0.0,0.2,0.0
0.22,0.18,0.16,0.0,0.0,0.12,0.06,0.62,0.0,0.14,0.08,0.34,0.18
0.0,0.78,0.05,0.32,0.12,0.22,0.02,0.62,0.38,0.55,0.18,0.28,0.0
0.0,0.55,0.6,0.1,0.15,0.25,0.0,0.75,0.0,0.0,0.2,0.45,0.0
0.22,0.18,0.02,0.0,0.0,0.12,0.06,0.62,0.0,0.0,0.0,0.0,0.28
0.78,0.22,0.12,0.05,0.0,0.18,0.14,0.62,0.0,0.18,0.0,0.22,0.08
0.85,0.15,0.0,0.0,0.0,0.1,0.0,0.55,0.0,0.05,0.0,0.25,0.1
0.0,0.75,0.0,0.55,0.1,0.25,0.0,0.6,0.35,0.55,0.2,0.15,0.0
0.35,0.3,0.05,0.0,0.0,0.25,0.12,0.65,0.0,0.0,0.0,0.18,0.32
0.0,0.78,0.06,0.72,0.0,0.12,0.0,0.62,0.08,0.0,0.0,0.22,0.18
0.28,0.18,0.02,0.03,0.01,0.1,0.12,0.62,0.0,0.02,0.01,0.1,0.22
0.0,0.78,0.02,0.82,0.0,0.06,0.0,0.08,0.72,0.0,0.12,0.0,0.0
0.0,0.72,0.12,0.0,0.0,0.22,0.18,0.62,0.0,0.22,0.0,0.9,0.22
0.25,0.55,0.05,0.0,0.0,0.25,0.25,0.75,0.0,0.45,0.35,0.7,0.1
0.0,0.62,0.02,0.55,0.03,0.44,0.18,0.46,0.18,0.78,0.06,0.0,0.04
0.05,0.12,0.02,0.0,0.0,0.22,0.38,0.18,0.0,0.02,0.0,0.0,0.0
0.0,0.62,0.06,0.72,0.0,0.22,0.28,0.66,0.18,0.22,0.34,0.44,0.0
0.0,0.62,0.12,0.08,0.18,0.34,0.28,0.42,0.22,0.12,0.12,0.0,0.06
0.0,0.75,0.05,0.05,0.7,0.25,0.35,0.6,0.0,0.35,0.05,0.0,0.0
0.25,0.12,0.0,0.0,0.0,0.05,0.08,0.55,0.0,0.0,0.0,0.0,0.05
0.05,0.55,0.05,0.65,0.25,0.55,0.45,0.55,0.35,0.0,0.1,0.0,0.0
0.34,0.12,0.03,0.0,0.0,0.28,0.22,0.62,0.12,0.72,0.26,0.0,0.18
0.0,0.34,0.18,0.0,0.0,0.62,0.46,0.58,0.08,0.42,0.06,0.0,0.22
0.0,0.78,0.42,0.38,0.08,0.46,0.34,0.72,0.02,0.74,0.06,0.08,0.04
0.12,0.1,0.03,0.0,0.0,0.22,0.18,0.55,0.0,0.22,0.06,0.0,0.06
0.0,0.55,0.32,0.18,0.0,0.42,0.22,0.62,0.48,0.78,0.05,0.0,0.28
0.55,0.08,0.0,0.0,0.0,0.06,0.12,0.62,0.0,0.0,0.0,0.06,0.12
0.0,0.32,0.02,0.08,0.0,0.18,0.22,0.62,0.0,0.22,0.05,0.06,0.04
0.0,0.42,0.06,0.12,0.0,0.34,0.18,0.62,0.18,0.28,0.22,0.0,0.0
0.05,0.42,0.02,0.38,0.02,0.62,0.1,0.55,0.22,0.9,0.18,0.0,0.02
0.35,0.22,0.18,0.0,0.0,0.12,0.28,0.62,0.0,0.22,0.08,0.32,0.26
0.35,0.12,0.0,0.0,0.0,0.18,0.05,0.55,0.22,0.18,0.05,0.18,0.12
0.0,0.55,0.05,0.0,0.15,0.35,0.1,0.85,0.35,0.15,0.25,0.7,0.45
0.12,0.62,0.18,0.28,0.06,0.46,0.22,0.78,0.34,0.74,0.26,0.44,0.18
0.0,0.55,0.18,0.05,0.0,0.22,0.12,0.62,0.12,0.72,0.05,0.78,0.08
0.05,0.62,0.12,0.0,0.55,0.28,0.12,0.78,0.0,0.42,0.18,0.38,0.22
0.05,0.38,0.06,0.02,0.08,0.22,0.18,0.72,0.34,0.3,0.1,0.62,0.2
0.0,0.62,0.08,0.0,0.0,0.55,0.28,0.72,0.18,0.22,0.12,0.88,0.06
0.0,0.22,0.06,0.0,0.0,0.28,0.12,0.62,0.12,0.08,0.55,0.32,0.08
0.55,0.12,0.0,0.0,0.0,0.12,0.18,0.62,0.58,0.05,0.08,0.22,0.12
0.05,0.32,0.06,0.0,0.0,0.42,0.28,0.78,0.22,0.48,0.18,0.46,0.12
0.05,0.55,0.22,0.18,0.03,0.62,0.48,0.58,0.72,0.88,0.22,0.0,0.18
0.18,0.22,0.06,0.12,0.02,0.34,0.2,0.42,0.38,0.62,0.1,0.0,0.28
0.12,0.55,0.22,0.38,0.18,0.46,0.34,0.62,0.58,0.88,0.08,0.02,0.1
0.62,0.0,0.0,0.0,0.0,0.12,0.18,0.55,0.28,0.0,0.0,0.0,0.12
0.18,0.22,0.24,0.0,0.0,0.55,0.48,0.62,0.34,0.46,0.06,0.22,0.18
0.32,0.22,0.34,0.0,0.0,0.28,0.26,0.62,0.34,0.58,0.12,0.06,0.18
0.18,0.22,0.34,0.06,0.0,0.12,0.28,0.62,0.0,0.72,0.38,0.0,0.22
0.06,0.78,0.34,0.22,0.18,0.42,0.28,0.62,0.44,0.18,0.14,0.12,0.2
0.12,0.62,0.48,0.05,0.18,0.56,0.58,0.74,0.22,0.06,0.18,0.04,0.34
0.0,0.62,0.22,0.12,0.0,0.34,0.18,0.78,0.22,0.72,0.18,0.0,0.58
0.62,0.18,0.0,0.0,0.0,0.34,0.12,0.55,0.0,0.28,0.0,0.0,0.06
0.62,0.12,0.02,0.0,0.0,0.18,0.06,0.72,0.0,0.04,0.0,0.0,0.06
0.72,0.18,0.02,0.0,0.0,0.12,0.0,0.22,0.0,0.42,0.08,0.0,0.06
0.0,0.12,0.0,0.0,0.0,0.62,0.48,0.22,0.0,0.55,0.0,0.0,0.06
0.0,0.55,0.0,0.65,0.0,0.12,0.08,0.55,0.45,0.6,0.35,0.0,0.12
0.05,0.22,0.0,0.28,0.0,0.18,0.06,0.62,0.0,0.22,0.06,0.08,0.34
0.0,0.55,0.6,0.0,0.0,0.45,0.55,0.65,0.55,0.0,0.0,0.0,0.1
0.12,0.32,0.05,0.02,0.02,0.22,0.28,0.62,0.0,0.55,0.06,0.0,0.08
0.0,0.42,0.0,0.12,0.0,0.28,0.12,0.18,0.55,0.12,0.0,0.0,0.0
0.12,0.32,0.06,0.08,0.0,0.62,0.48,0.18,0.34,0.08,0.06,0.0,0.0
0.78,0.08,0.02,0.03,0.0,0.22,0.12,0.62,0.18,0.22,0.02,0.0,0.24
0.62,0.06,0.02,0.0,0.0,0.18,0.22,0.55,0.0,0.08,0.0,0.0,0.0
0.62,0.08,0.02,0.0,0.0,0.55,0.48,0.58,0.22,0.34,0.06,0.0,0.18
0.33,0.42,0.18,0.0,0.22,0.34,0.12,0.62,0.46,0.02,0.0,0.0,0.24
0.12,0.18,0.06,0.0,0.12,0.62,0.34,0.48,0.14,0.12,0.16,0.08,0.22
0.1,0.4,0.1,0.1,0.0,0.3,0.4,0.6,0.0,0.2,0.5,0.0,0.0
0.55,0.12,0.02,0.0,0.0,0.28,0.32,0.62,0.18,0.35,0.22,0.0,0.05
0.32,0.08,0.05,0.0,0.0,0.22,0.18,0.62,0.0,0.72,0.18,0.12,0.28
0.2,0.05,0.0,0.0,0.0,0.15,0.12,0.55,0.0,0.05,0.12,0.18,0.08
0.12,0.34,0.52,0.0,0.0,0.46,0.44,0.62,0.0,0.58,0.22,0.0,0.0
0.0,0.62,0.18,0.0,0.0,0.46,0.34,0.22,0.08,0.06,0.44,0.0,0.12
0.18,0.55,0.42,0.06,0.02,0.48,0.22,0.62,0.02,0.46,0.18,0.22,0.1
0.05,0.62,0.18,0.03,0.12,0.1,0.34,0.58,0.22,0.08,0.18,0.06,0.02
0.0,0.42,0.22,0.0,0.0,0.78,0.62,0.74,0.0,0.08,0.22,0.12,0.34
0.12,0.22,0.02,0.06,0.0,0.18,0.08,0.22,0.0,0.28,0.12,0.0,0.0
0.05,0.55,0.05,0.45,0.05,0.25,0.15,0.35,0.2,0.7,0.05,0.1,0.15
0.62,0.12,0.02,0.0,0.0,0.18,0.08,0.55,0.42,0.18,0.06,0.0,0.06
0.12,0.62,0.58,0.0,0.0,0.34,0.28,0.72,0.0,0.18,0.0,0.22,0.06
0.34,0.28,0.06,0.03,0.0,0.42,0.08,0.62,0.28,0.46,0.02,0.0,0.38
0.42,0.38,0.12,0.14,0.03,0.46,0.1,0.62,0.22,0.78,0.08,0.01,0.18
0.35,0.22,0.32,0.0,0.12,0.34,0.28,0.62,0.0,0.55,0.18,0.0,0.08
0.0,0.62,0.55,0.48,0.06,0.72,0.58,0.66,0.34,0.86,0.08,0.0,0.12
0.05,0.42,0.08,0.12,0.04,0.22,0.18,0.62,0.18,0.0,0.06,0.0,0.08
0.22,0.18,0.08,0.0,0.0,0.34,0.18,0.62,0.06,0.48,0.06,0.14,0.12
0.0,0.55,0.05,0.15,0.0,0.18,0.08,0.55,0.12,0.75,0.0,0.0,0.0
0.55,0.25,0.35,0.0,0.0,0.55,0.35,0.75,0.0,0.8,0.7,0.0,0.25
0.22,0.28,0.03,0.0,0.0,0.18,0.05,0.62,0.0,0.0,0.34,0.12,0.14
0.55,0.25,0.05,0.05,0.0,0.22,0.28,0.62,0.0,0.0,0.05,0.0,0.05
0.0,0.62,0.18,0.0,0.0,0.34,0.22,0.56,0.0,0.78,0.12,0.0,0.0
0.0,0.22,0.0,0.05,0.0,0.12,0.18,0.28,0.32,0.55,0.12,0.0,0.08
0.1,0.35,0.1,0.05,0.05,0.25,0.2,0.35,0.3,0.45,0.25,0.05,0.05
0.0,0.62,0.02,0.08,0.05,0.18,0.06,0.55,0.32,0.78,0.48,0.03,0.0
0.0,0.62,0.12,0.08,0.06,0.22,0.18,0.34,0.38,0.78,0.66,0.0,0.0
0.0,0.62,0.12,0.38,0.0,0.12,0.0,0.42,0.72,0.78,0.28,0.0,0.0
0.22,0.18,0.02,0.0,0.0,0.12,0.08,0.62,0.0,0.0,0.06,0.0,0.28
0.2,0.3,0.0,0.0,0.1,0.1,0.1,0.7,0.0,0.0,0.0,0.2,0.2
0.0,0.78,0.06,0.22,0.12,0.46,0.28,0.62,0.74,0.0,0.18,0.58,0.0
0.35,0.18,0.02,0.05,0.01,0.22,0.28,0.32,0.18,0.16,0.01,0.0,0.08
0.72,0.12,0.0,0.0,0.0,0.22,0.18,0.62,0.0,0.0,0.0,0.22,0.0
0.0,0.72,0.12,0.08,0.0,0.42,0.18,0.62,0.12,0.22,0.28,0.22,0.0
0.02,0.78,0.05,0.42,0.38,0.34,0.18,0.72,0.22,0.0,0.06,0.0,0.04
0.0,0.78,0.34,0.42,0.28,0.46,0.12,0.62,0.55,0.0,0.18,0.0,0.0
0.42,0.22,0.06,0.03,0.0,0.28,0.24,0.62,0.06,0.0,0.0,0.0,0.12
0.0,0.72,0.12,0.62,0.0,0.34,0.22,0.46,0.28,0.0,0.0,0.0,0.0
0.0,0.62,0.05,0.55,0.0,0.48,0.22,0.58,0.28,0.0,0.0,0.0,0.52
0.0,0.72,0.12,0.18,0.08,0.22,0.48,0.06,0.22,0.28,0.06,0.0,0.04
0.0,0.62,0.34,0.08,0.0,0.46,0.58,0.22,0.55,0.24,0.0,0.0,0.12
0.0,0.62,0.18,0.0,0.0,0.44,0.22,0.58,0.34,0.28,0.0,0.0,0.0
0.0,0.62,0.12,0.05,0.0,0.34,0.18,0.46,0.12,0.72,0.38,0.0,0.0
0.12,0.62,0.18,0.28,0.05,0.34,0.1,0.72,0.48,0.3,0.55,0.02,0.14
0.0,0.78,0.12,0.0,0.0,0.42,0.22,0.86,0.0,0.62,0.28,0.74,0.08
0.0,0.34,0.02,0.0,0.0,0.22,0.18,0.72,0.02,0.42,0.08,0.78,0.1
0.15,0.05,0.0,0.0,0.0,0.18,0.12,0.62,0.05,0.78,0.22,0.08,0.18
0.0,0.62,0.38,0.0,0.44,0.22,0.12,0.72,0.28,0.34,0.18,0.22,0.06
0.0,0.12,0.08,0.0,0.0,0.22,0.28,0.62,0.55,0.0,0.18,0.0,0.0
0.05,0.22,0.12,0.0,0.08,0.18,0.16,0.28,0.18,0.0,0.0,0.0,0.14
0.0,0.2,0.0,0.0,0.0,0.4,0.2,0.7,0.0,0.1,0.0,0.3,0.1
0.1,0.3,0.1,0.2,0.1,0.6,0.2,0.7,0.4,0.7,0.0,0.5,0.4
0.0,0.0,0.0,0.0,0.0,0.0,0.1,0.7,0.1,0.7,0.0,0.0,0.2
0.0,0.1,0.0,0.0,0.0,0.2,0.0,0.7,0.0,0.0,0.1,0.1,0.1
0.05,0.62,0.28,0.22,0.12,0.34,0.3,0.78,0.02,0.18,0.55,0.1,0.2
0.0,0.72,0.22,0.68,0.0,0.24,0.18,0.62,0.08,0.06,0.34,0.0,0.0
0.0,0.62,0.12,0.0,0.0,0.34,0.18,0.28,0.12,0.72,0.38,0.0,0.0
0.62,0.18,0.03,0.0,0.0,0.34,0.12,0.78,0.08,0.0,0.22,0.06,0.14
0.05,0.28,0.12,0.02,0.22,0.18,0.14,0.62,0.18,0.0,0.06,0.0,0.0
0.12,0.58,0.06,0.52,0.02,0.46,0.28,0.86,0.22,0.26,0.34,0.44,0.18
0.12,0.55,0.06,0.62,0.02,0.28,0.12,0.72,0.3,0.18,0.14,0.06,0.14
0.0,0.62,0.02,0.55,0.0,0.42,0.18,0.9,0.05,0.35,0.22,0.78,0.06
0.35,0.35,0.12,0.28,0.0,0.18,0.22,0.55,0.05,0.0,0.0,0.0,0.0
0.0,0.55,0.0,0.12,0.0,0.08,0.12,0.62,0.18,0.0,0.08,0.32,0.06
0.0,0.45,0.25,0.0,0.0,0.1,0.05,0.55,0.2,0.6,0.15,0.0,0.1
0.05,0.62,0.08,0.18,0.22,0.22,0.28,0.72,0.22,0.38,0.06,0.18,0.02
0.12,0.55,0.02,0.48,0.08,0.22,0.06,0.62,0.58,0.0,0.0,0.0,0.18
0.0,0.55,0.05,0.25,0.1,0.35,0.1,0.6,0.55,0.0,0.05,0.1,0.0
0.0,0.22,0.18,0.0,0.12,0.55,0.28,0.62,0.22,0.85,0.48,0.0,0.08
0.12,0.42,0.48,0.08,0.02,0.34,0.06,0.62,0.18,0.86,0.58,0.0,0.1
0.22,0.28,0.05,0.06,0.04,0.34,0.08,0.62,0.48,0.44,0.18,0.03,0.2
0.0,0.55,0.1,0.0,0.0,0.35,0.0,0.75,0.25,0.25,0.55,0.35,0.25
0.0,0.62,0.12,0.18,0.06,0.22,0.05,0.78,0.08,0.86,0.28,0.04,0.06
0.05,0.55,0.02,0.0,0.05,0.18,0.03,0.75,0.25,0.55,0.15,0.65,0.08
0.0,0.62,0.28,0.06,0.08,0.22,0.02,0.55,0.58,0.08,0.0,0.0,0.0
0.0,0.2,0.0,0.0,0.1,0.3,0.1,0.4,0.6,0.4,0.0,0.0,0.0
0.0,0.85,0.05,0.0,0.0,0.25,0.05,0.55,0.25,0.35,0.0,0.0,0.0
0.0,0.62,0.05,0.28,0.0,0.34,0.06,0.38,0.32,0.72,0.0,0.0,0.0
0.0,0.55,0.0,0.0,0.0,0.12,0.0,0.35,0.35,0.45,0.0,0.0,0.0
0.1,0.4,0.1,0.0,0.0,0.3,0.1,0.7,0.0,0.3,0.4,0.5,0.0
0.12,0.34,0.28,0.0,0.0,0.18,0.12,0.62,0.22,0.55,0.28,0.12,0.14
0.0,0.55,0.1,0.15,0.0,0.1,0.0,0.45,0.35,0.75,0.1,0.35,0.0
0.0,0.72,0.12,0.08,0.0,0.22,0.18,0.62,0.22,0.0,0.0,0.0,0.14
0.05,0.55,0.12,0.05,0.08,0.22,0.1,0.7,0.0,0.55,0.35,0.18,0.1
0.0,0.55,0.05,0.0,0.12,0.42,0.08,0.78,0.32,0.62,0.12,0.0,0.05
0.2,0.1,0.0,0.0,0.0,0.3,0.0,0.6,0.0,0.3,0.0,0.0,0.1
0.0,0.35,0.0,0.0,0.0,0.25,0.15,0.35,0.55,0.0,0.0,0.0,0.0
0.12,0.62,0.18,0.06,0.02,0.18,0.22,0.58,0.22,0.28,0.04,0.46,0.1
0.0,0.72,0.42,0.08,0.28,0.34,0.22,0.62,0.0,0.78,0.38,0.0,0.0
0.22,0.28,0.18,0.0,0.0,0.34,0.12,0.62,0.0,0.72,0.12,0.0,0.08
0.55,0.12,0.03,0.0,0.0,0.22,0.18,0.62,0.28,0.48,0.05,0.0,0.12
0.22,0.0,0.0,0.0,0.0,0.06,0.0,0.62,0.34,0.12,0.0,0.18,0.14
0.22,0.52,0.06,0.48,0.04,0.34,0.18,0.62,0.44,0.02,0.18,0.06,0.3
0.22,0.55,0.12,0.0,0.48,0.18,0.22,0.78,0.32,0.0,0.05,0.72,0.18
0.38,0.22,0.1,0.0,0.18,0.12,0.16,0.62,0.0,0.18,0.0,0.22,0.14
0.22,0.62,0.08,0.0,0.55,0.18,0.12,0.78,0.08,0.05,0.18,0.48,0.34
0.62,0.22,0.06,0.0,0.12,0.28,0.08,0.72,0.22,0.18,0.0,0.0,0.34
0.34,0.28,0.12,0.0,0.18,0.12,0.14,0.62,0.18,0.22,0.06,0.22,0.26
0.18,0.12,0.03,0.0,0.0,0.14,0.08,0.72,0.12,0.38,0.22,0.16,0.24
0.42,0.12,0.03,0.0,0.0,0.12,0.08,0.62,0.22,0.0,0.0,0.18,0.24
0.42,0.22,0.06,0.0,0.0,0.06,0.08,0.62,0.28,0.0,0.0,0.26,0.18
0.42,0.12,0.08,0.0,0.0,0.08,0.06,0.72,0.05,0.18,0.04,0.22,0.34
0.1,0.0,0.0,0.0,0.0,0.7,0.1,0.6,0.2,0.3,0.0,0.0,0.0
0.62,0.08,0.06,0.0,0.0,0.12,0.05,0.55,0.58,0.22,0.12,0.06,0.08
0.22,0.12,0.06,0.0,0.0,0.18,0.05,0.62,0.12,0.28,0.14,0.06,0.24
0.0,0.55,0.25,0.05,0.0,0.35,0.45,0.6,0.25,0.2,0.1,0.0,0.0
0.0,0.55,0.6,0.0,0.0,0.45,0.35,0.75,0.0,0.0,0.1,0.1,0.35
0.0,0.55,0.35,0.0,0.0,0.45,0.4,0.75,0.0,0.0,0.15,0.05,0.2
0.0,0.78,0.34,0.0,0.0,0.22,0.06,0.62,0.18,0.55,0.12,0.0,0.0
0.0,0.72,0.05,0.38,0.0,0.12,0.06,0.08,0.62,0.55,0.0,0.0,0.0
0.0,0.55,0.05,0.25,0.1,0.12,0.08,0.6,0.25,0.55,0.05,0.0,0.0
0.22,0.18,0.02,0.0,0.0,0.22,0.08,0.62,0.0,0.38,0.08,0.0,0.18
0.72,0.0,0.0,0.0,0.0,0.22,0.0,0.62,0.28,0.22,0.0,0.0,0.18
0.22,0.12,0.02,0.01,0.0,0.12,0.18,0.28,0.18,0.22,0.06,0.0,0.04
0.2,0.2,0.0,0.3,0.0,0.1,0.1,0.7,0.3,0.4,0.0,0.0,0.2
0.0,0.2,0.1,0.0,0.0,0.2,0.2,0.7,0.0,0.0,0.0,0.1,0.0
0.0,0.55,0.05,0.2,0.0,0.2,0.1,0.55,0.6,0.45,0.05,0.0,0.0
0.18,0.12,0.42,0.0,0.0,0.22,0.28,0.62,0.22,0.34,0.06,0.0,0.04
0.22,0.28,0.03,0.24,0.0,0.18,0.16,0.34,0.12,0.22,0.02,0.0,0.06
0.0,0.62,0.08,0.0,0.0,0.22,0.12,0.55,0.34,0.48,0.12,0.58,0.0
0.0,0.35,0.45,0.0,0.0,0.55,0.35,0.4,0.15,0.0,0.15,0.0,0.0
0.0,0.55,0.05,0.65,0.0,0.35,0.1,0.35,0.45,0.0,0.0,0.0,0.0
0.0,0.35,0.05,0.25,0.0,0.35,0.05,0.75,0.25,0.35,0.1,0.0,0.0
0.0,0.55,0.12,0.18,0.0,0.22,0.18,0.62,0.28,0.72,0.48,0.0,0.08
0.0,0.75,0.0,0.8,0.0,0.25,0.1,0.55,0.6,0.0,0.2,0.0,0.0
0.0,0.62,0.12,0.0,0.18,0.34,0.0,0.78,0.0,0.0,0.0,0.46,0.08
0.0,0.62,0.18,0.12,0.0,0.22,0.0,0.72,0.0,0.78,0.34,0.0,0.0
0.05,0.32,0.02,0.03,0.0,0.38,0.12,0.55,0.0,0.78,0.62,0.0,0.22
0.0,0.34,0.42,0.0,0.0,0.36,0.22,0.78,0.0,0.52,0.0,0.46,0.18
0.0,0.55,0.0,0.0,0.0,0.2,0.1,0.75,0.0,0.0,0.0,0.8,0.15
0.0,0.42,0.06,0.48,0.0,0.55,0.38,0.62,0.52,0.78,0.0,0.0,0.12
0.12,0.78,0.18,0.62,0.06,0.74,0.28,0.46,0.18,0.1,0.06,0.08,0.04
0.45,0.12,0.0,0.0,0.0,0.08,0.0,0.55,0.22,0.12,0.0,0.0,0.18
0.35,0.12,0.08,0.0,0.0,0.18,0.06,0.62,0.22,0.18,0.05,0.38,0.14
0.0,0.62,0.05,0.12,0.06,0.22,0.08,0.55,0.05,0.32,0.28,0.0,0.0
0.12,0.34,0.1,0.0,0.0,0.46,0.14,0.62,0.0,0.22,0.06,0.1,0.18
0.05,0.22,0.38,0.0,0.0,0.18,0.34,0.62,0.08,0.22,0.0,0.0,0.0
0.05,0.22,0.0,0.0,0.0,0.06,0.0,0.62,0.0,0.18,0.0,0.42,0.08
0.78,0.08,0.02,0.0,0.0,0.18,0.06,0.62,0.72,0.0,0.18,0.0,0.06
0.72,0.08,0.0,0.0,0.0,0.22,0.12,0.28,0.42,0.0,0.0,0.0,0.0
0.1,0.2,0.1,0.3,0.0,0.4,0.1,0.6,0.1,0.0,0.0,0.0,0.1
0.55,0.18,0.02,0.08,0.0,0.22,0.03,0.62,0.28,0.22,0.12,0.0,0.18
0.62,0.08,0.06,0.0,0.0,0.05,0.12,0.42,0.55,0.18,0.0,0.0,0.0
0.12,0.28,0.06,0.34,0.0,0.32,0.08,0.72,0.02,0.42,0.38,0.0,0.22
0.34,0.42,0.62,0.0,0.0,0.46,0.38,0.78,0.0,0.86,0.0,0.0,0.12
0.0,0.55,0.1,0.0,0.0,0.55,0.45,0.75,0.0,0.25,0.1,0.7,0.05
0.42,0.48,0.34,0.0,0.18,0.22,0.28,0.62,0.72,0.0,0.0,0.0,0.24
0.05,0.42,0.28,0.02,0.34,0.55,0.48,0.62,0.78,0.0,0.0,0.0,0.32
0.32,0.38,0.12,0.0,0.0,0.34,0.18,0.72,0.12,0.62,0.18,0.28,0.08
0.05,0.32,0.55,0.0,0.0,0.42,0.48,0.62,0.22,0.58,0.08,0.0,0.28
0.05,0.62,0.12,0.08,0.1,0.3,0.34,0.72,0.06,0.22,0.02,0.55,0.0
0.0,0.62,0.72,0.12,0.08,0.34,0.18,0.66,0.28,0.78,0.12,0.0,0.04
0.05,0.62,0.72,0.02,0.08,0.34,0.46,0.78,0.02,0.86,0.38,0.0,0.0
0.18,0.14,0.22,0.0,0.12,0.34,0.18,0.62,0.22,0.48,0.0,0.0,0.06
0.0,0.62,0.58,0.05,0.0,0.46,0.55,0.72,0.0,0.78,0.42,0.34,0.0
0.03,0.42,0.18,0.05,0.04,0.3,0.34,0.62,0.22,0.7,0.38,0.0,0.06
0.22,0.34,0.18,0.0,0.0,0.46,0.24,0.62,0.0,0.72,0.28,0.0,0.18
